run,auc_patch_model,auc_patch_semantic_model,delta_auc_semantic_prompt,auc_patch_only,auc_patch_plus_semantic,delta_auc_semantic_over_patch
1,0.5727678571428573,0.6770089285714286,0.10424107142857131,0.5915178571428572,0.6709821428571429,0.07946428571428565
2,0.6003787878787878,0.6872632575757576,0.08688446969696972,0.5969460227272727,0.6330492424242424,0.036103219696969724
3,0.566189236111111,0.6575520833333333,0.09136284722222221,0.6119791666666666,0.6671006944444444,0.05512152777777779
4,0.5910467128027681,0.59375,0.002703287197231896,0.588235294117647,0.6084558823529412,0.020220588235294268
5,0.5653508771929826,0.5868421052631579,0.02149122807017534,0.581359649122807,0.556359649122807,-0.025000000000000022
6,0.5744810744810744,0.7147741147741148,0.14029304029304035,0.5741147741147741,0.7035409035409035,0.1294261294261294
7,0.6465573770491803,0.608743169398907,-0.03781420765027321,0.60775956284153,0.6061202185792349,-0.0016393442622950616
8,0.5841325196163906,0.5780296425457715,-0.006102877070619073,0.5624455100261552,0.6122493461203139,0.04980383609415873
9,0.5627540043031317,0.4202725316758308,-0.14248147262730093,0.5633516614869711,0.42242409753765237,-0.14092756394931877
10,0.6102925243770314,0.5772481040086673,-0.03304442036836408,0.5840736728060671,0.5748645720476707,-0.009209100758396427
11,0.4990249187432286,0.4988082340195016,-0.00021668472372698977,0.5152762730227519,0.537919826652221,0.022643553629469126
12,0.5477430555555556,0.5379774305555556,-0.009765625,0.5376519097222221,0.5632595486111112,0.02560763888888906
13,0.6251358991085019,0.5733855185909981,-0.0517503805175038,0.6161121983039791,0.4823874755381604,-0.1337247227658187
14,0.5365766196509681,0.48505857040401623,-0.051518049246951914,0.5539086779823094,0.5352617738465216,-0.018646904135787734
15,0.5785590277777777,0.6487630208333334,0.07020399305555569,0.5686848958333334,0.6166449652777779,0.04796006944444453
16,0.6575892857142858,0.6306919642857143,-0.026897321428571486,0.68359375,0.6389508928571428,-0.044642857142857206
17,0.5942704863424384,0.6053741949811237,0.011103708638685261,0.6025982678214523,0.593049078392183,-0.0095491894292693
18,0.5796135909393738,0.6193648678658672,0.039751276926493384,0.5541860981567844,0.5958250055518542,0.04163890739506981
19,0.600503663003663,0.7456501831501832,0.14514652014652019,0.5995879120879122,0.7593864468864469,0.15979853479853467
20,0.6145328719723183,0.4378316032295271,-0.17670126874279124,0.609919261822376,0.44348327566320644,-0.16643598615916955
21,0.5517279330838653,0.6458287475236628,0.09410081443979756,0.5073739819502532,0.6519920757208892,0.14461809377063606
22,0.5493186242699546,0.5521306510923643,0.0028120268224096634,0.5292018170019468,0.6019900497512438,0.07278823274929702
23,0.46912242686890576,0.6509209100758396,0.18179848320693387,0.4629469122426869,0.6590465872156013,0.19609967497291436
24,0.568953488372093,0.5348837209302325,-0.03406976744186052,0.5709302325581396,0.503953488372093,-0.0669767441860466
25,0.6322914373761831,0.6315210213515298,-0.0007704160246533309,0.6528725511776359,0.6080783623156505,-0.044794188861985385
26,0.6082899305555556,0.5563151041666666,-0.05197482638888895,0.5667317708333333,0.5682508680555555,0.0015190972222222099
27,0.6192640692640692,0.672943722943723,0.05367965367965377,0.6495670995670995,0.6461038961038961,-0.0034632034632033903
28,0.611600264142637,0.5655954215276249,-0.04600484261501214,0.5735197006383448,0.5829848117983711,0.009465111160026352
29,0.5662053056516724,0.656170703575548,0.08996539792387559,0.6223760092272203,0.6606689734717416,0.03829296424452133
30,0.6111607142857143,0.5521205357142858,-0.059040178571428514,0.61953125,0.5744419642857141,-0.04508928571428583
