classifier,feature_set,accuracy_mean,accuracy_std,balanced_accuracy_mean,balanced_accuracy_std,precision_1_mean,precision_1_std,recall_1_mean,recall_1_std,f1_1_mean,f1_1_std,roc_auc_mean,roc_auc_std,pr_auc_mean,pr_auc_std
logistic_regression,Density + Security-Relevant,0.5700980392156862,0.05416152276720804,0.5689253092090067,0.053295384708031274,0.5332056089979852,0.10464803977241142,0.5417478547982691,0.08490399128669271,0.5310051231040532,0.07251828546575961,0.5982039786707941,0.07538445520216557,0.5659850099515767,0.10505957565909561
logistic_regression,Density + Technical,0.5176470588235295,0.0809998224966053,0.5158915075788477,0.08104854533950195,0.47844003888411785,0.09896446590643437,0.4918690989457653,0.10849682017819925,0.47797392773481345,0.08367114737890044,0.5264989451342228,0.07706468383480106,0.5391627951397442,0.0857857198828923
logistic_regression,Density + Technical + Security-Relevant,0.5637254901960784,0.058611857154921045,0.5633648714267118,0.05735800119760733,0.5283272445324875,0.10974728911317057,0.5379722170457154,0.08751064577906695,0.5256625704162033,0.07460189745803092,0.5861513364371262,0.0788759669674901,0.5564794256176175,0.10445632632243886
logistic_regression,Density / Complexity,0.515686274509804,0.06666020332189543,0.512281125230436,0.06985667198451186,0.4721858083651814,0.09960216831703869,0.4996649717212393,0.1141528352052623,0.479824576363031,0.08941775139415284,0.5335902795996466,0.07475084961527852,0.5398927887024264,0.07846585714188223
logistic_regression,Security-Relevant Semantics,0.5936274509803922,0.06044708411598631,0.5912301420624412,0.06482515922092202,0.5573410546748984,0.11329315147666962,0.550134566568404,0.10935592602472671,0.5471265371597478,0.08784197968101047,0.6120863477888072,0.08062465393884374,0.5770198822907767,0.10476987792650014
logistic_regression,Technical + Security-Relevant,0.5764705882352941,0.06327007392994592,0.5744392588129897,0.06712942871534505,0.5395777738057149,0.11688519272174949,0.5346602911859756,0.10528965107155873,0.530410498246581,0.08809678399560285,0.5964944055978351,0.08408610782938258,0.5686046126173476,0.10538320094778071
logistic_regression,Technical Evidence,0.4725490196078431,0.07149657844003601,0.47719261676099295,0.06732186921635695,0.44069369403479813,0.10010612665954124,0.5645663042278489,0.11482358789798089,0.48965438145715573,0.09421470803705013,0.48248612480918923,0.07574130263415443,0.47517560842205087,0.08913338171404359
random_forest,Density + Security-Relevant,0.5235294117647059,0.056177824606941755,0.5263562979730162,0.05401096789875362,0.4872472350101826,0.1048010680143031,0.48332580883741344,0.10594476504752977,0.47477782869373547,0.0726208995078919,0.5448734833536165,0.06645595776214686,0.5448962385037284,0.09458058572209754
random_forest,Density + Technical,0.5220588235294118,0.07677910149229078,0.5243333477843027,0.07000445249075883,0.4855673217892645,0.08783452580120359,0.4873475224103896,0.11493449831080034,0.4766213748011801,0.07528683326185796,0.5546803157134023,0.06323129374173704,0.5427089648447564,0.08419283123743934
random_forest,Density + Technical + Security-Relevant,0.5323529411764706,0.06847757225835538,0.5381603908033903,0.06449632947089415,0.5008454446453673,0.10404816843027985,0.496218714639797,0.122585386091073,0.48469611184075145,0.07784799518881971,0.5514226434119361,0.06825818339958652,0.5442600102443964,0.09685940253730639
random_forest,Density / Complexity,0.5259803921568628,0.06394809510281885,0.529299613517521,0.05715192254465721,0.49055224300416284,0.08819810518008228,0.4924646039702099,0.10212226139608314,0.4816335849723249,0.06611095737895209,0.543316075425425,0.06469663373945492,0.5455411724856687,0.08127986484897624
random_forest,Security-Relevant Semantics,0.5186274509803922,0.06988251571363108,0.5215300963127911,0.07477434822207897,0.4889159956400668,0.1405819542579114,0.4623177393183942,0.10693769267941448,0.4623890580922635,0.08672928114249392,0.5118943820685725,0.08471270226203956,0.5161233662799978,0.11420427974977083
random_forest,Technical + Security-Relevant,0.5524509803921569,0.07485452356223363,0.5545556853327792,0.07430746415906782,0.5204129374166139,0.12227257757588719,0.501266184958438,0.10609425604147286,0.500927743255863,0.08684162339308929,0.5542339782086241,0.08622902698046792,0.5448004662236109,0.11025303513621723
random_forest,Technical Evidence,0.5382352941176471,0.0801855472651772,0.5298515142538797,0.07514061631311265,0.5051762224488617,0.13100370311302773,0.38932583025202977,0.10588631534052007,0.4298822171031759,0.08815935442780286,0.5296336910548995,0.08743019334264558,0.5082812425051807,0.08889349339118433
