accuracy,balanced_accuracy,precision_1,recall_1,f1_1,roc_auc,pr_auc,tn,fp,fn,tp,run,seed,classifier,feature_set,n_features
0.47058823529411764,0.4803571428571428,0.39473684210526316,0.5357142857142857,0.45454545454545453,0.50625,0.4320499291372531,34,46,26,30,1,42,logistic_regression,Density / Complexity,13
0.5588235294117647,0.5446428571428572,0.4642857142857143,0.4642857142857143,0.4642857142857143,0.5616071428571429,0.4904142585571092,50,30,30,26,1,42,random_forest,Density / Complexity,13
0.5294117647058824,0.5303571428571429,0.4411764705882353,0.5357142857142857,0.4838709677419355,0.5339285714285715,0.4491367819446164,42,38,26,30,1,42,logistic_regression,Technical Evidence,6
0.5147058823529411,0.5151785714285715,0.4264705882352941,0.5178571428571429,0.46774193548387094,0.5678571428571428,0.46794399767693506,41,39,27,29,1,42,random_forest,Technical Evidence,6
0.5882352941176471,0.5696428571428571,0.5,0.4642857142857143,0.48148148148148145,0.6366071428571428,0.5106035974493487,54,26,30,26,1,42,logistic_regression,Security-Relevant Semantics,30
0.47058823529411764,0.46964285714285714,0.38235294117647056,0.4642857142857143,0.41935483870967744,0.5178571428571429,0.4694142604648326,38,42,30,26,1,42,random_forest,Security-Relevant Semantics,30
0.4411764705882353,0.4446428571428571,0.3611111111111111,0.4642857142857143,0.40625,0.49888392857142855,0.4337598676945686,34,46,30,26,1,42,logistic_regression,Density + Technical,19
0.5588235294117647,0.5553571428571429,0.46875,0.5357142857142857,0.5,0.5991071428571428,0.520323157326972,46,34,26,30,1,42,random_forest,Density + Technical,19
0.6176470588235294,0.6053571428571429,0.5357142857142857,0.5357142857142857,0.5357142857142857,0.6160714285714286,0.4959563076633178,54,26,26,30,1,42,logistic_regression,Density + Security-Relevant,43
0.6176470588235294,0.6160714285714286,0.53125,0.6071428571428571,0.5666666666666667,0.575,0.5917882527831558,50,30,22,34,1,42,random_forest,Density + Security-Relevant,43
0.5882352941176471,0.5696428571428571,0.5,0.4642857142857143,0.48148148148148145,0.6238839285714286,0.5043994395041194,54,26,30,26,1,42,logistic_regression,Technical + Security-Relevant,36
0.5294117647058824,0.5196428571428571,0.43333333333333335,0.4642857142857143,0.4482758620689655,0.5919642857142857,0.5666030541868263,46,34,30,26,1,42,random_forest,Technical + Security-Relevant,36
0.5882352941176471,0.5696428571428571,0.5,0.4642857142857143,0.48148148148148145,0.6125,0.498131947656157,54,26,30,26,1,42,logistic_regression,Density + Technical + Security-Relevant,49
0.6176470588235294,0.6160714285714286,0.53125,0.6071428571428571,0.5666666666666667,0.6205357142857143,0.59666609234818,50,30,22,34,1,42,random_forest,Density + Technical + Security-Relevant,49
0.4117647058823529,0.36553030303030304,0.19230769230769232,0.20833333333333334,0.2,0.3816287878787878,0.3178774635815486,46,42,38,10,2,43,logistic_regression,Density / Complexity,13
0.5147058823529411,0.5255681818181819,0.375,0.5625,0.45,0.540719696969697,0.4033405290550689,43,45,21,27,2,43,random_forest,Density / Complexity,13
0.4264705882352941,0.5047348484848485,0.3557692307692308,0.7708333333333334,0.4868421052631579,0.5814393939393939,0.4161587702918348,21,67,11,37,2,43,logistic_regression,Technical Evidence,6
0.7058823529411765,0.668560606060606,0.5909090909090909,0.5416666666666666,0.5652173913043478,0.7035984848484849,0.5804255965388778,70,18,22,26,2,43,random_forest,Technical Evidence,6
0.5735294117647058,0.5520833333333334,0.4107142857142857,0.4791666666666667,0.4423076923076923,0.4741950757575757,0.3802412679295281,55,33,25,23,2,43,logistic_regression,Security-Relevant Semantics,30
0.4411764705882353,0.41666666666666663,0.26666666666666666,0.3333333333333333,0.2962962962962963,0.3910984848484848,0.3047645101013067,44,44,32,16,2,43,random_forest,Security-Relevant Semantics,30
0.4411764705882353,0.42613636363636365,0.28125,0.375,0.32142857142857145,0.3929924242424242,0.3329442574723557,42,46,30,18,2,43,logistic_regression,Density + Technical,19
0.5882352941176471,0.5965909090909092,0.4411764705882353,0.625,0.5172413793103449,0.5909090909090909,0.4227836619367508,50,38,18,30,2,43,random_forest,Density + Technical,19
0.5147058823529411,0.46875,0.3125,0.3125,0.3125,0.37121212121212116,0.3312915210522673,55,33,33,15,2,43,logistic_regression,Density + Security-Relevant,43
0.5588235294117647,0.5265151515151515,0.38461538461538464,0.4166666666666667,0.4,0.5018939393939394,0.39770366479925306,56,32,28,20,2,43,random_forest,Density + Security-Relevant,43
0.5294117647058824,0.5037878787878788,0.35714285714285715,0.4166666666666667,0.38461538461538464,0.48544034090909094,0.38407467698253545,52,36,28,20,2,43,logistic_regression,Technical + Security-Relevant,36
0.5588235294117647,0.5454545454545454,0.4,0.5,0.4444444444444444,0.5255681818181819,0.3777654312467909,52,36,24,24,2,43,random_forest,Technical + Security-Relevant,36
0.5441176470588235,0.5104166666666666,0.36538461538461536,0.3958333333333333,0.38,0.3858901515151515,0.3364235052184353,55,33,29,19,2,43,logistic_regression,Density + Technical + Security-Relevant,49
0.5294117647058824,0.5227272727272727,0.375,0.5,0.42857142857142855,0.5085227272727273,0.40894828169866715,48,40,24,24,2,43,random_forest,Density + Technical + Security-Relevant,49
0.5147058823529411,0.5078125,0.4807692307692308,0.390625,0.43103448275862066,0.529513888888889,0.5921433022610163,45,27,39,25,3,44,logistic_regression,Density / Complexity,13
0.5147058823529411,0.5078125,0.4807692307692308,0.390625,0.43103448275862066,0.5303819444444444,0.5771883366310845,45,27,39,25,3,44,random_forest,Density / Complexity,13
0.5294117647058824,0.53125,0.5,0.5625,0.5294117647058824,0.609375,0.6180047863240886,36,36,28,36,3,44,logistic_regression,Technical Evidence,6
0.6470588235294118,0.640625,0.6538461538461539,0.53125,0.5862068965517241,0.6805555555555556,0.5846875747949967,54,18,30,34,3,44,random_forest,Technical Evidence,6
0.6323529411764706,0.6241319444444444,0.6458333333333334,0.484375,0.5535714285714286,0.6948784722222222,0.6578495343314583,55,17,33,31,3,44,logistic_regression,Security-Relevant Semantics,30
0.5147058823529411,0.5043402777777778,0.4772727272727273,0.328125,0.3888888888888889,0.5230034722222222,0.529937122117687,49,23,43,21,3,44,random_forest,Security-Relevant Semantics,30
0.6029411764705882,0.5980902777777778,0.5892857142857143,0.515625,0.55,0.5616319444444445,0.6294848490320449,49,23,31,33,3,44,logistic_regression,Density + Technical,19
0.4852941176470588,0.4800347222222222,0.44642857142857145,0.390625,0.4166666666666667,0.603298611111111,0.6627324419958072,41,31,39,25,3,44,random_forest,Density + Technical,19
0.6029411764705882,0.5980902777777778,0.5892857142857143,0.515625,0.55,0.6449652777777779,0.6327964098870095,49,23,31,33,3,44,logistic_regression,Density + Security-Relevant,43
0.5294117647058824,0.5208333333333333,0.5,0.375,0.42857142857142855,0.5902777777777779,0.5932709713843412,48,24,40,24,3,44,random_forest,Density + Security-Relevant,43
0.6323529411764706,0.6241319444444444,0.6458333333333334,0.484375,0.5535714285714286,0.6901041666666667,0.6550878159788344,55,17,33,31,3,44,logistic_regression,Technical + Security-Relevant,36
0.6176470588235294,0.6111111111111112,0.6153846153846154,0.5,0.5517241379310345,0.6137152777777778,0.6145533860149671,52,20,32,32,3,44,random_forest,Technical + Security-Relevant,36
0.6323529411764706,0.6258680555555556,0.6346153846153846,0.515625,0.5689655172413793,0.6411675347222223,0.6275190467487717,53,19,31,33,3,44,logistic_regression,Density + Technical + Security-Relevant,49
0.5147058823529411,0.5008680555555556,0.4722222222222222,0.265625,0.34,0.615451388888889,0.6149133382000455,53,19,47,17,3,44,random_forest,Density + Technical + Security-Relevant,49
0.4852941176470588,0.4852941176470588,0.4880952380952381,0.6029411764705882,0.5394736842105263,0.44463667820069197,0.4777934046160737,25,43,27,41,4,45,logistic_regression,Density / Complexity,13
0.5147058823529411,0.5147058823529411,0.515625,0.4852941176470588,0.5,0.5121107266435987,0.538119792953084,37,31,35,33,4,45,random_forest,Density / Complexity,13
0.4852941176470588,0.48529411764705876,0.48333333333333334,0.4264705882352941,0.453125,0.5164359861591696,0.5229283495204986,37,31,39,29,4,45,logistic_regression,Technical Evidence,6
0.47058823529411764,0.47058823529411764,0.46875,0.4411764705882353,0.45454545454545453,0.4749134948096886,0.4810610204570712,34,34,38,30,4,45,random_forest,Technical Evidence,6
0.5735294117647058,0.5735294117647058,0.5833333333333334,0.5147058823529411,0.546875,0.6046712802768166,0.578355331178676,43,25,33,35,4,45,logistic_regression,Security-Relevant Semantics,30
0.5735294117647058,0.5735294117647058,0.6136363636363636,0.39705882352941174,0.48214285714285715,0.5882352941176471,0.595294267903115,51,17,41,27,4,45,random_forest,Security-Relevant Semantics,30
0.47058823529411764,0.47058823529411764,0.475,0.5588235294117647,0.5135135135135135,0.4323096885813149,0.49882713705655296,26,42,30,38,4,45,logistic_regression,Density + Technical,19
0.5,0.5,0.5,0.5294117647058824,0.5142857142857142,0.5242214532871973,0.5467037752315884,32,36,32,36,4,45,random_forest,Density + Technical,19
0.6029411764705882,0.6029411764705882,0.6029411764705882,0.6029411764705882,0.6029411764705882,0.634083044982699,0.5932777121744008,41,27,27,41,4,45,logistic_regression,Density + Security-Relevant,43
0.5735294117647058,0.5735294117647058,0.5892857142857143,0.4852941176470588,0.532258064516129,0.5847750865051903,0.5666851778117215,45,23,35,33,4,45,random_forest,Density + Security-Relevant,43
0.5735294117647058,0.5735294117647058,0.5833333333333334,0.5147058823529411,0.546875,0.5977508650519032,0.5569426419415283,43,25,33,35,4,45,logistic_regression,Technical + Security-Relevant,36
0.6470588235294118,0.6470588235294118,0.6785714285714286,0.5588235294117647,0.6129032258064516,0.6349480968858132,0.5979516352532878,50,18,30,38,4,45,random_forest,Technical + Security-Relevant,36
0.6029411764705882,0.6029411764705882,0.6029411764705882,0.6029411764705882,0.6029411764705882,0.6253243944636678,0.5874223268414712,41,27,27,41,4,45,logistic_regression,Density + Technical + Security-Relevant,49
0.5441176470588235,0.5441176470588235,0.5576923076923077,0.4264705882352941,0.48333333333333334,0.5873702422145328,0.5677911874743257,45,23,39,29,4,45,random_forest,Density + Technical + Security-Relevant,49
0.5882352941176471,0.5719298245614035,0.5416666666666666,0.43333333333333335,0.48148148148148145,0.6026315789473684,0.5555166134798988,54,22,34,26,5,46,logistic_regression,Density / Complexity,13
0.47058823529411764,0.4736842105263158,0.4166666666666667,0.5,0.45454545454545453,0.4359649122807018,0.48169275705189607,34,42,30,30,5,46,random_forest,Density / Complexity,13
0.4264705882352941,0.42543859649122806,0.36764705882352944,0.4166666666666667,0.390625,0.4780701754385965,0.43877777787385297,33,43,35,25,5,46,logistic_regression,Technical Evidence,6
0.6029411764705882,0.5903508771929824,0.5576923076923077,0.48333333333333334,0.5178571428571429,0.5342105263157895,0.5108503343843945,53,23,31,29,5,46,random_forest,Technical Evidence,6
0.6029411764705882,0.5973684210526315,0.55,0.55,0.55,0.6236842105263158,0.5286069487513091,49,27,27,33,5,46,logistic_regression,Security-Relevant Semantics,30
0.5294117647058824,0.5192982456140351,0.4642857142857143,0.43333333333333335,0.4482758620689655,0.45526315789473687,0.47775032608476636,46,30,34,26,5,46,random_forest,Security-Relevant Semantics,30
0.5588235294117647,0.5385964912280702,0.5,0.36666666666666664,0.4230769230769231,0.5535087719298246,0.5195843352891066,54,22,38,22,5,46,logistic_regression,Density + Technical,19
0.38235294117647056,0.387719298245614,0.34210526315789475,0.43333333333333335,0.38235294117647056,0.4175438596491228,0.4490689737345187,26,50,34,26,5,46,random_forest,Density + Technical,19
0.5882352941176471,0.5719298245614035,0.5416666666666666,0.43333333333333335,0.48148148148148145,0.6447368421052632,0.5607464478545042,54,22,34,26,5,46,logistic_regression,Density + Security-Relevant,43
0.5147058823529411,0.518421052631579,0.4583333333333333,0.55,0.5,0.44912280701754387,0.49904901615571096,37,39,27,33,5,46,random_forest,Density + Security-Relevant,43
0.5735294117647058,0.5640350877192982,0.5178571428571429,0.48333333333333334,0.5,0.5964912280701754,0.5162389758933877,49,27,31,29,5,46,logistic_regression,Technical + Security-Relevant,36
0.5294117647058824,0.512280701754386,0.4583333333333333,0.36666666666666664,0.4074074074074074,0.4850877192982457,0.4874009649110864,50,26,38,22,5,46,random_forest,Technical + Security-Relevant,36
0.5735294117647058,0.5535087719298246,0.5227272727272727,0.38333333333333336,0.4423076923076923,0.6210526315789474,0.543999007936508,55,21,37,23,5,46,logistic_regression,Density + Technical + Security-Relevant,49
0.4852941176470588,0.49210526315789477,0.4342105263157895,0.55,0.4852941176470588,0.42894736842105263,0.4125874202610846,33,43,27,33,5,46,random_forest,Density + Technical + Security-Relevant,49
0.5808823529411765,0.58009768009768,0.40625,0.5777777777777777,0.47706422018348627,0.6411477411477411,0.5175313625913939,53,38,19,26,6,47,logistic_regression,Density / Complexity,13
0.7132352941176471,0.6846153846153846,0.5625,0.6,0.5806451612903226,0.7114774114774114,0.5044276094276094,70,21,18,27,6,47,random_forest,Density / Complexity,13
0.3897058823529412,0.39792429792429795,0.25,0.4222222222222222,0.3140495867768595,0.3813186813186813,0.2813506748804247,34,57,26,19,6,47,logistic_regression,Technical Evidence,6
0.5367647058823529,0.563980463980464,0.3815789473684211,0.6444444444444445,0.4793388429752066,0.5981684981684982,0.42128713213680535,44,47,16,29,6,47,random_forest,Technical Evidence,6
0.5808823529411765,0.58009768009768,0.40625,0.5777777777777777,0.47706422018348627,0.5415140415140415,0.3941643952755064,53,38,19,26,6,47,logistic_regression,Security-Relevant Semantics,30
0.5220588235294118,0.5136752136752136,0.34375,0.4888888888888889,0.4036697247706422,0.5356532356532356,0.4409789987785146,49,42,23,22,6,47,random_forest,Security-Relevant Semantics,30
0.6544117647058824,0.6743589743589744,0.4852941176470588,0.7333333333333333,0.584070796460177,0.6509157509157509,0.47366138341944797,56,35,12,33,6,47,logistic_regression,Density + Technical,19
0.6691176470588235,0.6684981684981685,0.5,0.6666666666666666,0.5714285714285714,0.7124542124542124,0.5046461907975066,61,30,15,30,6,47,random_forest,Density + Technical,19
0.5808823529411765,0.58009768009768,0.40625,0.5777777777777777,0.47706422018348627,0.5473748473748473,0.40362879625210063,53,38,19,26,6,47,logistic_regression,Density + Security-Relevant,43
0.6102941176470589,0.5796092796092795,0.4230769230769231,0.4888888888888889,0.4536082474226804,0.6372405372405372,0.4525887523468169,61,30,23,22,6,47,random_forest,Density + Security-Relevant,43
0.5514705882352942,0.5581196581196581,0.38235294117647056,0.5777777777777777,0.46017699115044247,0.5278388278388279,0.3871529300382347,49,42,19,26,6,47,logistic_regression,Technical + Security-Relevant,36
0.6102941176470589,0.6245421245421245,0.4411764705882353,0.6666666666666666,0.5309734513274337,0.5971916971916971,0.4904227229030097,53,38,15,30,6,47,random_forest,Technical + Security-Relevant,36
0.5808823529411765,0.58009768009768,0.40625,0.5777777777777777,0.47706422018348627,0.523931623931624,0.3854259936880606,53,38,19,26,6,47,logistic_regression,Density + Technical + Security-Relevant,49
0.6544117647058824,0.6743589743589744,0.4852941176470588,0.7333333333333333,0.584070796460177,0.6802197802197802,0.5269624801353997,56,35,12,33,6,47,random_forest,Density + Technical + Security-Relevant,49
0.4485294117647059,0.4510382513661202,0.4027777777777778,0.47540983606557374,0.43609022556390975,0.4760655737704918,0.4702392902779976,32,43,32,29,7,48,logistic_regression,Density / Complexity,13
0.49264705882352944,0.486448087431694,0.43333333333333335,0.4262295081967213,0.4297520661157025,0.5380327868852459,0.518941963581073,41,34,35,26,7,48,random_forest,Density / Complexity,13
0.40441176470588236,0.42480874316939893,0.3958333333333333,0.6229508196721312,0.4840764331210191,0.4558469945355192,0.43488591397296883,17,58,23,38,7,48,logistic_regression,Technical Evidence,6
0.6102941176470589,0.5900546448087431,0.6,0.39344262295081966,0.4752475247524752,0.6280874316939891,0.5656404490415538,59,16,37,24,7,48,random_forest,Technical Evidence,6
0.5661764705882353,0.5607650273224043,0.5166666666666667,0.5081967213114754,0.512396694214876,0.5826229508196721,0.5421273579418605,46,29,30,31,7,48,logistic_regression,Security-Relevant Semantics,30
0.5367647058823529,0.5279781420765027,0.48214285714285715,0.4426229508196721,0.46153846153846156,0.525792349726776,0.4911133376233716,46,29,34,27,7,48,random_forest,Security-Relevant Semantics,30
0.4338235294117647,0.43311475409836064,0.38235294117647056,0.4262295081967213,0.40310077519379844,0.5030601092896175,0.4650896336775336,33,42,35,26,7,48,logistic_regression,Density + Technical,19
0.49264705882352944,0.48032786885245904,0.4230769230769231,0.36065573770491804,0.3893805309734513,0.5485245901639344,0.508135643924086,45,30,39,22,7,48,random_forest,Density + Technical,19
0.5073529411764706,0.5013114754098361,0.45,0.4426229508196721,0.4462809917355372,0.5573770491803278,0.48476376379469077,42,33,34,27,7,48,logistic_regression,Density + Security-Relevant,43
0.49264705882352944,0.48032786885245904,0.4230769230769231,0.36065573770491804,0.3893805309734513,0.48382513661202187,0.4925827517459622,45,30,39,22,7,48,random_forest,Density + Security-Relevant,43
0.5955882352941176,0.587431693989071,0.5535714285714286,0.5081967213114754,0.5299145299145299,0.5887431693989071,0.5378685899231629,50,25,30,31,7,48,logistic_regression,Technical + Security-Relevant,36
0.5808823529411765,0.572568306010929,0.5357142857142857,0.4918032786885246,0.5128205128205128,0.6438251366120218,0.5750708615929965,49,26,31,30,7,48,random_forest,Technical + Security-Relevant,36
0.5367647058823529,0.5279781420765027,0.48214285714285715,0.4426229508196721,0.46153846153846156,0.5509289617486339,0.4747694646335829,46,29,34,27,7,48,logistic_regression,Density + Technical + Security-Relevant,49
0.5514705882352942,0.5459016393442623,0.5,0.4918032786885246,0.49586776859504134,0.552896174863388,0.534923700472665,45,30,31,30,7,48,random_forest,Density + Technical + Security-Relevant,49
0.5294117647058824,0.524411508282476,0.48333333333333334,0.46774193548387094,0.47540983606557374,0.522667829119442,0.5052592573917555,43,31,33,29,8,49,logistic_regression,Density / Complexity,13
0.5,0.505231037489102,0.4605263157894737,0.5645161290322581,0.5072463768115942,0.529642545771578,0.5148493950709212,33,41,27,35,8,49,random_forest,Density / Complexity,13
0.6470588235294118,0.6534437663469921,0.5921052631578947,0.7258064516129032,0.6521739130434783,0.615954664341761,0.5496455760202437,43,31,17,45,8,49,logistic_regression,Technical Evidence,6
0.38235294117647056,0.3735832606800349,0.30357142857142855,0.27419354838709675,0.288135593220339,0.3360941586748038,0.3961702706813498,35,39,45,17,8,49,random_forest,Technical Evidence,6
0.5735294117647058,0.5897994768962511,0.5217391304347826,0.7741935483870968,0.6233766233766234,0.6228204010462075,0.5649043353131553,30,44,14,48,8,49,logistic_regression,Security-Relevant Semantics,30
0.5,0.507846556233653,0.4625,0.5967741935483871,0.5211267605633803,0.488666085440279,0.47450380251673674,31,43,25,37,8,49,random_forest,Security-Relevant Semantics,30
0.5441176470588235,0.5287707061900611,0.5,0.3548387096774194,0.41509433962264153,0.5086094158674803,0.4967514552435166,52,22,40,22,8,49,logistic_regression,Density + Technical,19
0.5735294117647058,0.555797733217088,0.55,0.3548387096774194,0.43137254901960786,0.541848299912816,0.526241564420724,56,18,40,22,8,49,random_forest,Density + Technical,19
0.5441176470588235,0.5575414123801221,0.5,0.7096774193548387,0.5866666666666667,0.545335658238884,0.4856427931389442,30,44,18,44,8,49,logistic_regression,Density + Security-Relevant,43
0.5,0.497384481255449,0.453125,0.46774193548387094,0.4603174603174603,0.541848299912816,0.5431482824301073,39,35,33,29,8,49,random_forest,Density + Security-Relevant,43
0.5882352941176471,0.5993897122929381,0.5357142857142857,0.7258064516129032,0.6164383561643836,0.6193330427201394,0.5770252000774103,35,39,17,45,8,49,logistic_regression,Technical + Security-Relevant,36
0.4411764705882353,0.451176983435048,0.4166666666666667,0.5645161290322581,0.4794520547945205,0.476460331299041,0.5187935269979862,25,49,27,35,8,49,random_forest,Technical + Security-Relevant,36
0.5147058823529411,0.530514385353095,0.4782608695652174,0.7096774193548387,0.5714285714285714,0.53487358326068,0.4928746705228185,26,48,18,44,8,49,logistic_regression,Density + Technical + Security-Relevant,49
0.6176470588235294,0.6133391455972101,0.5833333333333334,0.5645161290322581,0.5737704918032787,0.6150828247602442,0.5735771844642812,49,25,27,35,8,49,random_forest,Density + Technical + Security-Relevant,49
0.5220588235294118,0.4842218503466412,0.6428571428571429,0.6067415730337079,0.6242774566473989,0.5148218981592159,0.7012792175879459,17,30,35,54,9,50,logistic_regression,Density / Complexity,13
0.4632352941176471,0.5095625149414296,0.6666666666666666,0.3595505617977528,0.46715328467153283,0.48230934735835523,0.7170081099888203,31,16,57,32,9,50,random_forest,Density / Complexity,13
0.47794117647058826,0.45553430552235236,0.618421052631579,0.5280898876404494,0.5696969696969697,0.45983743724599574,0.6538710157571537,18,29,42,47,9,50,logistic_regression,Technical Evidence,6
0.47794117647058826,0.5258187903418599,0.6875,0.3707865168539326,0.48175182481751827,0.4693999521874252,0.6654273961266376,32,15,56,33,9,50,random_forest,Technical Evidence,6
0.6544117647058824,0.7008128137700216,0.875,0.550561797752809,0.6758620689655173,0.7720535500836719,0.8535258674766275,40,7,40,49,9,50,logistic_regression,Security-Relevant Semantics,30
0.5808823529411765,0.6496533588333732,0.8636363636363636,0.42696629213483145,0.5714285714285714,0.6123595505617978,0.7830869605862691,41,6,51,38,9,50,random_forest,Security-Relevant Semantics,30
0.5073529411764706,0.49808749701171406,0.6527777777777778,0.5280898876404494,0.5838509316770186,0.48685154195553426,0.697693973353713,22,25,42,47,9,50,logistic_regression,Density + Technical,19
0.4338235294117647,0.48709060482907,0.6363636363636364,0.3146067415730337,0.42105263157894735,0.534903179536218,0.7345848392056077,31,16,61,28,9,50,random_forest,Density + Technical,19
0.5808823529411765,0.6195314367678699,0.7857142857142857,0.4943820224719101,0.6068965517241379,0.7297394214678461,0.8137863253972386,35,12,45,44,9,50,logistic_regression,Density + Security-Relevant,43
0.5367647058823529,0.5908438919435812,0.7708333333333334,0.4157303370786517,0.5401459854014599,0.6553908677982309,0.7851768050996228,36,11,52,37,9,50,random_forest,Density + Security-Relevant,43
0.6544117647058824,0.7008128137700216,0.875,0.550561797752809,0.6758620689655173,0.7763566818073152,0.8479972574596594,40,7,40,49,9,50,logistic_regression,Technical + Security-Relevant,36
0.5367647058823529,0.5908438919435812,0.7708333333333334,0.4157303370786517,0.5401459854014599,0.6396127181448721,0.747868082371032,36,11,52,37,9,50,random_forest,Technical + Security-Relevant,36
0.5808823529411765,0.6195314367678699,0.7857142857142857,0.4943820224719101,0.6068965517241379,0.7510160172125269,0.8205569215396242,35,12,45,44,9,50,logistic_regression,Density + Technical + Security-Relevant,49
0.47794117647058826,0.545900071718862,0.725,0.3258426966292135,0.4496124031007752,0.5941907721730815,0.762849327918707,36,11,60,29,9,50,random_forest,Density + Technical + Security-Relevant,49
0.4338235294117647,0.42979414951245937,0.39285714285714285,0.3384615384615385,0.36363636363636365,0.42156013001083426,0.5028298796582167,37,34,43,22,10,51,logistic_regression,Density / Complexity,13
0.4485294117647059,0.44582881906825567,0.4166666666666667,0.38461538461538464,0.4,0.5134344528710726,0.49462813814343426,36,35,40,25,10,51,random_forest,Density / Complexity,13
0.41911764705882354,0.4228602383531961,0.4125,0.5076923076923077,0.45517241379310347,0.4384615384615385,0.44711640183250356,24,47,32,33,10,51,logistic_regression,Technical Evidence,6
0.5955882352941176,0.5866738894907909,0.625,0.38461538461538464,0.47619047619047616,0.5780065005417119,0.5610186078038875,56,15,40,25,10,51,random_forest,Technical Evidence,6
0.40441176470588236,0.4029252437703142,0.375,0.36923076923076925,0.37209302325581395,0.3721560130010835,0.4444152818816718,31,40,41,24,10,51,logistic_regression,Security-Relevant Semantics,30
0.34558823529411764,0.34398699891657636,0.3125,0.3076923076923077,0.31007751937984496,0.32101841820151683,0.4106658894785183,27,44,45,20,10,51,random_forest,Security-Relevant Semantics,30
0.41911764705882354,0.4150595882990249,0.375,0.3230769230769231,0.34710743801652894,0.413759479956663,0.47994997257892613,36,35,44,21,10,51,logistic_regression,Density + Technical,19
0.4485294117647059,0.44582881906825567,0.4166666666666667,0.38461538461538464,0.4,0.5351029252437702,0.5270017733527996,36,35,40,25,10,51,random_forest,Density + Technical,19
0.4338235294117647,0.43629469122426867,0.42105263157894735,0.49230769230769234,0.45390070921985815,0.41668472372697724,0.4888418547275062,27,44,33,32,10,51,logistic_regression,Density + Security-Relevant,43
0.40441176470588236,0.4042253521126761,0.38235294117647056,0.4,0.39097744360902253,0.38689057421451795,0.4350610063182288,29,42,39,26,10,51,random_forest,Density + Security-Relevant,43
0.375,0.37475622968580713,0.35294117647058826,0.36923076923076925,0.3609022556390977,0.33401950162513544,0.41207613577555746,27,44,41,24,10,51,logistic_regression,Technical + Security-Relevant,36
0.40441176470588236,0.4029252437703142,0.375,0.36923076923076925,0.37209302325581395,0.357421451787649,0.46184560588590184,31,40,41,24,10,51,random_forest,Technical + Security-Relevant,36
0.40441176470588236,0.40812567713976167,0.4,0.49230769230769234,0.4413793103448276,0.38548212351029254,0.46030745849007787,23,48,33,32,10,51,logistic_regression,Density + Technical + Security-Relevant,49
0.375,0.3734561213434453,0.34375,0.3384615384615385,0.34108527131782945,0.40335861321776817,0.4437443199536395,29,42,43,22,10,51,random_forest,Density + Technical + Security-Relevant,49
0.47794117647058826,0.4752979414951246,0.5,0.5352112676056338,0.5170068027210885,0.48223185265438784,0.5388438334343655,27,38,33,38,11,52,logistic_regression,Density / Complexity,13
0.5808823529411765,0.5823401950162514,0.609375,0.5492957746478874,0.5777777777777777,0.4943661971830986,0.5192829949622365,40,25,32,39,11,52,random_forest,Density / Complexity,13
0.5073529411764706,0.5060671722643554,0.5277777777777778,0.5352112676056338,0.5314685314685315,0.4635969664138678,0.4911449497559738,31,34,33,38,11,52,logistic_regression,Technical Evidence,6
0.4485294117647059,0.4549295774647887,0.4583333333333333,0.30985915492957744,0.3697478991596639,0.470530877573131,0.5004344609451015,39,26,49,22,11,52,random_forest,Technical Evidence,6
0.5661764705882353,0.5702058504875406,0.6071428571428571,0.4788732394366197,0.5354330708661418,0.6212351029252438,0.6299933414359595,43,22,37,34,11,52,logistic_regression,Security-Relevant Semantics,30
0.4632352941176471,0.46706392199349944,0.48214285714285715,0.38028169014084506,0.4251968503937008,0.4579631635969664,0.5293732991419479,36,29,44,27,11,52,random_forest,Security-Relevant Semantics,30
0.4485294117647059,0.44842903575297943,0.47058823529411764,0.4507042253521127,0.460431654676259,0.48396533044420376,0.5414988201526576,29,36,39,32,11,52,logistic_regression,Density + Technical,19
0.5514705882352942,0.5593716143011918,0.6136363636363636,0.38028169014084506,0.46956521739130436,0.5056338028169014,0.5389038063655783,48,17,44,27,11,52,random_forest,Density + Technical,19
0.5955882352941176,0.5983748645720477,0.6333333333333333,0.5352112676056338,0.5801526717557252,0.647453954496208,0.6599007519747722,43,22,33,38,11,52,logistic_regression,Density + Security-Relevant,43
0.4485294117647059,0.45882990249187433,0.4444444444444444,0.22535211267605634,0.29906542056074764,0.45362946912242685,0.5076287092283834,45,20,55,16,11,52,random_forest,Density + Security-Relevant,43
0.5073529411764706,0.508667388949079,0.53125,0.4788732394366197,0.5037037037037037,0.6148429035752979,0.6351229778104877,35,30,37,34,11,52,logistic_regression,Technical + Security-Relevant,36
0.47794117647058826,0.48049837486457203,0.5,0.4225352112676056,0.4580152671755725,0.4562296858071506,0.5074800674926853,35,30,41,30,11,52,random_forest,Technical + Security-Relevant,36
0.5955882352941176,0.5983748645720477,0.6333333333333333,0.5352112676056338,0.5801526717557252,0.6387865655471289,0.6637317086774179,43,22,33,38,11,52,logistic_regression,Density + Technical + Security-Relevant,49
0.4485294117647059,0.45882990249187433,0.4444444444444444,0.22535211267605634,0.29906542056074764,0.43716143011917663,0.48453223684147395,45,20,55,16,11,52,random_forest,Density + Technical + Security-Relevant,49
0.5735294117647058,0.5807291666666666,0.6346153846153846,0.4583333333333333,0.532258064516129,0.6112196180555556,0.6322458406088662,45,19,39,33,12,53,logistic_regression,Density / Complexity,13
0.6176470588235294,0.6197916666666667,0.65625,0.5833333333333334,0.6176470588235294,0.6258680555555556,0.702640129021856,42,22,30,42,12,53,random_forest,Density / Complexity,13
0.4411764705882353,0.4253472222222222,0.4807692307692308,0.6944444444444444,0.5681818181818182,0.4969618055555556,0.5675788296202591,10,54,22,50,12,53,logistic_regression,Technical Evidence,6
0.6617647058823529,0.6779513888888888,0.90625,0.4027777777777778,0.5576923076923077,0.6861979166666666,0.6999846059113299,61,3,43,29,12,53,random_forest,Technical Evidence,6
0.6029411764705882,0.6032986111111112,0.6323529411764706,0.5972222222222222,0.6142857142857143,0.6483289930555556,0.711937682887127,39,25,29,43,12,53,logistic_regression,Security-Relevant Semantics,30
0.5294117647058824,0.53125,0.5625,0.5,0.5294117647058824,0.5677083333333333,0.6097080241453717,36,28,36,36,12,53,random_forest,Security-Relevant Semantics,30
0.5735294117647058,0.5772569444444444,0.6166666666666667,0.5138888888888888,0.5606060606060606,0.5928819444444444,0.6270814522030165,41,23,35,37,12,53,logistic_regression,Density + Technical,19
0.5588235294117647,0.5572916666666667,0.5833333333333334,0.5833333333333334,0.5833333333333334,0.6171875,0.680959158358985,34,30,30,42,12,53,random_forest,Density + Technical,19
0.6029411764705882,0.6032986111111112,0.6323529411764706,0.5972222222222222,0.6142857142857143,0.6380208333333333,0.697608339777191,39,25,29,43,12,53,logistic_regression,Density + Security-Relevant,43
0.5735294117647058,0.5789930555555556,0.625,0.4861111111111111,0.546875,0.5928819444444444,0.648464208653572,43,21,37,35,12,53,random_forest,Density + Security-Relevant,43
0.6029411764705882,0.6032986111111112,0.6323529411764706,0.5972222222222222,0.6142857142857143,0.618923611111111,0.6980436003015017,39,25,29,43,12,53,logistic_regression,Technical + Security-Relevant,36
0.5294117647058824,0.53125,0.5625,0.5,0.5294117647058824,0.578125,0.6233333940506117,36,28,36,36,12,53,random_forest,Technical + Security-Relevant,36
0.6029411764705882,0.6067708333333333,0.65,0.5416666666666666,0.5909090909090909,0.6448567708333333,0.6958150908617311,43,21,33,39,12,53,logistic_regression,Density + Technical + Security-Relevant,49
0.6323529411764706,0.6380208333333333,0.6964285714285714,0.5416666666666666,0.609375,0.6119791666666666,0.657225736197188,47,17,33,39,12,53,random_forest,Density + Technical + Security-Relevant,49
0.5073529411764706,0.5095672972385301,0.4722222222222222,0.5396825396825397,0.5037037037037037,0.5178299630354425,0.5527566121230749,35,38,29,34,13,54,logistic_regression,Density / Complexity,13
0.47794117647058826,0.4734724940204392,0.43333333333333335,0.4126984126984127,0.42276422764227645,0.4734724940204392,0.5029880284771971,39,34,37,26,13,54,random_forest,Density / Complexity,13
0.5367647058823529,0.5391389432485323,0.5,0.5714285714285714,0.5333333333333333,0.5678408349641226,0.5171323491641315,37,36,27,36,13,54,logistic_regression,Technical Evidence,6
0.5367647058823529,0.5195694716242661,0.5,0.2857142857142857,0.36363636363636365,0.5521852576647097,0.49273170778052966,55,18,45,18,13,54,random_forest,Technical Evidence,6
0.5955882352941176,0.5917590780604479,0.5666666666666667,0.5396825396825397,0.5528455284552846,0.621765601217656,0.5493928437384533,47,26,29,34,13,54,logistic_regression,Security-Relevant Semantics,30
0.5367647058823529,0.5500108719286801,0.5,0.7301587301587301,0.5935483870967742,0.6382909328114807,0.6084158566301423,27,46,17,46,13,54,random_forest,Security-Relevant Semantics,30
0.5367647058823529,0.5369645575125027,0.5,0.5396825396825397,0.5190839694656488,0.5821917808219178,0.6380839344125934,39,34,29,34,13,54,logistic_regression,Density + Technical,19
0.49264705882352944,0.48608393128941074,0.44642857142857145,0.3968253968253968,0.42016806722689076,0.5039138943248532,0.5218825253788923,42,31,38,25,13,54,random_forest,Density + Technical,19
0.5514705882352942,0.5474016090454447,0.5166666666666667,0.49206349206349204,0.5040650406504065,0.5631659056316591,0.4863616340984275,44,29,32,31,13,54,logistic_regression,Density + Security-Relevant,43
0.47794117647058826,0.4756468797564688,0.4375,0.4444444444444444,0.4409448818897638,0.4821700369645575,0.49835206682338035,37,36,35,28,13,54,random_forest,Density + Security-Relevant,43
0.5514705882352942,0.5517503805175038,0.5147058823529411,0.5555555555555556,0.5343511450381679,0.5861056751467711,0.5244241946291187,40,33,28,35,13,54,logistic_regression,Technical + Security-Relevant,36
0.625,0.632202652750598,0.575,0.7301587301587301,0.6433566433566433,0.6139378125679495,0.5952136440022129,39,34,17,46,13,54,random_forest,Technical + Security-Relevant,36
0.5367647058823529,0.5347901717764731,0.5,0.5079365079365079,0.5039370078740157,0.5439225918677973,0.4757127288725893,41,32,31,32,13,54,logistic_regression,Density + Technical + Security-Relevant,49
0.5220588235294118,0.5243531202435312,0.4861111111111111,0.5555555555555556,0.5185185185185185,0.5474016090454445,0.5099822843059051,36,37,28,35,13,54,random_forest,Density + Technical + Security-Relevant,49
0.5073529411764706,0.5282094190772173,0.3684210526315789,0.5957446808510638,0.45528455284552843,0.5999282811379393,0.5453579901186284,41,48,19,28,14,55,logistic_regression,Density / Complexity,13
0.4632352941176471,0.5196031556299306,0.358695652173913,0.7021276595744681,0.4748201438848921,0.561678221372221,0.5345289296886716,30,59,14,33,14,55,random_forest,Density / Complexity,13
0.3161764705882353,0.36708104231412864,0.2604166666666667,0.5319148936170213,0.34965034965034963,0.3379153717427683,0.3087793996567979,18,71,22,25,14,55,logistic_regression,Technical Evidence,6
0.6102941176470589,0.571718862060722,0.4375,0.44680851063829785,0.4421052631578947,0.5186469041357877,0.4932578100357868,62,27,26,21,14,55,random_forest,Technical Evidence,6
0.5514705882352942,0.49665311977049964,0.3409090909090909,0.3191489361702128,0.32967032967032966,0.5200812813770022,0.4869423362230268,60,29,32,15,14,55,logistic_regression,Security-Relevant Semantics,30
0.41911764705882354,0.43067176667463547,0.2894736842105263,0.46808510638297873,0.35772357723577236,0.3957685871384175,0.3118648790771154,35,54,25,22,14,55,random_forest,Security-Relevant Semantics,30
0.49264705882352944,0.511953143676787,0.35526315789473684,0.574468085106383,0.43902439024390244,0.5456610088453263,0.5073048118889387,40,49,20,27,14,55,logistic_regression,Density + Technical,19
0.3602941176470588,0.4359311498924217,0.3076923076923077,0.6808510638297872,0.423841059602649,0.4660530719579249,0.36824375999416803,17,72,15,32,14,55,random_forest,Density + Technical,19
0.5367647058823529,0.5205594071240736,0.36666666666666664,0.46808510638297873,0.411214953271028,0.50729141764284,0.42590532676039683,51,38,25,22,14,55,logistic_regression,Density + Security-Relevant,43
0.40441176470588236,0.4545780540282094,0.31521739130434784,0.6170212765957447,0.4172661870503597,0.49760937126464266,0.3757982391935528,26,63,18,29,14,55,random_forest,Density + Security-Relevant,43
0.5514705882352942,0.49665311977049964,0.3409090909090909,0.3191489361702128,0.32967032967032966,0.5188859670093235,0.5021295784949579,60,29,32,15,14,55,logistic_regression,Technical + Security-Relevant,36
0.4485294117647059,0.4732249581639971,0.325,0.5531914893617021,0.4094488188976378,0.46414056896963907,0.32812655840659594,35,54,21,26,14,55,random_forest,Technical + Security-Relevant,36
0.4632352941176471,0.45935931149892417,0.3088235294117647,0.44680851063829785,0.3652173913043478,0.510996892182644,0.43286504267703263,42,47,26,21,14,55,logistic_regression,Density + Technical + Security-Relevant,49
0.3897058823529412,0.45840306000478126,0.32,0.6808510638297872,0.43537414965986393,0.5081281377002151,0.3689282285981824,21,68,15,32,14,55,random_forest,Density + Technical + Security-Relevant,49
0.4117647058823529,0.4149305555555556,0.39473684210526316,0.46875,0.42857142857142855,0.46614583333333337,0.5290980629948598,26,46,34,30,15,56,logistic_regression,Density / Complexity,13
0.5735294117647058,0.5685763888888888,0.5535714285714286,0.484375,0.5166666666666667,0.5451388888888888,0.6297126321618469,47,25,33,31,15,56,random_forest,Density / Complexity,13
0.39705882352941174,0.4105902777777778,0.41,0.640625,0.5,0.4114583333333333,0.43378521243147045,13,59,23,41,15,56,logistic_regression,Technical Evidence,6
0.5147058823529411,0.5095486111111112,0.48214285714285715,0.421875,0.45,0.49999999999999994,0.5237361441235078,43,29,37,27,15,56,random_forest,Technical Evidence,6
0.5882352941176471,0.5833333333333333,0.5714285714285714,0.5,0.5333333333333333,0.6475694444444444,0.5669685378095514,48,24,32,32,15,56,logistic_regression,Security-Relevant Semantics,30
0.5441176470588235,0.5425347222222222,0.515625,0.515625,0.515625,0.49565972222222227,0.5068010249585131,41,31,31,33,15,56,random_forest,Security-Relevant Semantics,30
0.3088235294117647,0.3116319444444444,0.3026315789473684,0.359375,0.32857142857142857,0.35156249999999994,0.4721590241296485,19,53,41,23,15,56,logistic_regression,Density + Technical,19
0.4852941176470588,0.4782986111111111,0.4423076923076923,0.359375,0.39655172413793105,0.5234375,0.5776322536116377,43,29,41,23,15,56,random_forest,Density + Technical,19
0.6176470588235294,0.6180555555555556,0.5882352941176471,0.625,0.6060606060606061,0.6997612847222222,0.6230621443419736,44,28,24,40,15,56,logistic_regression,Density + Security-Relevant,43
0.5441176470588235,0.5460069444444444,0.5138888888888888,0.578125,0.5441176470588235,0.509548611111111,0.5122392779697427,37,35,27,37,15,56,random_forest,Density + Security-Relevant,43
0.6176470588235294,0.6145833333333333,0.6,0.5625,0.5806451612903226,0.5951605902777778,0.5312027651999637,48,24,28,36,15,56,logistic_regression,Technical + Security-Relevant,36
0.5441176470588235,0.5425347222222222,0.515625,0.515625,0.515625,0.5455729166666666,0.5731493848234084,41,31,31,33,15,56,random_forest,Technical + Security-Relevant,36
0.5147058823529411,0.5164930555555556,0.4861111111111111,0.546875,0.5147058823529411,0.5633680555555556,0.533842900851989,35,37,29,35,15,56,logistic_regression,Density + Technical + Security-Relevant,49
0.5147058823529411,0.5112847222222222,0.48333333333333334,0.453125,0.46774193548387094,0.4930555555555556,0.5180940949302277,41,31,35,29,15,56,random_forest,Density + Technical + Security-Relevant,49
0.5294117647058824,0.5517857142857143,0.4523809523809524,0.6785714285714286,0.5428571428571428,0.5276785714285714,0.45281771280115174,34,46,18,38,16,57,logistic_regression,Density / Complexity,13
0.47058823529411764,0.4857142857142857,0.4,0.5714285714285714,0.47058823529411764,0.51875,0.45591483418131185,32,48,24,32,16,57,random_forest,Density / Complexity,13
0.38235294117647056,0.37857142857142856,0.29411764705882354,0.35714285714285715,0.3225806451612903,0.35624999999999996,0.33824881016501707,32,48,36,20,16,57,logistic_regression,Technical Evidence,6
0.5882352941176471,0.5642857142857143,0.5,0.42857142857142855,0.46153846153846156,0.5321428571428571,0.4877618884598858,56,24,32,24,16,57,random_forest,Technical Evidence,6
0.6911764705882353,0.6973214285714285,0.6029411764705882,0.7321428571428571,0.6612903225806451,0.703125,0.6623298146531674,53,27,15,41,16,57,logistic_regression,Security-Relevant Semantics,30
0.5,0.5160714285714285,0.425,0.6071428571428571,0.5,0.5183035714285714,0.4714659814532951,34,46,22,34,16,57,random_forest,Security-Relevant Semantics,30
0.45588235294117646,0.4758928571428571,0.39285714285714285,0.5892857142857143,0.4714285714285714,0.4766741071428572,0.42936237616169654,29,51,23,33,16,57,logistic_regression,Density + Technical,19
0.4411764705882353,0.45,0.3684210526315789,0.5,0.42424242424242425,0.5071428571428571,0.4311455028235589,32,48,28,28,16,57,random_forest,Density + Technical,19
0.5882352941176471,0.5910714285714285,0.5,0.6071428571428571,0.5483870967741935,0.618638392857143,0.5655402593860785,46,34,22,34,16,57,logistic_regression,Density + Security-Relevant,43
0.5,0.5053571428571428,0.4166666666666667,0.5357142857142857,0.46875,0.5973214285714286,0.5895115236730143,38,42,26,30,16,57,random_forest,Density + Security-Relevant,43
0.6176470588235294,0.6267857142857143,0.5277777777777778,0.6785714285714286,0.59375,0.6517857142857143,0.629014029807969,46,34,18,38,16,57,logistic_regression,Technical + Security-Relevant,36
0.6029411764705882,0.6116071428571428,0.5138888888888888,0.6607142857142857,0.578125,0.5843749999999999,0.5392306096601172,45,35,19,37,16,57,random_forest,Technical + Security-Relevant,36
0.5147058823529411,0.5205357142857143,0.4305555555555556,0.5535714285714286,0.484375,0.59609375,0.5764846419627936,39,41,25,31,16,57,logistic_regression,Density + Technical + Security-Relevant,49
0.5,0.5053571428571428,0.4166666666666667,0.5357142857142857,0.46875,0.6116071428571428,0.6101688911287125,38,42,26,30,16,57,random_forest,Density + Technical + Security-Relevant,49
0.6691176470588235,0.688318898512103,0.575,0.8070175438596491,0.6715328467153284,0.7189651343548745,0.6036488843970358,45,34,11,46,17,58,logistic_regression,Density / Complexity,13
0.6102941176470589,0.6132578281145902,0.5294117647058824,0.631578947368421,0.576,0.6487896957583833,0.6373591762602947,47,32,21,36,17,58,random_forest,Density / Complexity,13
0.5073529411764706,0.5270930490783922,0.44047619047619047,0.6491228070175439,0.524822695035461,0.5453031312458362,0.5396130071718443,32,47,20,37,17,58,logistic_regression,Technical Evidence,6
0.5220588235294118,0.47868087941372417,0.375,0.21052631578947367,0.2696629213483146,0.438707528314457,0.42524951543828965,59,20,45,12,17,58,random_forest,Technical Evidence,6
0.5661764705882353,0.5435265378636465,0.4791666666666667,0.40350877192982454,0.4380952380952381,0.5351987563846324,0.48139439924017396,54,25,34,23,17,58,logistic_regression,Security-Relevant Semantics,30
0.4485294117647059,0.4471463468798579,0.36764705882352944,0.43859649122807015,0.4,0.3978458805240951,0.3812703229692175,36,43,32,25,17,58,random_forest,Security-Relevant Semantics,30
0.625,0.6234732400621807,0.546875,0.6140350877192983,0.5785123966942148,0.6822118587608262,0.6273880918503189,50,29,22,35,17,58,logistic_regression,Density + Technical,19
0.625,0.6332445036642238,0.5416666666666666,0.6842105263157895,0.6046511627906976,0.6745502998001333,0.6118697241795908,46,33,18,39,17,58,random_forest,Density + Technical,19
0.6102941176470589,0.5986009327115256,0.5357142857142857,0.5263157894736842,0.5309734513274337,0.565067732622696,0.5227171886294091,53,26,27,30,17,58,logistic_regression,Density + Security-Relevant,43
0.41911764705882354,0.4218298911836553,0.3472222222222222,0.43859649122807015,0.3875968992248062,0.5350877192982457,0.541503961081674,32,47,32,25,17,58,random_forest,Density + Security-Relevant,43
0.5514705882352942,0.5235398623140128,0.45454545454545453,0.3508771929824561,0.39603960396039606,0.49755718409948924,0.4597802334621754,55,24,37,20,17,58,logistic_regression,Technical + Security-Relevant,36
0.4632352941176471,0.44270486342438375,0.34615384615384615,0.3157894736842105,0.3302752293577982,0.43382189651343545,0.4146863555728309,45,34,39,18,17,58,random_forest,Technical + Security-Relevant,36
0.5514705882352942,0.5235398623140128,0.45454545454545453,0.3508771929824561,0.39603960396039606,0.5238729735731735,0.48979487342747324,55,24,37,20,17,58,logistic_regression,Density + Technical + Security-Relevant,49
0.4485294117647059,0.45691761048190094,0.3815789473684211,0.5087719298245614,0.43609022556390975,0.5048856318010215,0.49990434074631684,32,47,28,29,17,58,random_forest,Density + Technical + Security-Relevant,49
0.4485294117647059,0.4324894514767932,0.3392857142857143,0.3333333333333333,0.336283185840708,0.5270930490783923,0.44989335357086857,42,37,38,19,18,59,logistic_regression,Density / Complexity,13
0.5367647058823529,0.5084388185654009,0.4318181818181818,0.3333333333333333,0.37623762376237624,0.5235398623140128,0.4609767153198952,54,25,38,19,18,59,random_forest,Density / Complexity,13
0.5073529411764706,0.5026648900732844,0.421875,0.47368421052631576,0.4462809917355372,0.4955585165445259,0.44140426200283944,42,37,30,27,18,59,logistic_regression,Technical Evidence,6
0.49264705882352944,0.46802131912058625,0.375,0.3157894736842105,0.34285714285714286,0.39518099045081057,0.36105141160868715,49,30,39,18,18,59,random_forest,Technical Evidence,6
0.5220588235294118,0.512880302020875,0.43333333333333335,0.45614035087719296,0.4444444444444444,0.5493004663557628,0.4969529962080471,45,34,31,26,18,59,logistic_regression,Security-Relevant Semantics,30
0.4632352941176471,0.4524761270264268,0.36666666666666664,0.38596491228070173,0.37606837606837606,0.40894958916278035,0.4616093836289573,41,38,35,22,18,59,random_forest,Security-Relevant Semantics,30
0.5367647058823529,0.5084388185654009,0.4318181818181818,0.3333333333333333,0.37623762376237624,0.5404174994448145,0.46859224378086367,54,25,38,19,18,59,logistic_regression,Density + Technical,19
0.47794117647058826,0.4675771707750388,0.38333333333333336,0.40350877192982454,0.39316239316239315,0.5208749722407284,0.44611058193783254,42,37,34,23,18,59,random_forest,Density + Technical,19
0.5514705882352942,0.5479680213191206,0.46875,0.5263157894736842,0.49586776859504134,0.5644015101043748,0.5152292728127477,45,34,27,30,18,59,logistic_regression,Density + Security-Relevant,43
0.4485294117647059,0.4324894514767932,0.3392857142857143,0.3333333333333333,0.336283185840708,0.44536975349766816,0.4608369021326387,42,37,38,19,18,59,random_forest,Density + Security-Relevant,43
0.5220588235294118,0.512880302020875,0.43333333333333335,0.45614035087719296,0.4444444444444444,0.5155451920941594,0.4793972084749223,45,34,31,26,18,59,logistic_regression,Technical + Security-Relevant,36
0.5220588235294118,0.5031090384188319,0.4230769230769231,0.38596491228070173,0.4036697247706422,0.4560293137908061,0.3985334351877683,49,30,35,22,18,59,random_forest,Technical + Security-Relevant,36
0.5514705882352942,0.5479680213191206,0.46875,0.5263157894736842,0.49586776859504134,0.5457472795913836,0.49760361143708626,45,34,27,30,18,59,logistic_regression,Density + Technical + Security-Relevant,49
0.5073529411764706,0.4831223628691983,0.3958333333333333,0.3333333333333333,0.3619047619047619,0.44181656673328895,0.40939856752637344,50,29,38,19,18,59,random_forest,Density + Technical + Security-Relevant,49
0.6029411764705882,0.5723443223443223,0.4791666666666667,0.4423076923076923,0.46,0.5613553113553114,0.4972263893222896,59,25,29,23,19,60,logistic_regression,Density / Complexity,13
0.5882352941176471,0.5934065934065934,0.47058823529411764,0.6153846153846154,0.5333333333333333,0.6071428571428572,0.5187422638826511,48,36,20,32,19,60,random_forest,Density / Complexity,13
0.5147058823529411,0.5155677655677655,0.39705882352941174,0.5192307692307693,0.45,0.5370879120879121,0.41451581605232724,43,41,25,27,19,60,logistic_regression,Technical Evidence,6
0.4852941176470588,0.4771062271062271,0.359375,0.4423076923076923,0.39655172413793105,0.46565934065934067,0.3641281976981774,43,41,29,23,19,60,random_forest,Technical Evidence,6
0.6470588235294118,0.6556776556776557,0.5294117647058824,0.6923076923076923,0.6,0.6746794871794871,0.482302536119751,52,32,16,36,19,60,logistic_regression,Security-Relevant Semantics,30
0.6029411764705882,0.608974358974359,0.4852941176470588,0.6346153846153846,0.55,0.6071428571428572,0.4710022376293363,49,35,19,33,19,60,random_forest,Security-Relevant Semantics,30
0.5735294117647058,0.5412087912087913,0.4375,0.40384615384615385,0.42,0.5932921245421245,0.48397618632433204,57,27,31,21,19,60,logistic_regression,Density + Technical,19
0.5588235294117647,0.5695970695970696,0.4444444444444444,0.6153846153846154,0.5161290322580645,0.586080586080586,0.46341629218082137,44,40,20,32,19,60,random_forest,Density + Technical,19
0.6617647058823529,0.6565934065934066,0.55,0.6346153846153846,0.5892857142857143,0.6657509157509158,0.500123713939113,57,27,19,33,19,60,logistic_regression,Density + Security-Relevant,43
0.5882352941176471,0.5714285714285714,0.4642857142857143,0.5,0.48148148148148145,0.6071428571428572,0.5140444736453911,54,30,26,26,19,60,random_forest,Density + Security-Relevant,43
0.6029411764705882,0.5943223443223443,0.48333333333333334,0.5576923076923077,0.5178571428571429,0.6701007326007327,0.47819525300269083,53,31,23,29,19,60,logistic_regression,Technical + Security-Relevant,36
0.5441176470588235,0.532051282051282,0.4166666666666667,0.4807692307692308,0.44642857142857145,0.5457875457875458,0.47297523247258055,49,35,27,25,19,60,random_forest,Technical + Security-Relevant,36
0.6911764705882353,0.6804029304029304,0.5892857142857143,0.6346153846153846,0.6111111111111112,0.6668956043956044,0.5195772432605543,61,23,19,33,19,60,logistic_regression,Density + Technical + Security-Relevant,49
0.6470588235294118,0.6336996336996337,0.5357142857142857,0.5769230769230769,0.5555555555555556,0.6538461538461539,0.5384654344416008,58,26,22,30,19,60,random_forest,Density + Technical + Security-Relevant,49
0.41911764705882354,0.4294117647058824,0.55,0.38823529411764707,0.45517241379310347,0.5253748558246827,0.6738509218092372,24,27,52,33,20,61,logistic_regression,Density / Complexity,13
0.4485294117647059,0.5078431372549019,0.6388888888888888,0.27058823529411763,0.38016528925619836,0.5272202998846598,0.6669821426860443,38,13,62,23,20,61,random_forest,Density / Complexity,13
0.47794117647058826,0.4372549019607843,0.5795454545454546,0.6,0.5895953757225434,0.45524798154555934,0.6119799846497314,14,37,34,51,20,61,logistic_regression,Technical Evidence,6
0.49264705882352944,0.5549019607843138,0.7222222222222222,0.3058823529411765,0.4297520661157025,0.57520184544406,0.6640569833216892,41,10,59,26,20,61,random_forest,Technical Evidence,6
0.6102941176470589,0.5941176470588235,0.7,0.6588235294117647,0.6787878787878788,0.6393310265282584,0.6999618117332993,27,24,29,56,20,61,logistic_regression,Security-Relevant Semantics,30
0.5367647058823529,0.5705882352941176,0.7115384615384616,0.43529411764705883,0.5401459854014599,0.551672433679354,0.70319725276454,36,15,48,37,20,61,random_forest,Security-Relevant Semantics,30
0.4485294117647059,0.46862745098039216,0.5892857142857143,0.38823529411764707,0.46808510638297873,0.5038062283737025,0.6723903215496774,28,23,52,33,20,61,logistic_regression,Density + Technical,19
0.47794117647058826,0.4764705882352941,0.6029411764705882,0.4823529411764706,0.5359477124183006,0.4746251441753172,0.6324264774293546,24,27,44,41,20,61,random_forest,Density + Technical,19
0.5808823529411765,0.5705882352941176,0.6842105263157895,0.611764705882353,0.6459627329192547,0.6687427912341407,0.7431504790291008,27,24,33,52,20,61,logistic_regression,Density + Security-Relevant,43
0.5220588235294118,0.5470588235294118,0.6785714285714286,0.4470588235294118,0.5390070921985816,0.5004613610149943,0.6938306183616851,33,18,47,38,20,61,random_forest,Density + Security-Relevant,43
0.5661764705882353,0.5627450980392157,0.6805555555555556,0.5764705882352941,0.6242038216560509,0.6283737024221454,0.6816525426799298,28,23,36,49,20,61,logistic_regression,Technical + Security-Relevant,36
0.49264705882352944,0.5392156862745098,0.6818181818181818,0.35294117647058826,0.46511627906976744,0.5429065743944637,0.697400943614279,37,14,55,30,20,61,random_forest,Technical + Security-Relevant,36
0.6102941176470589,0.6098039215686275,0.7222222222222222,0.611764705882353,0.6624203821656051,0.6720876585928489,0.7230786791383577,31,20,33,52,20,61,logistic_regression,Density + Technical + Security-Relevant,49
0.5220588235294118,0.5392156862745098,0.6666666666666666,0.47058823529411764,0.5517241379310345,0.547520184544406,0.7191680630019732,31,20,45,40,20,61,random_forest,Density + Technical + Security-Relevant,49
0.5367647058823529,0.5255337882456527,0.4642857142857143,0.4406779661016949,0.45217391304347826,0.5453444860224521,0.5486570985995994,47,30,33,26,21,62,logistic_regression,Density / Complexity,13
0.5220588235294118,0.5224521241470395,0.45588235294117646,0.5254237288135594,0.4881889763779528,0.5823244552058112,0.5553910787259236,40,37,28,31,21,62,random_forest,Density / Complexity,13
0.41911764705882354,0.42956196346026854,0.375,0.5084745762711864,0.4316546762589928,0.4145938806955756,0.3884377914947843,27,50,29,30,21,62,logistic_regression,Technical Evidence,6
0.625,0.6153422848338103,0.5714285714285714,0.5423728813559322,0.5565217391304348,0.5810037420206912,0.47201507884770594,53,24,27,32,21,62,random_forest,Technical Evidence,6
0.5808823529411765,0.5664758969843715,0.5192307692307693,0.4576271186440678,0.4864864864864865,0.5911292097732774,0.5414288187622494,52,25,32,27,21,62,logistic_regression,Security-Relevant Semantics,30
0.625,0.6074180057230905,0.5833333333333334,0.4745762711864407,0.5233644859813084,0.49691833590138684,0.4451646220802721,57,20,31,28,21,62,random_forest,Security-Relevant Semantics,30
0.5367647058823529,0.5176095091349329,0.4583333333333333,0.3728813559322034,0.411214953271028,0.5171692714065595,0.5124061657766503,51,26,37,22,21,62,logistic_regression,Density + Technical,19
0.5367647058823529,0.5294959278010125,0.4666666666666667,0.4745762711864407,0.47058823529411764,0.5788025533788246,0.5460747783122524,45,32,31,28,21,62,random_forest,Density + Technical,19
0.5955882352941176,0.5854061193044244,0.5357142857142857,0.5084745762711864,0.5217391304347826,0.6184239489324235,0.5357571829820301,51,26,29,30,21,62,logistic_regression,Density + Security-Relevant,43
0.5661764705882353,0.5752806515518379,0.5,0.6440677966101694,0.562962962962963,0.5735197006383448,0.5289149743098617,39,38,21,38,21,62,random_forest,Density + Security-Relevant,43
0.5514705882352942,0.5405018710103455,0.48214285714285715,0.4576271186440678,0.46956521739130436,0.5422628219238389,0.5086946085305414,48,29,32,27,21,62,logistic_regression,Technical + Security-Relevant,36
0.6397058823529411,0.6342725071538631,0.5833333333333334,0.5932203389830508,0.5882352941176471,0.6426370239929562,0.558900314679228,52,25,24,35,21,62,random_forest,Technical + Security-Relevant,36
0.5955882352941176,0.5854061193044244,0.5357142857142857,0.5084745762711864,0.5217391304347826,0.6104996698217038,0.5222853188817811,51,26,29,30,21,62,logistic_regression,Density + Technical + Security-Relevant,49
0.5367647058823529,0.5334580673563725,0.46875,0.5084745762711864,0.4878048780487805,0.5497468633061853,0.45704712568198197,43,34,29,30,21,62,random_forest,Density + Technical + Security-Relevant,49
0.5661764705882353,0.5657581656932728,0.5625,0.5373134328358209,0.549618320610687,0.5905256327060351,0.591045262961995,41,28,31,36,22,63,logistic_regression,Density / Complexity,13
0.4485294117647059,0.4480856586632057,0.4375,0.417910447761194,0.42748091603053434,0.46495781959766386,0.48946135095574594,33,36,39,28,22,63,random_forest,Density / Complexity,13
0.5220588235294118,0.5246593121349773,0.5108695652173914,0.7014925373134329,0.5911949685534591,0.44678780012978586,0.48193931176977894,24,45,20,47,22,63,logistic_regression,Technical Evidence,6
0.5367647058823529,0.5341769413800562,0.5454545454545454,0.3582089552238806,0.43243243243243246,0.6198356045857668,0.5869857968416898,49,20,43,24,22,63,random_forest,Technical Evidence,6
0.6691176470588235,0.6678563703223015,0.6964285714285714,0.582089552238806,0.6341463414634146,0.6224313216526066,0.6203330504723186,52,17,28,39,22,63,logistic_regression,Security-Relevant Semantics,30
0.6691176470588235,0.6669911313000216,0.7291666666666666,0.5223880597014925,0.6086956521739131,0.6847285312567597,0.7236131140101315,56,13,32,35,22,63,random_forest,Security-Relevant Semantics,30
0.5220588235294118,0.5237940731126973,0.5119047619047619,0.6417910447761194,0.5695364238410596,0.5549426779147739,0.598719050082499,28,41,24,43,22,63,logistic_regression,Density + Technical,19
0.4485294117647059,0.4463551806186459,0.4166666666666667,0.29850746268656714,0.34782608695652173,0.4822626000432619,0.4999255759333845,41,28,47,20,22,63,random_forest,Density + Technical,19
0.6102941176470589,0.609020116807268,0.625,0.5223880597014925,0.5691056910569106,0.6440622972096042,0.6657998604810275,48,21,32,35,22,63,logistic_regression,Density + Security-Relevant,43
0.5367647058823529,0.5359074194246161,0.5333333333333333,0.47761194029850745,0.5039370078740157,0.5609993510707333,0.5801023556565698,41,28,35,32,22,63,random_forest,Density + Security-Relevant,43
0.5808823529411765,0.5800346095608911,0.5833333333333334,0.5223880597014925,0.5511811023622047,0.599935107073329,0.5999406475931887,44,25,32,35,22,63,logistic_regression,Technical + Security-Relevant,36
0.7573529411764706,0.7565433701059918,0.7833333333333333,0.7014925373134329,0.7401574803149606,0.7842310188189487,0.8315286123495078,56,13,20,47,22,63,random_forest,Technical + Security-Relevant,36
0.5514705882352942,0.5510491023145143,0.546875,0.5223880597014925,0.5343511450381679,0.6388708630759247,0.6583543025592504,40,29,32,35,22,63,logistic_regression,Density + Technical + Security-Relevant,49
0.5367647058823529,0.5350421804023362,0.5384615384615384,0.417910447761194,0.47058823529411764,0.5289855072463767,0.582021835776365,45,24,39,28,22,63,random_forest,Density + Technical + Security-Relevant,49
0.47794117647058826,0.4778981581798483,0.45588235294117646,0.47692307692307695,0.46616541353383456,0.5117009750812568,0.5538568259487084,34,37,34,31,23,64,logistic_regression,Density / Complexity,13
0.5220588235294118,0.518201516793066,0.5,0.4307692307692308,0.4628099173553719,0.5533044420368365,0.5637630174776914,43,28,37,28,23,64,random_forest,Density / Complexity,13
0.40441176470588236,0.4029252437703142,0.375,0.36923076923076925,0.37209302325581395,0.41852654387865657,0.4678748036190611,31,40,41,24,23,64,logistic_regression,Technical Evidence,6
0.5220588235294118,0.5143011917659805,0.5,0.3384615384615385,0.4036697247706422,0.5424702058504876,0.51311266011804,49,22,43,22,23,64,random_forest,Technical Evidence,6
0.6985294117647058,0.6989165763813652,0.6764705882352942,0.7076923076923077,0.6917293233082706,0.6510292524377032,0.6373301744556537,49,22,19,46,23,64,logistic_regression,Security-Relevant Semantics,30
0.5367647058823529,0.5355362946912243,0.515625,0.5076923076923077,0.5116279069767442,0.538136511375948,0.5855623457800182,40,31,32,33,23,64,random_forest,Security-Relevant Semantics,30
0.5661764705882353,0.566305525460455,0.5441176470588235,0.5692307692307692,0.556390977443609,0.4943661971830986,0.5622521552239272,40,31,28,37,23,64,logistic_regression,Density + Technical,19
0.5220588235294118,0.519501625135428,0.5,0.46153846153846156,0.48,0.5394366197183099,0.5341005255114418,41,30,35,30,23,64,random_forest,Density + Technical,19
0.625,0.6252437703141929,0.6029411764705882,0.6307692307692307,0.6165413533834586,0.6321776814734561,0.6382596156171937,44,27,24,41,23,64,logistic_regression,Density + Security-Relevant,43
0.5073529411764706,0.5060671722643554,0.484375,0.47692307692307695,0.4806201550387597,0.5342361863488624,0.48828483036681414,38,33,34,31,23,64,random_forest,Density + Security-Relevant,43
0.6985294117647058,0.6989165763813652,0.6764705882352942,0.7076923076923077,0.6917293233082706,0.6564463705308776,0.6433739108218747,49,22,19,46,23,64,logistic_regression,Technical + Security-Relevant,36
0.5808823529411765,0.5797399783315276,0.5625,0.5538461538461539,0.5581395348837209,0.5446370530877573,0.5453531297762066,43,28,29,36,23,64,random_forest,Technical + Security-Relevant,36
0.6397058823529411,0.6399783315276273,0.6176470588235294,0.6461538461538462,0.631578947368421,0.6278439869989166,0.6348559785161796,45,26,23,42,23,64,logistic_regression,Density + Technical + Security-Relevant,49
0.5661764705882353,0.5624052004333695,0.5535714285714286,0.47692307692307695,0.512396694214876,0.5307692307692309,0.4924172389292061,46,25,34,31,23,64,random_forest,Density + Technical + Security-Relevant,49
0.5294117647058824,0.5232558139534884,0.390625,0.5,0.43859649122807015,0.5306976744186046,0.5441449676811652,47,39,25,25,24,65,logistic_regression,Density / Complexity,13
0.4852941176470588,0.4925581395348837,0.3611111111111111,0.52,0.4262295081967213,0.5716279069767441,0.5795149872213408,40,46,24,26,24,65,random_forest,Density / Complexity,13
0.45588235294117646,0.5027906976744186,0.3695652173913043,0.68,0.4788732394366197,0.5609302325581396,0.5310632184098936,28,58,16,34,24,65,logistic_regression,Technical Evidence,6
0.6029411764705882,0.5688372093023256,0.4583333333333333,0.44,0.4489795918367347,0.5106976744186047,0.430768500063591,60,26,28,22,24,65,random_forest,Technical Evidence,6
0.7058823529411765,0.6962790697674419,0.5892857142857143,0.66,0.6226415094339622,0.7511627906976744,0.6967203535677259,63,23,17,33,24,65,logistic_regression,Security-Relevant Semantics,30
0.6176470588235294,0.6265116279069768,0.4852941176470588,0.66,0.559322033898305,0.6506976744186047,0.5985592319578145,51,35,17,33,24,65,random_forest,Security-Relevant Semantics,30
0.5,0.5,0.36764705882352944,0.5,0.423728813559322,0.498139534883721,0.546303344958262,43,43,25,25,24,65,logistic_regression,Density + Technical,19
0.5441176470588235,0.5390697674418605,0.40625,0.52,0.45614035087719296,0.5790697674418605,0.5371667791358967,48,38,24,26,24,65,random_forest,Density + Technical,19
0.5735294117647058,0.5706976744186048,0.4375,0.56,0.49122807017543857,0.6376744186046511,0.5970408455350474,50,36,22,28,24,65,logistic_regression,Density + Security-Relevant,43
0.5294117647058824,0.5232558139534884,0.390625,0.5,0.43859649122807015,0.5874418604651164,0.5518145915754076,47,39,25,25,24,65,random_forest,Density + Security-Relevant,43
0.7352941176470589,0.7195348837209303,0.6346153846153846,0.66,0.6470588235294118,0.738139534883721,0.6856187225971433,67,19,17,33,24,65,logistic_regression,Technical + Security-Relevant,36
0.6176470588235294,0.609767441860465,0.48333333333333334,0.58,0.5272727272727272,0.6172093023255815,0.5628198801198802,55,31,21,29,24,65,random_forest,Technical + Security-Relevant,36
0.5882352941176471,0.5948837209302326,0.45588235294117646,0.62,0.5254237288135594,0.6209302325581395,0.5432444295900178,49,37,19,31,24,65,logistic_regression,Density + Technical + Security-Relevant,49
0.6176470588235294,0.609767441860465,0.48333333333333334,0.58,0.5272727272727272,0.6125581395348837,0.6012476883748435,55,31,21,29,24,65,random_forest,Density + Technical + Security-Relevant,49
0.5661764705882353,0.5752806515518379,0.5,0.6440677966101694,0.562962962962963,0.5347787805414924,0.495280835030234,39,38,21,38,25,66,logistic_regression,Density / Complexity,13
0.5220588235294118,0.5184899845916795,0.453125,0.4915254237288136,0.4715447154471545,0.4872331058771737,0.4475399328499511,42,35,30,29,25,66,random_forest,Density / Complexity,13
0.5661764705882353,0.5673563724411181,0.5,0.576271186440678,0.5354330708661418,0.564274708342505,0.47266762588819516,43,34,25,34,25,66,logistic_regression,Technical Evidence,6
0.4338235294117647,0.4088707902267224,0.29545454545454547,0.22033898305084745,0.2524271844660194,0.4718247853841074,0.42720457681356466,46,31,46,13,25,66,random_forest,Technical Evidence,6
0.49264705882352944,0.5123266563944531,0.4431818181818182,0.6610169491525424,0.5306122448979592,0.49955976227162674,0.508960470946364,28,49,20,39,25,66,logistic_regression,Security-Relevant Semantics,30
0.41911764705882354,0.4176755447941889,0.35294117647058826,0.4067796610169492,0.3779527559055118,0.4132731675104557,0.4307058232001061,33,44,35,24,25,66,random_forest,Security-Relevant Semantics,30
0.625,0.6272287034998899,0.5588235294117647,0.6440677966101694,0.5984251968503937,0.5902487343165308,0.5972458347405003,47,30,21,38,25,66,logistic_regression,Density + Technical,19
0.5514705882352942,0.5444640105657055,0.48333333333333334,0.4915254237288136,0.48739495798319327,0.5655954215276249,0.5365862643384207,46,31,30,29,25,66,random_forest,Density + Technical,19
0.41911764705882354,0.449372661237068,0.4,0.6779661016949152,0.5031446540880503,0.5171692714065595,0.5740646606108919,17,60,19,40,25,66,logistic_regression,Density + Security-Relevant,43
0.5661764705882353,0.5911292097732777,0.5,0.7796610169491526,0.609271523178808,0.6580453444860225,0.5582003784713779,31,46,13,46,25,66,random_forest,Density + Security-Relevant,43
0.49264705882352944,0.5123266563944531,0.4431818181818182,0.6610169491525424,0.5306122448979592,0.5057230904688532,0.5128864949191443,28,49,20,39,25,66,logistic_regression,Technical + Security-Relevant,36
0.5220588235294118,0.5224521241470395,0.45588235294117646,0.5254237288135594,0.4881889763779528,0.46169931763152106,0.46184088980815885,40,37,28,31,25,66,random_forest,Technical + Security-Relevant,36
0.4485294117647059,0.47534668721109397,0.4166666666666667,0.6779661016949152,0.5161290322580645,0.5075941008144398,0.5505377737656306,21,56,19,40,25,66,logistic_regression,Density + Technical + Security-Relevant,49
0.5367647058823529,0.5572309046885318,0.4772727272727273,0.711864406779661,0.5714285714285714,0.5550297160466652,0.5036807513689368,31,46,17,42,25,66,random_forest,Density + Technical + Security-Relevant,49
0.5588235294117647,0.5625,0.6,0.5,0.5454545454545454,0.5416666666666666,0.6251136781805334,40,24,36,36,26,67,logistic_regression,Density / Complexity,13
0.5294117647058824,0.5364583333333334,0.5769230769230769,0.4166666666666667,0.4838709677419355,0.6059027777777778,0.59518854063072,42,22,42,30,26,67,random_forest,Density / Complexity,13
0.5,0.4913194444444444,0.5227272727272727,0.6388888888888888,0.575,0.4761284722222222,0.5172862072062573,22,42,26,46,26,67,logistic_regression,Technical Evidence,6
0.5441176470588235,0.5494791666666666,0.5892857142857143,0.4583333333333333,0.515625,0.6028645833333334,0.603983727372345,41,23,39,33,26,67,random_forest,Technical Evidence,6
0.5735294117647058,0.5789930555555556,0.625,0.4861111111111111,0.546875,0.5954861111111112,0.691420613231742,43,21,37,35,26,67,logistic_regression,Security-Relevant Semantics,30
0.6176470588235294,0.6232638888888888,0.6785714285714286,0.5277777777777778,0.59375,0.5789930555555556,0.6613417455508734,46,18,34,38,26,67,random_forest,Security-Relevant Semantics,30
0.6176470588235294,0.625,0.6923076923076923,0.5,0.5806451612903226,0.5633680555555556,0.6531998196520256,48,16,36,36,26,67,logistic_regression,Density + Technical,19
0.5,0.5052083333333334,0.5357142857142857,0.4166666666666667,0.46875,0.587673611111111,0.6309473131345283,38,26,42,30,26,67,random_forest,Density + Technical,19
0.6176470588235294,0.6197916666666667,0.65625,0.5833333333333334,0.6176470588235294,0.6085069444444444,0.6811363563074417,42,22,30,42,26,67,logistic_regression,Density + Security-Relevant,43
0.5294117647058824,0.5295138888888888,0.5588235294117647,0.5277777777777778,0.5428571428571428,0.6180555555555556,0.7165889661689706,34,30,34,38,26,67,random_forest,Density + Security-Relevant,43
0.5735294117647058,0.5789930555555556,0.625,0.4861111111111111,0.546875,0.5669487847222222,0.6838609368913897,43,21,37,35,26,67,logistic_regression,Technical + Security-Relevant,36
0.6470588235294118,0.6545138888888888,0.7307692307692307,0.5277777777777778,0.6129032258064516,0.6362847222222223,0.6624147998193652,50,14,34,38,26,67,random_forest,Technical + Security-Relevant,36
0.6176470588235294,0.6197916666666667,0.65625,0.5833333333333334,0.6176470588235294,0.5677083333333334,0.660444464664463,42,22,30,42,26,67,logistic_regression,Density + Technical + Security-Relevant,49
0.5441176470588235,0.5425347222222222,0.5694444444444444,0.5694444444444444,0.5694444444444444,0.5989583333333333,0.6878441157759347,33,31,31,41,26,67,random_forest,Density + Technical + Security-Relevant,49
0.5147058823529411,0.5155844155844156,0.5,0.5454545454545454,0.5217391304347826,0.5614718614718615,0.5894339609889304,34,36,30,36,27,68,logistic_regression,Density / Complexity,13
0.4852941176470588,0.4861471861471861,0.4722222222222222,0.5151515151515151,0.4927536231884058,0.46969696969696967,0.5464569763491337,32,38,32,34,27,68,random_forest,Density / Complexity,13
0.5,0.5034632034632035,0.4880952380952381,0.6212121212121212,0.5466666666666666,0.525974025974026,0.542392457729189,27,43,25,41,27,68,logistic_regression,Technical Evidence,6
0.5,0.4956709956709957,0.4791666666666667,0.3484848484848485,0.40350877192982454,0.5,0.5308418120362938,45,25,43,23,27,68,random_forest,Technical Evidence,6
0.6029411764705882,0.6012987012987012,0.6,0.5454545454545454,0.5714285714285714,0.6220779220779221,0.549650966243807,46,24,30,36,27,68,logistic_regression,Security-Relevant Semantics,30
0.5147058823529411,0.5086580086580087,0.5,0.30303030303030304,0.37735849056603776,0.5086580086580087,0.5005288075657744,50,20,46,20,27,68,random_forest,Security-Relevant Semantics,30
0.5147058823529411,0.5155844155844156,0.5,0.5454545454545454,0.5217391304347826,0.5528138528138529,0.5753885077174565,34,36,30,36,27,68,logistic_regression,Density + Technical,19
0.5294117647058824,0.5311688311688312,0.5131578947368421,0.5909090909090909,0.5492957746478874,0.5285714285714286,0.5931898024037314,33,37,27,39,27,68,random_forest,Density + Technical,19
0.5,0.49913419913419915,0.484375,0.4696969696969697,0.47692307692307695,0.5874458874458874,0.5364566079453923,37,33,35,31,27,68,logistic_regression,Density + Security-Relevant,43
0.5735294117647058,0.5718614718614718,0.5666666666666667,0.5151515151515151,0.5396825396825397,0.5935064935064934,0.6123540707424044,44,26,32,34,27,68,random_forest,Density + Security-Relevant,43
0.5735294117647058,0.570995670995671,0.5714285714285714,0.48484848484848486,0.5245901639344263,0.6285714285714286,0.5504890850086634,46,24,34,32,27,68,logistic_regression,Technical + Security-Relevant,36
0.5294117647058824,0.525974025974026,0.5192307692307693,0.4090909090909091,0.4576271186440678,0.503030303030303,0.5208695086581572,45,25,39,27,27,68,random_forest,Technical + Security-Relevant,36
0.5588235294117647,0.5597402597402598,0.5416666666666666,0.5909090909090909,0.5652173913043478,0.5664502164502164,0.5193583603610167,37,33,27,39,27,68,logistic_regression,Density + Technical + Security-Relevant,49
0.5147058823529411,0.5155844155844156,0.5,0.5454545454545454,0.5217391304347826,0.5303030303030303,0.5687184820144964,34,36,30,36,27,68,random_forest,Density + Technical + Security-Relevant,49
0.6544117647058824,0.6413163108078362,0.6153846153846154,0.5423728813559322,0.5765765765765766,0.657164869029276,0.6551419282504203,57,20,27,32,28,69,logistic_regression,Density / Complexity,13
0.6544117647058824,0.6571648690292757,0.5882352941176471,0.6779661016949152,0.6299212598425197,0.6818181818181819,0.6582418866654607,49,28,19,40,28,69,random_forest,Density / Complexity,13
0.5514705882352942,0.5603125687871451,0.4868421052631579,0.6271186440677966,0.5481481481481482,0.5541492405899185,0.4907519668577804,38,39,22,37,28,69,logistic_regression,Technical Evidence,6
0.5367647058823529,0.5057230904688532,0.4444444444444444,0.2711864406779661,0.3368421052631579,0.48195025313669376,0.44703064877310217,57,20,43,16,28,69,random_forest,Technical Evidence,6
0.5955882352941176,0.6052168170812238,0.5263157894736842,0.6779661016949152,0.5925925925925926,0.6316310807836232,0.6204413750945528,41,36,19,40,28,69,logistic_regression,Security-Relevant Semantics,30
0.47794117647058826,0.4735857362976007,0.40625,0.4406779661016949,0.42276422764227645,0.48635263042042703,0.4337864418631866,39,38,33,26,28,69,random_forest,Security-Relevant Semantics,30
0.5955882352941176,0.5893682588597843,0.5333333333333333,0.5423728813559322,0.5378151260504201,0.6582654633502092,0.6449806934802352,49,28,27,32,28,69,logistic_regression,Density + Technical,19
0.6985294117647058,0.6981069777679947,0.640625,0.6949152542372882,0.6666666666666666,0.664208672683249,0.5819882411039692,54,23,18,41,28,69,random_forest,Density + Technical,19
0.5661764705882353,0.5713185119964781,0.5,0.6101694915254238,0.549618320610687,0.6011446180937706,0.5717158038671114,41,36,23,36,28,69,logistic_regression,Density + Security-Relevant,43
0.5661764705882353,0.5554699537750385,0.5,0.4745762711864407,0.48695652173913045,0.5691173233546116,0.5514297950076534,49,28,31,28,28,69,random_forest,Density + Security-Relevant,43
0.5661764705882353,0.5792427911071979,0.5,0.6779661016949152,0.5755395683453237,0.609949372661237,0.6049731041471026,37,40,19,40,28,69,logistic_regression,Technical + Security-Relevant,36
0.49264705882352944,0.4925159586176535,0.4264705882352941,0.4915254237288136,0.4566929133858268,0.4845916795069338,0.430825712075216,38,39,30,29,28,69,random_forest,Technical + Security-Relevant,36
0.5661764705882353,0.5713185119964781,0.5,0.6101694915254238,0.549618320610687,0.5978428351309708,0.5627884154494344,41,36,23,36,28,69,logistic_regression,Density + Technical + Security-Relevant,49
0.47794117647058826,0.4735857362976007,0.40625,0.4406779661016949,0.42276422764227645,0.5189302223200528,0.5054452484952885,39,38,33,26,28,69,random_forest,Density + Technical + Security-Relevant,49
0.47794117647058826,0.46862745098039216,0.34375,0.43137254901960786,0.3826086956521739,0.5733564013840831,0.5239633928007517,43,42,29,22,29,70,logistic_regression,Density / Complexity,13
0.5514705882352942,0.5235294117647058,0.40384615384615385,0.4117647058823529,0.4077669902912621,0.5161476355247981,0.4199276873960202,54,31,30,21,29,70,random_forest,Density / Complexity,13
0.375,0.37450980392156863,0.2638888888888889,0.37254901960784315,0.3089430894308943,0.38604382929642445,0.3457301216298895,32,53,32,19,29,70,logistic_regression,Technical Evidence,6
0.5955882352941176,0.5313725490196078,0.4375,0.27450980392156865,0.3373493975903614,0.480161476355248,0.396344438159157,67,18,37,14,29,70,random_forest,Technical Evidence,6
0.625,0.6176470588235294,0.5,0.5882352941176471,0.5405405405405406,0.6582468281430219,0.5189095554015414,55,30,21,30,29,70,logistic_regression,Security-Relevant Semantics,30
0.5220588235294118,0.5,0.375,0.4117647058823529,0.3925233644859813,0.5253748558246828,0.44203490206752627,50,35,30,21,29,70,random_forest,Security-Relevant Semantics,30
0.5955882352941176,0.6019607843137255,0.47058823529411764,0.6274509803921569,0.5378151260504201,0.5854671280276816,0.4555689288604513,49,36,19,32,29,70,logistic_regression,Density + Technical,19
0.6397058823529411,0.6098039215686274,0.5208333333333334,0.49019607843137253,0.5050505050505051,0.58719723183391,0.4740644518750342,62,23,26,25,29,70,random_forest,Density + Technical,19
0.5955882352941176,0.5862745098039216,0.4666666666666667,0.5490196078431373,0.5045045045045045,0.6400230680507497,0.4717304088707541,53,32,23,28,29,70,logistic_regression,Density + Security-Relevant,43
0.5514705882352942,0.5549019607843138,0.4264705882352941,0.5686274509803921,0.48739495798319327,0.5041522491349482,0.39959499874608817,46,39,22,29,29,70,random_forest,Density + Security-Relevant,43
0.5955882352941176,0.6098039215686275,0.4722222222222222,0.6666666666666666,0.5528455284552846,0.6625144175317187,0.5549118171789741,47,38,17,34,29,70,logistic_regression,Technical + Security-Relevant,36
0.5808823529411765,0.5627450980392157,0.44642857142857145,0.49019607843137253,0.4672897196261682,0.5936562860438293,0.5049808710530548,54,31,26,25,29,70,random_forest,Technical + Security-Relevant,36
0.6102941176470589,0.6098039215686275,0.484375,0.6078431372549019,0.5391304347826087,0.6886966551326413,0.5187529940572536,52,33,20,31,29,70,logistic_regression,Density + Technical + Security-Relevant,49
0.5955882352941176,0.5941176470588235,0.46875,0.5882352941176471,0.5217391304347826,0.6194925028835063,0.47980584404901266,51,34,21,30,29,70,random_forest,Density + Technical + Security-Relevant,49
0.45588235294117646,0.4491071428571428,0.5416666666666666,0.4875,0.5131578947368421,0.3822544642857143,0.5218863888669785,23,33,41,39,30,71,logistic_regression,Density / Complexity,13
0.5,0.5053571428571428,0.59375,0.475,0.5277777777777778,0.48482142857142857,0.6410109791959671,30,26,42,38,30,71,random_forest,Density / Complexity,13
0.5588235294117647,0.5178571428571428,0.6,0.75,0.6666666666666666,0.38928571428571435,0.5410660789681189,16,40,20,60,30,71,logistic_regression,Technical Evidence,6
0.35294117647058826,0.36964285714285716,0.4230769230769231,0.275,0.3333333333333333,0.39285714285714285,0.5932449311644384,26,30,58,22,30,71,random_forest,Technical Evidence,6
0.5735294117647058,0.5919642857142857,0.6964285714285714,0.4875,0.5735294117647058,0.6540178571428572,0.7024308729696485,39,17,41,39,30,71,logistic_regression,Security-Relevant Semantics,30
0.5,0.5428571428571428,0.6666666666666666,0.3,0.41379310344827586,0.4754464285714286,0.6301862162706751,44,12,56,24,30,71,random_forest,Security-Relevant Semantics,30
0.38235294117647056,0.37857142857142856,0.47058823529411764,0.4,0.43243243243243246,0.425,0.5332352264288113,20,36,48,32,30,71,logistic_regression,Density + Technical,19
0.5294117647058824,0.5357142857142857,0.625,0.5,0.5555555555555556,0.5401785714285715,0.6724131094072529,32,24,40,40,30,71,random_forest,Density + Technical,19
0.5294117647058824,0.5571428571428572,0.6666666666666666,0.4,0.5,0.6136160714285714,0.6772579136392219,40,16,48,32,30,71,logistic_regression,Density + Security-Relevant,43
0.5147058823529411,0.5473214285714285,0.6590909090909091,0.3625,0.46774193548387094,0.5196428571428572,0.660337532428749,41,15,51,29,30,71,random_forest,Density + Security-Relevant,43
0.5735294117647058,0.5919642857142857,0.6964285714285714,0.4875,0.5735294117647058,0.6470982142857142,0.7155630033942587,39,17,41,39,30,71,logistic_regression,Technical + Security-Relevant,36
0.5,0.5321428571428571,0.6363636363636364,0.35,0.45161290322580644,0.5723214285714286,0.6760753717225755,40,16,52,28,30,71,random_forest,Technical + Security-Relevant,36
0.5441176470588235,0.5669642857142857,0.6730769230769231,0.4375,0.5303030303030303,0.6193080357142857,0.6878238662409666,39,17,45,35,30,71,logistic_regression,Density + Technical + Security-Relevant,49
0.5441176470588235,0.5830357142857143,0.725,0.3625,0.48333333333333334,0.5339285714285714,0.6907407662208767,45,11,51,29,30,71,random_forest,Density + Technical + Security-Relevant,49
