feature,nonzero_rows,fraction_nonzero,mean,max
ps_chars,680,1.0,1462.4411764705883,13613.0
ps_lines,680,1.0,26.17058823529412,310.0
ps_words,680,1.0,210.00588235294117,1830.0
ps_questions,116,0.17058823529411765,0.2529411764705882,4.0
ps_numeric_literal_count,540,0.7941176470588235,11.823529411764707,286.0
ps_identifier_count,612,0.9,10.494117647058824,103.0
ps_bullet_count,48,0.07058823529411765,0.4411764705882353,23.0
ps_constraint_count,416,0.611764705882353,1.2529411764705882,10.0
ps_modal_count,288,0.4235294117647059,0.5764705882352941,4.0
ps_chars_per_line,680,1.0,65.86826583943507,183.8
ps_words_per_line,680,1.0,10.004912961160354,30.0
ps_identifier_density,612,0.9,0.04383802206591221,0.1440677966101695
ps_numeric_density,540,0.7941176470588235,0.041024849363884626,0.31140350877192985
ps_file_path_count,116,0.17058823529411765,0.4235294117647059,14.0
ps_unique_file_path_count,116,0.17058823529411765,0.23529411764705882,3.0
ps_test_reference_count,152,0.2235294117647059,1.0470588235294118,36.0
ps_traceback_count,108,0.1588235294117647,1.0647058823529412,36.0
ps_url_count,224,0.32941176470588235,0.6352941176470588,8.0
ps_code_fence_count,68,0.1,0.23529411764705882,9.0
ps_domain_explicit_security,104,0.15294117647058825,0.15294117647058825,1.0
ps_domain_auth,60,0.08823529411764706,0.08823529411764706,1.0
ps_domain_input_validation,64,0.09411764705882353,0.09411764705882353,1.0
ps_domain_database,208,0.3058823529411765,0.3058823529411765,1.0
ps_domain_network_api,280,0.4117647058823529,0.4117647058823529,1.0
ps_domain_filesystem,168,0.24705882352941178,0.24705882352941178,1.0
ps_domain_command_exec,76,0.11176470588235295,0.11176470588235295,1.0
ps_domain_crypto_secret,16,0.023529411764705882,0.023529411764705882,1.0
ps_domain_dependency,204,0.3,0.3,1.0
ps_domain_serialization,52,0.07647058823529412,0.07647058823529412,1.0
ps_domain_web_output,148,0.21764705882352942,0.21764705882352942,1.0
ps_domain_permissions,68,0.1,0.1,1.0
ps_domain_concurrency,8,0.011764705882352941,0.011764705882352941,1.0
ps_domain_error_handling,212,0.31176470588235294,0.31176470588235294,1.0
ps_domain_explicit_security_count,104,0.15294117647058825,0.5647058823529412,25.0
ps_domain_auth_count,60,0.08823529411764706,0.2647058823529412,13.0
ps_domain_input_validation_count,64,0.09411764705882353,0.2411764705882353,11.0
ps_domain_database_count,208,0.3058823529411765,1.8235294117647058,48.0
ps_domain_network_api_count,280,0.4117647058823529,1.1294117647058823,22.0
ps_domain_filesystem_count,168,0.24705882352941178,1.5,34.0
ps_domain_command_exec_count,76,0.11176470588235295,0.17647058823529413,5.0
ps_domain_crypto_secret_count,16,0.023529411764705882,0.041176470588235294,4.0
ps_domain_dependency_count,204,0.3,1.2647058823529411,38.0
ps_domain_serialization_count,52,0.07647058823529412,0.27647058823529413,20.0
ps_domain_web_output_count,148,0.21764705882352942,0.5705882352941176,14.0
ps_domain_permissions_count,68,0.1,0.29411764705882354,10.0
ps_domain_concurrency_count,8,0.011764705882352941,0.047058823529411764,5.0
ps_domain_error_handling_count,212,0.31176470588235294,0.7235294117647059,10.0
ps_security_relevant_domain_count,616,0.9058823529411765,2.3,7.0
ps_explicit_security_term_count,104,0.15294117647058825,0.5647058823529412,25.0
