case,problem_statement_chars,ps_chars,ps_lines,ps_words,ps_questions,ps_numeric_literal_count,ps_identifier_count,ps_bullet_count,ps_constraint_count,ps_modal_count,ps_chars_per_line,ps_words_per_line,ps_identifier_density,ps_numeric_density,ps_file_path_count,ps_unique_file_path_count,ps_test_reference_count,ps_traceback_count,ps_url_count,ps_code_fence_count,ps_domain_explicit_security,ps_domain_auth,ps_domain_input_validation,ps_domain_database,ps_domain_network_api,ps_domain_filesystem,ps_domain_command_exec,ps_domain_crypto_secret,ps_domain_dependency,ps_domain_serialization,ps_domain_web_output,ps_domain_permissions,ps_domain_concurrency,ps_domain_error_handling,ps_domain_explicit_security_count,ps_domain_auth_count,ps_domain_input_validation_count,ps_domain_database_count,ps_domain_network_api_count,ps_domain_filesystem_count,ps_domain_command_exec_count,ps_domain_crypto_secret_count,ps_domain_dependency_count,ps_domain_serialization_count,ps_domain_web_output_count,ps_domain_permissions_count,ps_domain_concurrency_count,ps_domain_error_handling_count,ps_security_relevant_domain_count,ps_explicit_security_term_count
astropy__astropy-11693,13613,13613,310,1830,2,286,94,0,8,2,43.91290322580645,5.903225806451613,0.05136612021857923,0.15628415300546447,2,1,0,0,8,9,0,0,1,0,1,0,1,0,1,0,1,0,0,1,0,0,4,0,8,0,2,0,38,0,14,0,0,6,6,0
astropy__astropy-12318,1620,1620,54,215,0,16,12,0,0,0,30.0,3.9814814814814814,0.05581395348837209,0.07441860465116279,0,0,0,4,0,4,0,0,0,0,0,1,0,0,1,0,1,0,0,1,0,0,0,0,0,2,0,0,7,0,2,0,0,2,4,0
astropy__astropy-12825,1582,1582,57,242,0,44,15,0,1,0,27.75438596491228,4.245614035087719,0.06198347107438017,0.18181818181818182,2,2,0,4,0,4,0,0,0,0,0,1,0,0,1,0,0,0,0,1,0,0,0,0,0,3,0,0,4,0,0,0,0,2,3,0
astropy__astropy-13033,2789,2789,71,412,0,27,17,0,7,1,39.28169014084507,5.802816901408451,0.0412621359223301,0.06553398058252427,0,0,0,0,3,2,0,0,1,0,1,0,1,0,1,0,1,0,0,1,0,0,1,0,3,0,1,0,12,0,2,0,0,5,6,0
astropy__astropy-13162,975,975,33,155,0,24,5,0,0,0,29.545454545454547,4.696969696969697,0.03225806451612903,0.15483870967741936,0,0,0,0,0,2,0,0,0,0,1,0,0,0,1,0,0,0,0,0,0,0,0,0,1,0,0,0,1,0,0,0,0,0,2,0
astropy__astropy-13236,2056,2056,38,329,0,6,8,2,1,1,54.10526315789474,8.657894736842104,0.0243161094224924,0.0182370820668693,0,0,0,0,2,1,0,0,0,0,1,0,0,0,0,1,0,0,0,0,0,0,0,0,3,0,0,0,0,1,0,0,0,0,2,0
astropy__astropy-13390,12104,12104,245,1431,1,41,103,0,0,0,49.40408163265306,5.840816326530613,0.07197763801537387,0.0286512928022362,14,2,36,0,0,1,0,0,0,0,0,0,0,0,0,0,0,0,0,1,0,0,0,0,0,0,0,0,0,0,0,0,0,4,1,0
astropy__astropy-13462,1425,1425,36,196,1,22,8,0,0,0,39.583333333333336,5.444444444444445,0.04081632653061224,0.11224489795918367,3,2,6,0,3,1,0,0,0,0,1,0,0,0,0,0,0,0,0,0,0,0,0,0,3,0,0,0,0,0,0,0,0,0,1,0
astropy__astropy-13572,1048,1048,24,124,1,2,5,0,1,1,43.666666666666664,5.166666666666667,0.04032258064516129,0.016129032258064516,0,0,0,0,0,1,0,0,0,0,1,0,0,0,0,0,0,0,0,1,0,0,0,0,1,0,0,0,0,0,0,0,0,1,2,0
astropy__astropy-14309,4907,4907,91,649,0,40,38,0,5,2,53.92307692307692,7.131868131868132,0.05855161787365177,0.061633281972265024,0,0,5,5,5,2,0,0,1,0,1,1,1,0,1,0,1,0,0,1,0,0,1,0,5,9,1,0,12,0,2,0,0,1,7,0
astropy__astropy-14365,1336,1336,47,239,0,49,9,0,3,3,28.425531914893618,5.085106382978723,0.03765690376569038,0.20502092050209206,0,0,3,1,0,2,0,0,0,0,0,1,0,0,1,0,0,0,0,1,0,0,0,0,0,3,0,0,1,0,0,0,0,2,3,0
astropy__astropy-14991,1009,1009,33,145,0,10,14,3,3,2,30.575757575757574,4.393939393939394,0.09655172413793103,0.06896551724137931,0,0,0,0,0,1,0,0,0,0,0,0,0,0,1,0,0,0,0,0,0,0,0,0,0,0,0,0,9,0,0,0,0,0,1,0
astropy__astropy-7606,1051,1051,26,127,0,16,5,0,2,2,40.42307692307692,4.884615384615385,0.03937007874015748,0.12598425196850394,0,0,0,1,0,1,0,0,0,0,0,0,0,0,0,0,0,0,0,1,0,0,0,0,0,0,0,0,0,0,0,0,0,2,1,0
astropy__astropy-7671,1914,1914,57,231,0,34,16,0,1,0,33.578947368421055,4.052631578947368,0.06926406926406926,0.1471861471861472,0,0,0,1,1,4,0,0,0,0,1,0,0,0,1,0,0,0,0,1,0,0,0,0,1,0,0,0,16,0,0,0,0,1,3,0
astropy__astropy-7858,1694,1694,39,206,1,32,14,0,1,1,43.43589743589744,5.282051282051282,0.06796116504854369,0.1553398058252427,0,0,0,1,0,1,0,0,0,0,0,0,0,0,1,0,1,0,0,1,0,0,0,0,0,0,0,0,1,0,1,0,0,2,3,0
astropy__astropy-8005,961,961,20,138,1,5,4,0,1,0,48.05,6.9,0.028985507246376812,0.036231884057971016,0,0,0,0,2,2,0,0,0,0,1,0,0,0,1,0,0,0,0,1,0,0,0,0,2,0,0,0,2,0,0,0,0,1,3,0
astropy__astropy-8263,1689,1689,33,257,0,15,14,0,0,0,51.18181818181818,7.787878787878788,0.054474708171206226,0.058365758754863814,1,1,3,0,2,2,0,0,0,0,1,0,0,0,0,0,0,0,0,0,0,0,0,0,2,0,0,0,0,0,0,0,0,0,1,0
astropy__astropy-8292,573,573,10,93,2,12,3,0,1,1,57.3,9.3,0.03225806451612903,0.12903225806451613,0,0,0,0,2,0,0,0,0,0,1,0,0,0,0,0,1,0,0,0,0,0,0,0,2,0,0,0,0,0,1,0,0,0,2,0
django__django-10087,229,229,5,32,0,1,2,0,1,1,45.8,6.4,0.0625,0.03125,0,0,0,0,1,0,0,0,1,0,1,0,0,0,0,0,0,0,0,0,0,0,1,0,1,0,0,0,0,0,0,0,0,0,2,0
django__django-10316,619,619,9,77,0,0,7,0,1,1,68.77777777777777,8.555555555555555,0.09090909090909091,0.0,0,0,0,0,0,0,0,0,0,0,0,0,0,0,0,0,0,0,0,1,0,0,0,0,0,0,0,0,0,0,0,0,0,2,1,0
django__django-10426,263,263,9,39,0,3,0,0,1,1,29.22222222222222,4.333333333333333,0.0,0.07692307692307693,0,0,0,0,0,0,0,0,1,0,0,0,1,0,0,0,0,0,0,0,0,0,3,0,0,0,2,0,0,0,0,0,0,0,2,0
django__django-10531,552,552,6,84,0,0,1,0,1,1,92.0,14.0,0.011904761904761904,0.0,0,0,0,0,0,0,0,0,0,0,0,0,0,0,0,0,0,1,0,0,0,0,0,0,0,0,0,0,0,0,0,2,0,0,1,0
django__django-10880,277,277,4,43,0,1,0,0,0,0,69.25,10.75,0.0,0.023255813953488372,0,0,0,0,0,0,0,0,0,1,0,0,0,0,0,0,0,0,0,0,0,0,0,2,0,0,0,0,0,0,0,0,0,0,1,0
django__django-10914,1020,1020,8,159,0,4,2,0,0,0,127.5,19.875,0.012578616352201259,0.025157232704402517,0,0,0,0,0,0,1,0,0,0,0,1,0,0,0,0,0,1,0,0,1,0,0,0,0,5,0,0,0,0,0,1,0,0,2,1
django__django-10924,821,821,12,132,0,1,9,0,0,0,68.41666666666667,11.0,0.06818181818181818,0.007575757575757576,0,0,0,0,0,0,0,0,0,0,0,1,0,0,1,0,0,0,0,0,0,0,0,0,0,7,0,0,3,0,0,0,0,0,2,0
django__django-11049,705,705,7,114,0,6,0,0,2,2,100.71428571428571,16.285714285714285,0.0,0.05263157894736842,0,0,0,0,0,0,0,0,0,0,0,0,0,0,0,0,0,0,0,0,0,0,0,0,0,0,0,0,0,0,0,0,0,0,0,0
django__django-11066,1866,1866,19,268,0,1,15,0,2,1,98.21052631578948,14.105263157894736,0.055970149253731345,0.0037313432835820895,0,0,0,1,3,0,0,0,0,1,1,1,1,0,0,0,0,0,0,1,0,0,0,11,3,2,2,0,0,0,0,0,0,1,5,0
django__django-11088,4120,4120,80,576,1,29,51,0,0,0,51.5,7.2,0.08854166666666667,0.050347222222222224,2,1,0,19,0,0,1,0,1,1,0,1,0,0,0,0,1,0,0,1,3,0,2,5,0,18,0,0,0,0,1,0,0,1,5,3
django__django-11099,763,763,9,121,0,0,1,0,3,0,84.77777777777777,13.444444444444445,0.008264462809917356,0.0,0,0,0,0,0,0,0,1,0,0,0,0,0,0,0,0,0,0,0,0,0,1,0,0,0,0,0,0,0,0,0,0,0,0,1,0
django__django-11133,894,894,20,114,0,0,4,0,0,0,44.7,5.7,0.03508771929824561,0.0,0,0,0,0,0,0,0,0,0,1,1,0,0,0,1,0,0,0,0,0,0,0,0,4,7,0,0,0,1,0,0,0,0,0,3,0
django__django-11149,782,782,16,124,0,4,8,0,3,0,48.875,7.75,0.06451612903225806,0.03225806451612903,0,0,0,0,1,0,0,0,0,0,1,0,0,0,0,0,0,1,0,0,0,0,0,0,1,0,0,0,0,0,0,4,0,0,2,0
django__django-11165,588,588,6,96,2,1,9,0,0,0,98.0,16.0,0.09375,0.010416666666666666,0,0,0,0,0,0,0,0,0,0,1,0,0,0,0,0,1,0,0,0,0,0,0,0,5,0,0,0,0,0,1,0,0,0,2,0
django__django-11177,874,874,7,159,1,8,1,0,0,0,124.85714285714286,22.714285714285715,0.006289308176100629,0.050314465408805034,1,1,0,0,0,0,0,0,0,0,0,1,0,0,0,0,0,0,0,0,0,0,0,0,0,2,0,0,0,0,0,0,0,0,1,0
django__django-11211,958,958,20,136,0,2,9,0,0,0,47.9,6.8,0.0661764705882353,0.014705882352941176,0,0,0,0,1,0,0,0,0,1,1,0,0,0,0,0,0,0,0,1,0,0,0,1,1,0,0,0,0,0,0,0,0,1,3,0
django__django-11234,985,985,23,126,0,0,14,0,0,0,42.82608695652174,5.478260869565218,0.1111111111111111,0.0,0,0,0,0,0,0,0,0,0,0,0,0,0,0,0,0,0,0,0,0,0,0,0,0,0,0,0,0,0,0,0,0,0,0,0,0
django__django-11239,1055,1055,25,135,0,2,10,0,2,1,42.2,5.4,0.07407407407407407,0.014814814814814815,0,0,0,0,0,0,1,0,0,1,0,0,1,1,0,0,0,0,0,0,1,0,0,9,0,0,1,4,0,0,0,0,0,0,3,1
django__django-11244,3039,3039,40,408,0,10,22,6,4,2,75.975,10.2,0.05392156862745098,0.024509803921568627,8,2,10,0,2,0,0,0,0,0,1,0,0,0,0,0,0,0,0,0,0,0,0,0,2,0,0,0,0,0,0,0,0,0,1,0
django__django-11276,1119,1119,14,177,0,9,12,0,0,0,79.92857142857143,12.642857142857142,0.06779661016949153,0.05084745762711865,0,0,0,0,2,0,0,0,1,0,1,0,0,0,1,0,1,0,0,0,0,0,11,0,2,0,0,0,3,0,12,0,0,0,4,0
django__django-11294,1488,1488,27,232,0,13,6,2,2,1,55.111111111111114,8.592592592592593,0.02586206896551724,0.05603448275862069,2,2,5,0,0,0,0,0,0,0,0,0,0,0,0,0,0,0,0,1,0,0,0,0,0,0,0,0,0,0,0,0,0,2,1,0
django__django-11356,910,910,15,133,0,5,10,0,1,1,60.666666666666664,8.866666666666667,0.07518796992481203,0.03759398496240601,4,3,0,4,1,0,0,0,1,0,1,1,0,0,0,0,0,1,0,0,0,0,2,0,2,4,0,0,0,0,0,3,0,0,4,0
django__django-11399,2440,2440,44,456,0,142,25,0,0,0,55.45454545454545,10.363636363636363,0.05482456140350877,0.31140350877192985,0,0,0,0,1,0,0,0,0,0,1,0,0,0,1,0,0,0,0,0,0,0,0,0,1,0,0,0,2,0,0,0,0,0,2,0
django__django-11446,519,519,16,92,0,3,0,0,0,0,32.4375,5.75,0.0,0.03260869565217391,0,0,0,0,0,0,0,0,0,0,0,0,0,0,0,0,1,0,0,0,0,0,0,0,0,0,0,0,0,0,7,0,0,0,1,0
django__django-11451,2066,2066,31,276,0,1,6,0,2,0,66.64516129032258,8.903225806451612,0.021739130434782608,0.0036231884057971015,0,0,1,0,0,0,1,1,0,1,1,0,0,0,0,0,0,0,0,1,1,13,0,6,1,0,0,0,0,0,0,0,0,2,4,1
django__django-11457,1277,1277,7,208,3,0,0,0,1,1,182.42857142857142,29.714285714285715,0.0,0.0,0,0,2,0,0,0,0,0,0,1,0,0,0,0,0,0,1,0,0,1,0,0,0,1,0,0,0,0,0,0,1,0,0,1,3,0
django__django-11490,456,456,11,64,0,3,6,0,0,0,41.45454545454545,5.818181818181818,0.09375,0.046875,0,0,0,0,0,0,0,0,0,0,0,0,0,0,0,0,0,0,0,0,0,0,0,0,0,0,0,0,0,0,0,0,0,0,0,0
django__django-11517,1128,1128,22,149,0,2,12,0,3,0,51.27272727272727,6.7727272727272725,0.08053691275167785,0.013422818791946308,1,1,0,0,0,0,0,0,1,0,0,0,1,0,0,0,0,0,0,0,0,0,1,0,0,0,3,0,0,0,0,0,0,0,2,0
django__django-11527,868,868,7,142,0,1,2,0,4,3,124.0,20.285714285714285,0.014084507042253521,0.007042253521126761,0,0,0,0,0,0,0,0,0,1,0,0,0,0,0,0,1,0,0,1,0,0,0,1,0,0,0,0,0,0,1,0,0,2,3,0
django__django-11618,2126,2126,16,331,0,2,11,0,1,0,132.875,20.6875,0.03323262839879154,0.006042296072507553,0,0,0,2,1,0,0,0,0,0,1,1,0,0,0,1,0,1,0,1,0,0,0,0,1,6,0,0,0,2,0,2,0,3,5,0
django__django-11620,889,889,8,153,0,1,0,0,2,2,111.125,19.125,0.0,0.006535947712418301,0,0,0,0,0,0,0,0,1,0,1,1,0,0,0,0,0,0,0,1,0,0,1,0,4,4,0,0,0,0,0,0,0,1,4,0
django__django-11666,1022,1022,15,155,0,2,1,0,0,0,68.13333333333334,10.333333333333334,0.0064516129032258064,0.012903225806451613,0,0,0,0,1,0,0,0,0,0,1,0,0,0,0,0,1,0,0,0,0,0,0,0,8,0,0,0,0,0,1,0,0,0,2,0
django__django-11669,233,233,5,36,0,0,1,0,2,1,46.6,7.2,0.027777777777777776,0.0,0,0,0,0,0,0,0,0,0,0,0,0,0,0,0,0,0,0,0,0,0,0,0,0,0,0,0,0,0,0,0,0,0,0,0,0
django__django-11680,1089,1089,27,143,1,8,10,4,0,0,40.333333333333336,5.296296296296297,0.06993006993006994,0.055944055944055944,0,0,0,0,1,0,0,0,0,1,1,0,0,0,0,0,0,0,0,0,0,0,0,1,1,0,0,0,0,0,0,0,0,0,2,0
django__django-11701,5092,5092,80,758,2,98,53,23,0,0,63.65,9.475,0.06992084432717678,0.12928759894459102,0,0,0,1,2,0,1,1,0,1,1,1,0,0,1,0,0,1,0,1,9,5,0,13,22,23,0,0,2,0,0,10,0,4,7,9
django__django-11707,1783,1783,23,270,0,2,11,0,3,0,77.52173913043478,11.73913043478261,0.040740740740740744,0.007407407407407408,1,1,5,0,0,0,0,0,0,1,0,0,0,0,0,1,0,0,0,0,0,0,0,4,0,0,0,0,0,3,0,0,0,0,2,0
django__django-11734,831,831,28,111,0,0,6,0,1,0,29.678571428571427,3.9642857142857144,0.05405405405405406,0.0,0,0,2,0,0,0,0,0,0,1,0,0,0,0,0,0,0,0,0,0,0,0,0,1,0,0,0,0,0,0,0,0,0,0,1,0
django__django-11742,327,327,5,58,0,0,2,0,0,0,65.4,11.6,0.034482758620689655,0.0,0,0,0,0,0,0,0,0,0,0,0,0,0,0,0,0,0,0,0,0,0,0,0,0,0,0,0,0,0,0,0,0,0,0,0,0
django__django-11772,1643,1643,18,244,1,2,7,0,1,0,91.27777777777777,13.555555555555555,0.028688524590163935,0.00819672131147541,0,0,1,0,5,0,0,0,0,0,1,0,0,0,1,0,1,0,0,0,0,0,0,0,5,0,0,0,1,0,1,0,0,0,3,0
django__django-11797,755,755,12,121,0,4,5,0,1,1,62.916666666666664,10.083333333333334,0.04132231404958678,0.03305785123966942,0,0,0,0,0,0,0,1,0,1,0,0,0,0,1,0,0,0,0,0,0,1,0,5,0,0,0,0,1,0,0,0,0,0,3,0
django__django-11808,988,988,12,160,0,2,9,0,4,2,82.33333333333333,13.333333333333334,0.05625,0.0125,0,0,1,0,2,0,0,0,0,0,1,0,0,0,0,0,1,0,0,0,0,0,0,0,2,0,0,0,0,0,1,0,0,0,2,0
django__django-11848,625,625,11,113,0,12,1,0,1,1,56.81818181818182,10.272727272727273,0.008849557522123894,0.10619469026548672,0,0,0,0,0,0,0,0,0,0,1,0,0,0,0,0,0,0,0,0,0,0,0,0,1,0,0,0,0,0,0,0,0,0,1,0
django__django-11894,555,555,6,89,0,1,1,0,0,0,92.5,14.833333333333334,0.011235955056179775,0.011235955056179775,0,0,0,0,1,0,0,0,0,0,1,0,0,0,0,0,0,0,0,0,0,0,0,0,1,0,0,0,0,0,0,0,0,0,1,0
django__django-11911,3785,3785,77,527,0,33,26,0,6,3,49.15584415584416,6.8441558441558445,0.04933586337760911,0.06261859582542695,1,1,2,0,0,0,1,0,0,1,0,0,0,0,1,0,1,0,0,0,7,0,0,7,0,0,0,0,1,0,2,0,0,0,3,7
django__django-11964,2352,2352,44,290,0,6,30,2,1,0,53.45454545454545,6.590909090909091,0.10344827586206896,0.020689655172413793,1,1,10,2,0,0,0,0,0,1,1,1,0,0,1,0,0,0,0,1,0,0,0,1,1,1,0,0,4,0,0,0,0,1,5,0
django__django-11997,662,662,22,111,0,30,2,0,0,0,30.09090909090909,5.045454545454546,0.018018018018018018,0.2702702702702703,1,1,0,0,0,0,0,0,0,0,0,0,1,0,1,0,1,0,0,0,0,0,0,0,0,0,1,0,2,0,1,0,0,0,3,0
django__django-12125,1588,1588,37,234,0,3,20,0,1,1,42.91891891891892,6.324324324324325,0.08547008547008547,0.01282051282051282,0,0,0,0,0,0,0,0,0,0,0,1,0,0,1,1,0,0,0,0,0,0,0,0,0,3,0,0,2,2,0,0,0,0,3,0
django__django-12148,421,421,6,61,0,0,0,0,1,0,70.16666666666667,10.166666666666666,0.0,0.0,0,0,0,0,0,0,0,0,0,0,0,0,0,0,0,0,0,1,0,0,0,0,0,0,0,0,0,0,0,0,0,1,0,0,1,0
django__django-12155,776,776,18,127,0,2,5,0,1,0,43.111111111111114,7.055555555555555,0.03937007874015748,0.015748031496062992,0,0,3,0,0,0,0,0,0,0,0,0,0,0,0,0,0,1,0,0,0,0,0,0,0,0,0,0,0,0,0,2,0,0,1,0
django__django-12172,754,754,5,129,0,2,1,0,0,0,150.8,25.8,0.007751937984496124,0.015503875968992248,0,0,0,0,1,0,1,0,0,1,1,0,0,0,0,0,0,0,1,0,2,0,0,1,1,0,0,0,0,0,0,0,3,0,3,2
django__django-12184,976,976,23,138,3,11,5,0,0,0,42.43478260869565,6.0,0.036231884057971016,0.07971014492753623,0,0,0,4,0,0,0,0,0,0,1,1,0,0,0,1,1,0,0,1,0,0,0,0,8,3,0,0,0,1,3,0,0,4,5,0
django__django-12237,4006,4006,52,688,4,13,28,0,1,0,77.03846153846153,13.23076923076923,0.040697674418604654,0.0188953488372093,0,0,1,0,4,0,0,0,0,0,1,0,1,0,1,0,0,0,0,1,0,0,0,0,4,0,1,0,6,0,0,0,0,2,4,0
django__django-12431,3681,3681,72,496,0,23,50,0,0,0,51.125,6.888888888888889,0.10080645161290322,0.046370967741935484,0,0,25,24,0,0,1,1,0,1,1,1,0,0,1,0,0,0,0,1,1,2,0,7,1,24,0,0,4,0,0,0,0,6,6,1
django__django-12453,2905,2905,43,401,0,9,30,5,3,1,67.55813953488372,9.325581395348838,0.07481296758104738,0.022443890274314215,4,2,1,0,0,0,0,0,0,1,0,0,0,0,1,1,0,0,0,0,0,0,0,7,0,0,0,0,8,20,0,0,0,0,3,0
django__django-12470,598,598,14,83,0,0,4,0,0,0,42.714285714285715,5.928571428571429,0.04819277108433735,0.0,0,0,0,0,0,0,0,0,0,1,0,0,0,0,1,0,0,0,0,0,0,0,0,2,0,0,0,0,1,0,0,0,0,0,2,0
django__django-12519,5837,5837,134,568,0,26,0,0,2,2,43.559701492537314,4.2388059701492535,0.0,0.045774647887323945,0,0,0,0,0,0,0,0,0,1,0,0,0,0,0,0,0,0,0,0,0,0,0,4,0,0,0,0,0,0,0,0,0,0,1,0
django__django-12532,219,219,4,26,0,0,1,0,1,1,54.75,6.5,0.038461538461538464,0.0,0,0,0,0,0,0,0,0,0,0,0,0,0,0,0,0,0,0,0,0,0,0,0,0,0,0,0,0,0,0,0,0,0,0,0,0
django__django-12553,662,662,13,99,0,6,7,0,1,0,50.92307692307692,7.615384615384615,0.0707070707070707,0.06060606060606061,0,0,0,0,4,0,1,1,0,0,1,0,0,0,1,0,1,0,0,0,2,1,0,0,4,0,0,0,1,0,1,0,0,0,4,2
django__django-12556,243,243,4,36,0,1,1,0,2,1,60.75,9.0,0.027777777777777776,0.027777777777777776,0,0,0,0,0,0,0,0,0,0,0,0,0,1,0,0,0,0,0,0,0,0,0,0,0,0,0,1,0,0,0,0,0,0,1,0
django__django-12708,958,958,12,165,1,12,2,4,2,2,79.83333333333333,13.75,0.012121212121212121,0.07272727272727272,1,1,0,0,0,0,0,0,0,0,0,0,0,0,0,0,0,0,0,0,0,0,0,0,0,0,0,0,0,0,0,0,0,0,0,0
django__django-12734,645,645,20,80,0,3,6,0,0,0,32.25,4.0,0.075,0.0375,0,0,0,0,0,0,1,0,0,0,0,0,0,0,0,1,0,0,0,0,4,0,0,0,0,0,0,0,0,1,0,0,0,0,1,4
django__django-12741,397,397,9,49,0,0,4,0,0,0,44.111111111111114,5.444444444444445,0.08163265306122448,0.0,0,0,0,0,0,0,0,0,0,0,0,0,0,0,0,0,0,0,0,0,0,0,0,0,0,0,0,0,0,0,0,0,0,0,0,0
django__django-12803,1531,1531,23,208,0,2,12,0,1,1,66.56521739130434,9.043478260869565,0.057692307692307696,0.009615384615384616,0,0,5,0,0,0,0,0,0,0,0,1,0,1,0,0,0,0,0,0,0,0,0,0,0,8,0,1,0,0,0,0,0,0,2,0
django__django-12906,646,646,9,90,0,0,2,0,3,1,71.77777777777777,10.0,0.022222222222222223,0.0,0,0,1,0,0,0,0,0,0,0,1,0,0,0,1,0,1,1,0,0,0,0,0,0,3,0,0,0,1,0,2,3,0,0,4,0
django__django-12933,333,333,5,46,0,0,0,0,0,0,66.6,9.2,0.0,0.0,0,0,0,0,0,0,0,0,0,0,0,0,0,0,0,0,0,0,0,1,0,0,0,0,0,0,0,0,0,0,0,0,0,2,1,0
django__django-13022,541,541,6,92,0,4,2,0,0,0,90.16666666666667,15.333333333333334,0.021739130434782608,0.043478260869565216,1,1,0,0,0,0,0,0,1,0,0,0,0,0,0,0,0,0,0,1,0,0,1,0,0,0,0,0,0,0,0,0,0,1,2,0
django__django-13023,521,521,6,89,0,1,3,0,0,0,86.83333333333333,14.833333333333334,0.033707865168539325,0.011235955056179775,0,0,0,0,1,0,0,0,1,0,1,0,0,0,0,0,0,0,0,1,0,0,1,0,1,0,0,0,0,0,0,0,0,2,3,0
django__django-13028,2838,2838,55,382,0,18,34,0,1,1,51.6,6.945454545454545,0.08900523560209424,0.04712041884816754,0,0,1,10,0,0,1,0,0,1,0,1,0,0,0,0,0,0,0,1,4,0,0,11,0,8,0,0,0,0,0,0,0,3,3,4
django__django-13077,1464,1464,9,263,0,2,3,0,2,1,162.66666666666666,29.22222222222222,0.011406844106463879,0.0076045627376425855,1,1,1,0,0,0,0,0,0,0,0,1,1,0,0,0,0,1,0,0,0,0,0,0,0,4,2,0,0,0,0,3,0,0,3,0
django__django-13085,1458,1458,9,270,0,6,1,0,3,1,162.0,30.0,0.003703703703703704,0.022222222222222223,0,0,0,0,0,0,0,0,0,0,0,1,1,0,0,0,0,1,0,0,0,0,0,0,0,9,1,0,0,0,0,1,0,0,3,0
django__django-13109,1921,1921,30,259,0,2,15,0,7,4,64.03333333333333,8.633333333333333,0.05791505791505792,0.007722007722007722,0,0,0,0,1,0,0,0,1,0,1,0,0,0,0,0,0,0,0,0,0,0,9,0,1,0,0,0,0,0,0,0,0,0,2,0
django__django-13112,1943,1943,50,236,0,7,34,0,0,0,38.86,4.72,0.1440677966101695,0.029661016949152543,0,0,0,0,0,0,0,1,0,0,0,0,0,0,1,0,0,1,0,0,0,1,0,0,0,0,0,0,1,0,0,1,0,0,3,0
django__django-13165,3751,3751,50,580,1,58,46,0,2,1,75.02,11.6,0.07931034482758621,0.1,0,0,0,15,0,0,1,0,0,1,0,1,0,0,0,0,0,0,0,1,8,0,0,15,0,14,0,0,0,0,0,0,0,2,3,8
django__django-13170,649,649,14,65,0,0,1,0,1,0,46.357142857142854,4.642857142857143,0.015384615384615385,0.0,0,0,0,1,0,0,0,0,0,0,0,0,0,0,0,0,0,0,0,1,0,0,0,0,0,0,0,0,0,0,0,0,0,1,1,0
django__django-13220,611,611,7,91,0,0,3,0,1,0,87.28571428571429,13.0,0.03296703296703297,0.0,0,0,1,0,0,0,0,0,0,0,0,0,0,0,0,0,0,0,0,0,0,0,0,0,0,0,0,0,0,0,0,0,0,0,0,0
django__django-13233,827,827,7,147,1,5,1,0,0,0,118.14285714285714,21.0,0.006802721088435374,0.034013605442176874,0,0,0,0,1,0,0,0,0,0,1,0,0,0,0,0,0,0,0,1,0,0,0,0,1,0,0,0,0,0,0,0,0,1,2,0
django__django-13251,446,446,10,65,0,0,3,0,0,0,44.6,6.5,0.046153846153846156,0.0,0,0,0,0,0,0,0,0,0,0,0,0,0,0,0,0,0,0,0,0,0,0,0,0,0,0,0,0,0,0,0,0,0,0,0,0
django__django-13279,431,431,5,63,0,3,0,0,0,0,86.2,12.6,0.0,0.047619047619047616,0,0,0,0,0,0,0,1,0,0,0,0,0,0,0,0,0,0,0,0,0,2,0,0,0,0,0,0,0,0,0,0,0,0,1,0
django__django-13297,1383,1383,28,187,0,8,10,0,1,0,49.392857142857146,6.678571428571429,0.053475935828877004,0.0427807486631016,3,2,0,0,0,0,0,0,1,1,0,1,0,0,0,0,1,0,0,0,0,0,1,1,0,1,0,0,0,0,2,0,0,0,4,0
django__django-13341,1617,1617,33,223,0,8,11,0,3,1,49.0,6.757575757575758,0.04932735426008968,0.03587443946188341,3,2,0,0,0,0,0,0,1,1,0,1,0,0,0,0,1,0,0,0,0,0,1,1,0,1,0,0,0,0,2,0,0,0,4,0
django__django-13355,3121,3121,47,506,0,19,30,0,4,3,66.40425531914893,10.76595744680851,0.05928853754940711,0.037549407114624504,0,0,0,0,0,0,0,0,0,0,0,0,0,0,1,0,0,0,0,0,0,0,0,0,0,0,0,0,4,0,0,0,0,0,1,0
django__django-13406,3083,3083,44,479,0,24,35,0,1,1,70.06818181818181,10.886363636363637,0.07306889352818371,0.05010438413361169,0,0,0,8,1,0,0,0,0,1,1,1,0,0,1,1,0,0,0,1,0,0,0,9,1,7,0,0,4,3,0,0,0,1,6,0
django__django-13417,939,939,22,139,0,0,9,0,1,1,42.68181818181818,6.318181818181818,0.06474820143884892,0.0,0,0,0,0,0,0,1,0,0,1,0,0,0,0,0,0,0,0,0,0,3,0,0,7,0,0,0,0,0,0,0,0,0,0,1,3
django__django-13449,6277,6277,117,841,0,79,61,0,2,1,53.64957264957265,7.188034188034188,0.07253269916765755,0.093935790725327,0,0,0,4,0,0,1,0,0,1,0,0,0,0,1,0,0,0,0,1,25,0,0,48,0,0,0,0,5,0,0,0,0,10,3,25
django__django-13530,1039,1039,31,134,0,1,10,0,1,0,33.516129032258064,4.32258064516129,0.07462686567164178,0.007462686567164179,0,0,1,0,0,0,1,0,0,1,0,0,0,0,1,0,0,0,0,0,3,0,0,4,0,0,0,0,1,0,0,0,0,0,2,3
django__django-13537,788,788,9,135,1,1,5,0,1,1,87.55555555555556,15.0,0.037037037037037035,0.007407407407407408,1,1,0,0,0,0,1,0,0,1,0,0,0,0,0,0,0,0,0,0,1,0,0,6,0,0,0,0,0,0,0,0,0,0,1,1
django__django-13568,764,764,12,110,0,1,7,0,2,2,63.666666666666664,9.166666666666666,0.06363636363636363,0.00909090909090909,0,0,0,0,0,0,0,1,0,1,0,0,0,0,0,0,0,0,0,0,0,4,0,1,0,0,0,0,0,0,0,0,0,0,2,0
django__django-13590,858,858,9,147,0,8,1,0,2,0,95.33333333333333,16.333333333333332,0.006802721088435374,0.05442176870748299,0,0,0,0,0,0,1,0,0,1,0,1,0,0,0,0,0,0,0,0,1,0,0,3,0,1,0,0,0,0,0,0,0,0,2,1
django__django-13592,1187,1187,18,130,0,1,7,0,0,0,65.94444444444444,7.222222222222222,0.05384615384615385,0.007692307692307693,0,0,0,0,0,0,0,0,0,1,0,0,0,0,1,0,0,0,0,0,0,0,0,1,0,0,0,0,1,0,0,0,0,0,2,0
django__django-13620,854,854,19,117,1,10,4,0,2,0,44.94736842105263,6.157894736842105,0.03418803418803419,0.08547008547008547,0,0,0,0,0,0,0,0,0,0,0,0,1,0,1,0,0,0,0,0,0,0,0,0,0,0,1,0,1,0,0,0,0,0,2,0
django__django-13684,4378,4378,66,589,0,36,54,0,1,0,66.33333333333333,8.924242424242424,0.09168081494057725,0.06112054329371817,0,0,0,36,0,0,0,0,0,1,0,1,0,0,1,1,0,0,0,1,0,0,0,5,0,34,0,0,5,2,0,0,0,8,5,0
django__django-13691,1294,1294,19,197,0,7,14,0,2,1,68.10526315789474,10.368421052631579,0.07106598984771574,0.03553299492385787,0,0,0,0,0,0,1,0,0,1,0,1,0,0,0,1,0,0,0,0,1,0,0,8,0,3,0,0,0,5,0,0,0,0,3,1
django__django-13710,919,919,5,150,0,0,0,0,1,1,183.8,30.0,0.0,0.0,0,0,1,0,0,0,0,0,0,0,0,0,0,0,0,0,0,1,0,0,0,0,0,0,0,0,0,0,0,0,0,2,0,0,1,0
django__django-13791,1168,1168,18,189,1,26,7,0,2,0,64.88888888888889,10.5,0.037037037037037035,0.13756613756613756,1,1,0,0,0,0,0,0,0,0,0,0,0,0,0,0,0,0,0,0,0,0,0,0,0,0,0,0,0,0,0,0,0,0,0,0
django__django-13794,306,306,4,50,0,0,0,0,1,0,76.5,12.5,0.0,0.0,0,0,0,0,0,0,0,0,0,0,0,0,0,0,0,0,1,0,0,1,0,0,0,0,0,0,0,0,0,0,1,0,0,2,2,0
django__django-13822,613,613,9,107,0,1,2,0,1,0,68.11111111111111,11.88888888888889,0.018691588785046728,0.009345794392523364,0,0,1,0,1,0,0,0,0,0,1,0,0,0,0,0,0,0,0,1,0,0,0,0,1,0,0,0,0,0,0,0,0,1,2,0
django__django-13841,4011,4011,25,632,0,6,12,0,10,1,160.44,25.28,0.0189873417721519,0.00949367088607595,0,0,2,0,0,0,0,1,0,1,0,0,0,0,1,0,1,0,0,1,0,3,0,1,0,0,0,0,4,0,1,0,0,3,5,0
django__django-14170,1738,1738,19,234,0,17,5,0,2,0,91.47368421052632,12.31578947368421,0.021367521367521368,0.07264957264957266,0,0,2,0,1,0,0,0,0,1,1,0,0,0,0,0,0,0,0,0,0,0,0,4,1,0,0,0,0,0,0,0,0,0,2,0
django__django-14267,1151,1151,21,171,0,13,7,0,1,0,54.80952380952381,8.142857142857142,0.04093567251461988,0.07602339181286549,0,0,0,3,1,0,0,1,0,0,1,1,0,0,1,0,0,0,0,1,0,1,0,0,1,2,0,0,3,0,0,0,0,1,5,0
django__django-14311,604,604,9,96,0,2,7,0,1,0,67.11111111111111,10.666666666666666,0.07291666666666667,0.020833333333333332,0,0,0,0,1,0,0,0,0,0,1,0,0,0,1,0,0,0,0,0,0,0,0,0,1,0,0,0,1,0,0,0,0,0,2,0
django__django-14349,2382,2382,36,332,0,33,18,0,1,0,66.16666666666667,9.222222222222221,0.05421686746987952,0.09939759036144578,0,0,16,12,2,0,0,0,0,0,1,1,0,0,0,0,0,0,0,1,0,0,0,0,4,10,0,0,0,0,0,0,0,4,3,0
django__django-14373,219,219,4,38,0,1,2,0,0,0,54.75,9.5,0.05263157894736842,0.02631578947368421,0,0,0,0,0,0,0,0,0,0,0,0,0,0,0,0,0,0,0,0,0,0,0,0,0,0,0,0,0,0,0,0,0,0,0,0
django__django-14396,301,301,7,49,1,1,3,0,0,0,43.0,7.0,0.061224489795918366,0.02040816326530612,0,0,0,0,1,0,0,0,0,0,1,0,0,0,0,0,0,0,0,0,0,0,0,0,3,0,0,0,0,0,0,0,0,0,1,0
django__django-14399,1496,1496,16,249,1,7,6,3,0,0,93.5,15.5625,0.024096385542168676,0.028112449799196786,0,0,3,0,5,0,1,0,0,0,1,0,1,0,0,0,0,0,0,0,1,0,0,0,6,0,1,0,0,0,0,0,0,0,2,1
django__django-14404,303,303,7,39,0,1,3,0,0,0,43.285714285714285,5.571428571428571,0.07692307692307693,0.02564102564102564,0,0,0,0,1,0,0,0,0,0,1,1,0,0,0,0,0,0,0,0,0,0,0,0,3,1,0,0,0,0,0,0,0,0,2,0
django__django-14407,877,877,23,112,0,4,7,0,0,0,38.130434782608695,4.869565217391305,0.0625,0.03571428571428571,0,0,0,0,1,0,0,1,0,0,1,1,0,0,0,0,1,0,0,0,0,2,0,0,2,2,0,0,0,0,7,0,0,0,4,0
django__django-14441,172,172,4,22,0,0,0,0,0,0,43.0,5.5,0.0,0.0,0,0,0,0,0,0,0,0,0,0,0,1,0,0,0,0,0,0,0,0,0,0,0,0,0,2,0,0,0,0,0,0,0,0,1,0
django__django-14890,714,714,16,99,0,2,8,0,1,1,44.625,6.1875,0.08080808080808081,0.020202020202020204,0,0,0,0,0,0,1,0,0,1,0,0,0,0,0,0,0,0,0,1,1,0,0,1,0,0,0,0,0,0,0,0,0,2,2,1
django__django-14915,1006,1006,18,140,0,5,3,0,0,0,55.888888888888886,7.777777777777778,0.02142857142857143,0.03571428571428571,0,0,0,0,0,0,0,0,0,0,0,0,0,0,0,1,0,0,0,0,0,0,0,0,0,0,0,0,0,1,0,0,0,0,1,0
django__django-14969,816,816,9,133,0,1,4,0,0,0,90.66666666666667,14.777777777777779,0.03007518796992481,0.007518796992481203,0,0,0,0,1,0,0,0,0,0,1,0,0,0,0,0,0,0,0,1,0,0,0,0,2,0,0,0,0,0,0,0,0,1,2,0
django__django-15127,305,305,5,44,0,0,1,0,0,0,61.0,8.8,0.022727272727272728,0.0,0,0,1,0,0,0,0,0,0,0,0,0,0,0,0,0,0,0,0,0,0,0,0,0,0,0,0,0,0,0,0,0,0,0,0,0
django__django-15139,418,418,5,67,0,3,1,0,1,1,83.6,13.4,0.014925373134328358,0.04477611940298507,0,0,0,0,1,0,0,0,0,0,1,0,0,0,1,1,0,0,0,0,0,0,0,0,1,0,0,0,1,3,0,0,0,0,3,0
django__django-15213,738,738,14,98,0,2,2,0,0,0,52.714285714285715,7.0,0.02040816326530612,0.02040816326530612,0,0,0,0,0,0,0,0,0,1,0,0,0,0,0,0,0,0,0,0,0,0,0,3,0,0,0,0,0,0,0,0,0,0,1,0
django__django-15278,1221,1221,20,153,0,4,11,0,0,0,61.05,7.65,0.0718954248366013,0.026143790849673203,0,0,0,0,1,0,0,0,0,1,1,0,0,0,0,0,0,0,0,0,0,0,0,9,1,0,0,0,0,0,0,0,0,0,2,0
django__django-15320,938,938,19,132,0,0,12,0,1,1,49.36842105263158,6.947368421052632,0.09090909090909091,0.0,0,0,0,0,0,0,1,0,0,1,0,0,0,0,1,0,1,0,0,0,4,0,0,9,0,0,0,0,2,0,1,0,0,0,3,4
django__django-15370,2389,2389,39,410,1,41,2,0,5,1,61.256410256410255,10.512820512820513,0.004878048780487805,0.1,0,0,10,0,0,0,0,0,0,0,0,0,0,0,0,0,0,0,0,1,0,0,0,0,0,0,0,0,0,0,0,0,0,1,1,0
django__django-15375,1612,1612,38,241,2,39,12,0,0,0,42.421052631578945,6.342105263157895,0.04979253112033195,0.16182572614107885,1,1,0,1,0,0,1,0,0,1,0,0,1,0,1,0,0,0,0,1,1,0,0,11,0,0,1,0,3,0,0,0,0,1,4,1
django__django-15413,3875,3875,78,490,0,3,33,19,2,1,49.67948717948718,6.282051282051282,0.0673469387755102,0.006122448979591836,0,0,4,0,3,0,0,0,0,0,1,0,0,0,0,0,0,0,1,0,0,0,0,0,9,0,0,0,0,0,0,0,5,0,2,0
django__django-15414,355,355,4,51,0,2,5,0,1,1,88.75,12.75,0.09803921568627451,0.0392156862745098,0,0,0,0,1,0,0,0,0,1,1,0,0,0,0,0,0,0,0,0,0,0,0,1,1,0,0,0,0,0,0,0,0,0,2,0
django__django-15433,1452,1452,28,206,0,7,14,0,0,0,51.857142857142854,7.357142857142857,0.06796116504854369,0.03398058252427184,0,0,2,0,1,0,0,1,0,0,1,1,0,0,1,0,0,0,0,1,0,1,0,0,1,1,0,0,6,0,0,0,0,1,5,0
django__django-15474,371,371,6,56,0,2,1,0,0,0,61.833333333333336,9.333333333333334,0.017857142857142856,0.03571428571428571,0,0,0,0,0,0,0,0,0,1,0,0,0,0,0,0,0,0,0,0,0,0,0,4,0,0,0,0,0,0,0,0,0,0,1,0
django__django-15572,1387,1387,19,194,1,11,10,0,2,1,73.0,10.210526315789474,0.05154639175257732,0.05670103092783505,1,1,0,0,6,0,0,0,0,0,1,1,0,0,0,0,1,0,0,0,0,0,0,0,6,2,0,0,0,0,2,0,0,0,3,0
django__django-15613,2761,2761,50,404,0,31,29,0,2,1,55.22,8.08,0.07178217821782178,0.07673267326732673,0,0,0,0,1,0,0,0,0,1,1,0,0,0,0,0,0,0,0,1,0,0,0,2,1,0,0,0,0,0,0,0,0,1,3,0
django__django-15630,1787,1787,19,296,3,14,7,0,4,1,94.05263157894737,15.578947368421053,0.02364864864864865,0.0472972972972973,0,0,0,0,3,0,1,0,0,1,1,0,0,0,0,0,0,0,0,0,3,0,0,11,3,0,0,0,0,0,0,0,0,0,2,3
django__django-15651,1041,1041,11,171,0,0,0,0,3,1,94.63636363636364,15.545454545454545,0.0,0.0,0,0,0,0,0,0,1,0,0,1,0,0,0,0,0,0,0,0,0,0,1,0,0,3,0,0,0,0,0,0,0,0,0,0,1,1
django__django-15742,1610,1610,22,227,0,1,2,0,1,1,73.18181818181819,10.318181818181818,0.00881057268722467,0.004405286343612335,0,0,0,0,1,0,1,0,1,0,1,0,0,0,1,0,1,0,0,0,1,0,1,0,1,0,0,0,1,0,6,0,0,0,4,1
django__django-15752,175,175,6,18,0,0,0,0,0,0,29.166666666666668,3.0,0.0,0.0,0,0,0,0,0,0,0,0,0,0,0,0,0,0,0,0,0,0,0,0,0,0,0,0,0,0,0,0,0,0,0,0,0,0,0,0
django__django-15781,1260,1260,33,152,0,8,7,0,0,0,38.18181818181818,4.606060606060606,0.046052631578947366,0.05263157894736842,5,1,0,2,0,0,0,0,0,0,1,0,1,0,1,0,1,0,0,1,0,0,0,0,4,0,2,0,9,0,1,0,0,2,5,0
django__django-15790,444,444,6,56,0,0,3,0,0,0,74.0,9.333333333333334,0.05357142857142857,0.0,0,0,0,0,0,0,0,0,0,0,0,0,0,0,0,0,1,0,0,0,0,0,0,0,0,0,0,0,0,0,2,0,0,0,1,0
django__django-15828,214,214,5,22,0,0,1,0,1,0,42.8,4.4,0.045454545454545456,0.0,0,0,0,0,0,0,0,0,0,0,0,0,0,0,0,0,0,0,0,0,0,0,0,0,0,0,0,0,0,0,0,0,0,0,0,0
django__django-15993,261,261,5,41,0,0,0,0,2,2,52.2,8.2,0.0,0.0,0,0,0,0,0,0,0,0,0,1,0,0,0,0,0,0,0,0,0,0,0,0,0,2,0,0,0,0,0,0,0,0,0,0,1,0
django__django-16046,318,318,8,54,1,1,1,0,0,0,39.75,6.75,0.018518518518518517,0.018518518518518517,0,0,0,0,0,0,0,0,0,0,1,0,0,0,0,0,0,1,0,0,0,0,0,0,1,0,0,0,0,0,0,1,0,0,2,0
django__django-16145,588,588,13,98,0,17,3,0,1,1,45.23076923076923,7.538461538461538,0.030612244897959183,0.17346938775510204,0,0,0,0,3,0,0,0,0,0,1,1,1,0,0,0,1,0,0,0,0,0,0,0,3,1,1,0,0,0,2,0,0,0,4,0
django__django-16254,3401,3401,60,382,0,8,10,0,0,0,56.68333333333333,6.366666666666666,0.02617801047120419,0.020942408376963352,0,0,0,0,0,0,0,0,0,1,0,0,0,0,1,0,0,0,0,0,0,0,0,2,0,0,0,0,2,0,0,0,0,0,2,0
django__django-16281,587,587,20,84,0,0,9,0,1,1,29.35,4.2,0.10714285714285714,0.0,2,1,0,0,0,0,0,0,0,0,0,0,0,0,0,0,0,1,0,0,0,0,0,0,0,0,0,0,0,0,0,1,0,0,1,0
django__django-16333,556,556,6,88,0,1,6,0,1,1,92.66666666666667,14.666666666666666,0.06818181818181818,0.011363636363636364,0,0,0,0,1,0,0,1,0,0,1,0,0,0,0,0,0,0,0,0,0,1,0,0,1,0,0,0,0,0,0,0,0,0,2,0
django__django-16379,1082,1082,22,171,0,4,9,0,0,0,49.18181818181818,7.7727272727272725,0.05263157894736842,0.023391812865497075,3,2,0,3,0,0,0,0,0,0,0,1,0,0,1,0,0,0,0,1,0,0,0,0,0,8,0,0,5,0,0,0,0,1,3,0
django__django-16429,963,963,19,134,0,4,7,0,0,0,50.68421052631579,7.052631578947368,0.05223880597014925,0.029850746268656716,0,0,1,0,1,0,0,0,0,0,1,0,0,0,0,0,0,0,0,0,0,0,0,0,1,0,0,0,0,0,0,0,0,0,1,0
django__django-16485,245,245,8,35,0,6,1,0,0,0,30.625,4.375,0.02857142857142857,0.17142857142857143,0,0,0,0,0,0,0,0,0,0,0,0,0,0,1,0,1,0,0,0,0,0,0,0,0,0,0,0,2,0,1,0,0,0,2,0
django__django-16491,4478,4478,63,744,0,77,29,0,0,0,71.07936507936508,11.80952380952381,0.038978494623655914,0.10349462365591398,0,0,0,0,0,0,1,0,0,1,0,0,0,0,1,0,1,0,0,0,7,0,0,27,0,0,0,0,3,0,1,0,0,0,3,7
django__django-16642,260,260,6,44,0,0,2,0,0,0,43.333333333333336,7.333333333333333,0.045454545454545456,0.0,0,0,2,0,0,0,0,0,0,0,0,1,0,0,0,0,1,0,0,0,0,0,0,0,0,2,0,0,0,0,3,0,0,0,2,0
django__django-16735,824,824,18,125,0,9,7,0,2,0,45.77777777777778,6.944444444444445,0.056,0.072,0,0,0,0,0,0,0,0,0,0,1,1,0,0,1,0,0,1,0,0,0,0,0,0,2,3,0,0,4,0,0,7,0,0,4,0
django__django-16824,2196,2196,39,304,0,20,27,0,1,1,56.30769230769231,7.794871794871795,0.08881578947368421,0.06578947368421052,1,1,0,12,0,0,0,0,0,1,0,1,1,0,0,0,1,0,0,1,0,0,0,2,0,10,5,0,0,0,1,0,0,6,5,0
django__django-16858,1277,1277,11,198,0,6,7,0,3,4,116.0909090909091,18.0,0.03535353535353535,0.030303030303030304,0,0,0,0,0,0,0,0,0,0,0,0,0,0,0,0,0,0,0,1,0,0,0,0,0,0,0,0,0,0,0,0,0,1,1,0
django__django-16902,958,958,8,166,0,3,2,0,1,1,119.75,20.75,0.012048192771084338,0.018072289156626505,0,0,0,0,0,0,0,0,0,1,0,0,0,0,1,0,0,0,0,0,0,0,0,5,0,0,0,0,1,0,0,0,0,0,2,0
django__django-16950,1442,1442,36,223,0,6,15,0,0,1,40.05555555555556,6.194444444444445,0.06726457399103139,0.026905829596412557,0,0,0,0,1,0,0,0,0,0,1,1,0,0,0,0,0,1,0,1,0,0,0,0,1,1,0,0,0,0,0,6,0,2,4,0
django__django-17066,1446,1446,10,220,0,1,1,2,2,0,144.6,22.0,0.004545454545454545,0.004545454545454545,0,0,0,0,0,0,0,0,0,0,0,0,0,1,0,1,1,0,0,0,0,0,0,0,0,0,0,1,0,3,5,0,0,0,3,0
django__django-5470,1063,1063,7,194,0,0,6,0,2,1,151.85714285714286,27.714285714285715,0.030927835051546393,0.0,0,0,0,0,0,0,0,0,0,0,0,1,1,0,0,0,0,0,0,0,0,0,0,0,0,1,1,0,0,0,0,0,0,0,2,0
django__django-7188,512,512,7,80,0,1,4,0,3,1,73.14285714285714,11.428571428571429,0.05,0.0125,0,0,1,0,1,0,0,1,0,0,1,0,0,0,0,0,0,0,0,0,0,7,0,0,1,0,0,0,0,0,0,0,0,0,2,0
django__django-8326,218,218,4,31,0,0,0,0,0,0,54.5,7.75,0.0,0.0,0,0,0,0,0,0,0,0,0,0,0,0,1,0,0,0,1,0,0,0,0,0,0,0,0,0,1,0,0,0,2,0,0,0,2,0
django__django-9296,410,410,9,67,0,0,2,0,0,0,45.55555555555556,7.444444444444445,0.029850746268656716,0.0,0,0,0,0,0,0,0,0,0,0,0,0,0,0,0,0,0,0,0,0,0,0,0,0,0,0,0,0,0,0,0,0,0,0,0,0
matplotlib__matplotlib-22883,438,438,6,67,0,0,3,0,0,0,73.0,11.166666666666666,0.04477611940298507,0.0,0,0,0,0,2,0,0,0,0,0,1,0,0,0,0,0,0,0,0,0,0,0,0,0,2,0,0,0,0,0,0,0,0,0,1,0
