run,seed,feature_set,n_features,accuracy,balanced_accuracy,precision_1,recall_1,f1_1,roc_auc,pr_auc
1,42,model_only,4,0.45588235294117646,0.5,0.4117647058823529,0.75,0.5316455696202531,0.5151785714285715,0.4233193277310924
1,42,prompt_only,6,0.49264705882352944,0.49642857142857144,0.4084507042253521,0.5178571428571429,0.4566929133858268,0.5354910714285714,0.4459139111247642
1,42,patch_only,13,0.5882352941176471,0.5723214285714285,0.5,0.48214285714285715,0.4909090909090909,0.59609375,0.4728419768448262
1,42,problem_statement_only,10,0.5441176470588235,0.5455357142857142,0.45588235294117646,0.5535714285714286,0.5,0.5946428571428573,0.5303278314947834
1,42,model_plus_problem_statement,14,0.6029411764705882,0.6035714285714285,0.5151515151515151,0.6071428571428571,0.5573770491803278,0.5868303571428571,0.5078983347362398
1,42,patch_plus_problem_statement,23,0.5955882352941176,0.5919642857142857,0.5079365079365079,0.5714285714285714,0.5378151260504201,0.6133928571428571,0.5101611237223351
1,42,full,33,0.5,0.4892857142857143,0.4,0.42857142857142855,0.41379310344827586,0.5088169642857143,0.3925033419485801
2,43,model_only,4,0.4264705882352941,0.5,0.35294117647058826,0.75,0.48,0.5160984848484849,0.3645833333333333
2,43,prompt_only,6,0.4338235294117647,0.4914772727272727,0.3473684210526316,0.6875,0.46153846153846156,0.5119554924242424,0.45366702958222477
2,43,patch_only,13,0.5955882352941176,0.5785984848484849,0.43859649122807015,0.5208333333333334,0.47619047619047616,0.6003787878787878,0.430669060195583
2,43,problem_statement_only,10,0.5,0.46212121212121215,0.3076923076923077,0.3333333333333333,0.32,0.45928030303030304,0.3467938526439607
2,43,model_plus_problem_statement,14,0.5147058823529411,0.49242424242424243,0.3448275862068966,0.4166666666666667,0.37735849056603776,0.4959753787878788,0.36311450240219595
2,43,patch_plus_problem_statement,23,0.5588235294117647,0.540719696969697,0.39655172413793105,0.4791666666666667,0.4339622641509434,0.5151515151515151,0.37044326380841364
2,43,full,33,0.5588235294117647,0.5691287878787878,0.4142857142857143,0.6041666666666666,0.4915254237288136,0.5648674242424242,0.3949263054472744
3,44,model_only,4,0.47058823529411764,0.4852430555555556,0.46078431372549017,0.734375,0.5662650602409639,0.5073784722222222,0.48483455882352944
3,44,prompt_only,6,0.5294117647058824,0.5277777777777778,0.5,0.5,0.5,0.5732421875,0.567127476205285
3,44,patch_only,13,0.5588235294117647,0.5572916666666667,0.53125,0.53125,0.53125,0.6082899305555556,0.5617778572620565
3,44,problem_statement_only,10,0.5147058823529411,0.5043402777777778,0.4772727272727273,0.328125,0.3888888888888889,0.5616319444444444,0.600452122609989
3,44,model_plus_problem_statement,14,0.47058823529411764,0.4600694444444444,0.4090909090909091,0.28125,0.3333333333333333,0.5703125,0.5564316643007745
3,44,patch_plus_problem_statement,23,0.5661764705882353,0.5625,0.5423728813559322,0.5,0.5203252032520326,0.5813802083333334,0.552578128030258
3,44,full,33,0.5294117647058824,0.5277777777777778,0.5,0.5,0.5,0.6049262152777778,0.5177895636581553
4,45,model_only,4,0.5735294117647058,0.5735294117647058,0.5735294117647058,0.5735294117647058,0.5735294117647058,0.6029411764705883,0.5620674740484429
4,45,prompt_only,6,0.39705882352941174,0.3970588235294118,0.4125,0.4852941176470588,0.44594594594594594,0.37770328719723184,0.4113347190567363
4,45,patch_only,13,0.6029411764705882,0.6029411764705882,0.6458333333333334,0.45588235294117646,0.5344827586206896,0.6054282006920415,0.5545937360926709
4,45,problem_statement_only,10,0.5294117647058824,0.5294117647058824,0.5416666666666666,0.38235294117647056,0.4482758620689655,0.5579584775086505,0.6261246613822145
4,45,model_plus_problem_statement,14,0.5220588235294118,0.5220588235294118,0.5272727272727272,0.4264705882352941,0.4715447154471545,0.5696366782006921,0.6013974660489719
4,45,patch_plus_problem_statement,23,0.5661764705882353,0.5661764705882353,0.5714285714285714,0.5294117647058824,0.549618320610687,0.6325692041522492,0.6414177725214357
4,45,full,33,0.6029411764705882,0.6029411764705883,0.6129032258064516,0.5588235294117647,0.5846153846153846,0.6296496539792388,0.5830304232589077
5,46,model_only,4,0.5147058823529411,0.5149122807017544,0.45588235294117646,0.5166666666666667,0.484375,0.5298245614035088,0.4579248366013072
5,46,prompt_only,6,0.4852941176470588,0.4903508771929824,0.43243243243243246,0.5333333333333333,0.47761194029850745,0.5327850877192982,0.45698125447296234
5,46,patch_only,13,0.5588235294117647,0.5561403508771929,0.5,0.5333333333333333,0.5161290322580645,0.605701754385965,0.5320041896466599
5,46,problem_statement_only,10,0.4117647058823529,0.42105263157894735,0.375,0.5,0.42857142857142855,0.4473684210526316,0.44052405994890187
5,46,model_plus_problem_statement,14,0.4852941176470588,0.4885964912280702,0.4305555555555556,0.5166666666666667,0.4696969696969697,0.46304824561403507,0.46191307271213716
5,46,patch_plus_problem_statement,23,0.5220588235294118,0.5197368421052632,0.46153846153846156,0.5,0.48,0.5179824561403509,0.5814613141463101
5,46,full,33,0.625,0.631140350877193,0.5616438356164384,0.6833333333333333,0.6165413533834586,0.6744517543859649,0.5965234643695679
6,47,model_only,4,0.5220588235294118,0.5249084249084249,0.35294117647058826,0.5333333333333333,0.4247787610619469,0.5373626373626373,0.34852941176470587
6,47,prompt_only,6,0.6617647058823529,0.6349206349206349,0.49019607843137253,0.5555555555555556,0.5208333333333334,0.6993894993894993,0.42822460633622095
6,47,patch_only,13,0.5955882352941176,0.5686202686202686,0.4074074074074074,0.4888888888888889,0.4444444444444444,0.568986568986569,0.41130597906383887
6,47,problem_statement_only,10,0.625,0.5737484737484737,0.4318181818181818,0.4222222222222222,0.42696629213483145,0.5522588522588522,0.4484735085424918
6,47,model_plus_problem_statement,14,0.6691176470588235,0.6347985347985348,0.5,0.5333333333333333,0.5161290322580645,0.5656898656898657,0.4294409814734521
6,47,patch_plus_problem_statement,23,0.5588235294117647,0.5467643467643468,0.3770491803278688,0.5111111111111111,0.4339622641509434,0.5964590964590963,0.4246003128954937
6,47,full,33,0.7058823529411765,0.6791208791208792,0.5510204081632653,0.6,0.574468085106383,0.7666666666666666,0.5533955197990601
7,48,model_only,4,0.49264705882352944,0.5185792349726775,0.46078431372549017,0.7704918032786885,0.5766871165644172,0.5260109289617486,0.4631147540983606
7,48,prompt_only,6,0.5220588235294118,0.5207650273224044,0.4696969696969697,0.5081967213114754,0.4881889763779528,0.6062295081967213,0.5415101326954768
7,48,patch_only,13,0.5955882352941176,0.5889617486338798,0.5517241379310345,0.5245901639344263,0.5378151260504201,0.6021857923497267,0.525200277602802
7,48,problem_statement_only,10,0.6985294117647058,0.6975956284153005,0.65625,0.6885245901639344,0.672,0.7093989071038252,0.6897534353768177
7,48,model_plus_problem_statement,14,0.6617647058823529,0.6489617486338798,0.6530612244897959,0.5245901639344263,0.5818181818181818,0.6793442622950819,0.6691372233220603
7,48,patch_plus_problem_statement,23,0.6617647058823529,0.6566120218579234,0.6271186440677966,0.6065573770491803,0.6166666666666667,0.7021857923497268,0.6910231913936827
7,48,full,33,0.625,0.6217486338797814,0.5806451612903226,0.5901639344262295,0.5853658536585366,0.7042622950819672,0.6203341315013278
8,49,model_only,4,0.5441176470588235,0.544463818657367,0.5,0.5483870967741935,0.5230769230769231,0.559285091543156,0.4889310562934851
8,49,prompt_only,6,0.5,0.5013077593722755,0.45714285714285713,0.5161290322580645,0.48484848484848486,0.5518744551002616,0.538278657325158
8,49,patch_only,13,0.5441176470588235,0.536617262423714,0.5,0.45161290322580644,0.4745762711864407,0.5600479511769835,0.5051405740251831
8,49,problem_statement_only,10,0.5,0.507846556233653,0.4625,0.5967741935483871,0.5211267605633803,0.4433304272013949,0.42842756589202563
8,49,model_plus_problem_statement,14,0.5147058823529411,0.522667829119442,0.475,0.6129032258064516,0.5352112676056338,0.4711203138622493,0.42097806093708084
8,49,patch_plus_problem_statement,23,0.5220588235294118,0.5241935483870968,0.4788732394366197,0.5483870967741935,0.5112781954887218,0.5158020924149956,0.46616802785154254
8,49,full,33,0.5220588235294118,0.5189625108979947,0.47619047619047616,0.4838709677419355,0.48,0.5258282476024412,0.4505853496823596
9,50,model_only,4,0.5514705882352942,0.5568969639015061,0.7058823529411765,0.5393258426966292,0.6114649681528662,0.577217308152044,0.6929389733421458
9,50,prompt_only,6,0.4852941176470588,0.5565383695912025,0.7435897435897436,0.3258426966292135,0.453125,0.6206072196987807,0.740641005141604
9,50,patch_only,13,0.5073529411764706,0.5332297394214678,0.6896551724137931,0.449438202247191,0.54421768707483,0.5554625866602917,0.69559532672348
9,50,problem_statement_only,10,0.49264705882352944,0.5621563471192924,0.75,0.33707865168539325,0.46511627906976744,0.5903657661965097,0.7449268805370066
9,50,model_plus_problem_statement,14,0.5514705882352942,0.6020798469997609,0.78,0.43820224719101125,0.5611510791366906,0.620368156825245,0.7765647873736716
9,50,patch_plus_problem_statement,23,0.5147058823529411,0.55892899832656,0.7254901960784313,0.4157303370786517,0.5285714285714286,0.5952665551039923,0.7341605322708844
9,50,full,33,0.5735294117647058,0.61391345923978,0.7818181818181819,0.48314606741573035,0.5972222222222222,0.667344011475018,0.7684221016378096
10,51,model_only,4,0.5220588235294118,0.5221018418201517,0.5,0.5230769230769231,0.5112781954887218,0.5257854821235103,0.49249622926093517
10,51,prompt_only,6,0.4117647058823529,0.40801733477789814,0.3684210526315789,0.3230769230769231,0.3442622950819672,0.4218851570964247,0.4494796432632641
10,51,patch_only,13,0.5661764705882353,0.566305525460455,0.5441176470588235,0.5692307692307692,0.556390977443609,0.5795232936078007,0.5479338631360604
10,51,problem_statement_only,10,0.4485294117647059,0.4419284940411701,0.3958333333333333,0.2923076923076923,0.336283185840708,0.5039003250270857,0.4953495057465281
10,51,model_plus_problem_statement,14,0.4632352941176471,0.4573131094257855,0.42,0.3230769230769231,0.3652173913043478,0.4956663055254604,0.5145500292630782
10,51,patch_plus_problem_statement,23,0.4852941176470588,0.4875406283856988,0.4666666666666667,0.5384615384615384,0.5,0.4617551462621885,0.46535739462930403
10,51,full,33,0.5220588235294118,0.5253521126760563,0.5,0.6,0.5454545454545454,0.5206933911159264,0.48388141779999577
11,52,model_only,4,0.5514705882352942,0.5405200433369447,0.5490196078431373,0.7887323943661971,0.6473988439306358,0.5699891657638136,0.5698356807511737
11,52,prompt_only,6,0.4852941176470588,0.49209100758396535,0.5106382978723404,0.3380281690140845,0.4067796610169492,0.4789815817984832,0.5531609758797125
11,52,patch_only,13,0.49264705882352944,0.4978331527627302,0.5192307692307693,0.38028169014084506,0.43902439024390244,0.509100758396533,0.5648979159748999
11,52,problem_statement_only,10,0.40441176470588236,0.40812567713976167,0.4107142857142857,0.323943661971831,0.36220472440944884,0.4796316359696642,0.5057679511972283
11,52,model_plus_problem_statement,14,0.47794117647058826,0.4824485373781149,0.5,0.38028169014084506,0.432,0.46663055254604546,0.4843274336108159
11,52,patch_plus_problem_statement,23,0.5514705882352942,0.5548212351029252,0.5862068965517241,0.4788732394366197,0.5271317829457365,0.5499458288190683,0.5859680076661469
11,52,full,33,0.6911764705882353,0.695124593716143,0.7543859649122807,0.6056338028169014,0.671875,0.6963163596966414,0.6434605616597605
12,53,model_only,4,0.5588235294117647,0.5590277777777778,0.5882352941176471,0.5555555555555556,0.5714285714285714,0.5811631944444444,0.5750272331154683
12,53,prompt_only,6,0.49264705882352944,0.5078125,0.5454545454545454,0.25,0.34285714285714286,0.6016710069444444,0.5664640198613136
12,53,patch_only,13,0.5367647058823529,0.5442708333333334,0.5882352941176471,0.4166666666666667,0.4878048780487805,0.5515407986111112,0.5845679391721966
12,53,problem_statement_only,10,0.4852941176470588,0.5026041666666666,0.5357142857142857,0.20833333333333334,0.3,0.5850694444444444,0.5808754685435702
12,53,model_plus_problem_statement,14,0.5073529411764706,0.5217013888888888,0.5714285714285714,0.2777777777777778,0.37383177570093457,0.527560763888889,0.5362747415385247
12,53,patch_plus_problem_statement,23,0.5147058823529411,0.5260416666666666,0.5714285714285714,0.3333333333333333,0.42105263157894735,0.5418836805555556,0.5218669409439689
12,53,full,33,0.5147058823529411,0.5182291666666666,0.55,0.4583333333333333,0.5,0.5762803819444444,0.558159760519673
13,54,model_only,4,0.5367647058823529,0.5369645575125027,0.5,0.5396825396825397,0.5190839694656488,0.5628397477712546,0.49638188608776845
13,54,prompt_only,6,0.5367647058823529,0.545662100456621,0.5,0.6666666666666666,0.5714285714285714,0.4984779299847793,0.4435080528340446
13,54,patch_only,13,0.5882352941176471,0.5805609915198956,0.5660377358490566,0.47619047619047616,0.5172413793103449,0.6218743205044576,0.5987272630647853
13,54,problem_statement_only,10,0.5661764705882353,0.5687105892585345,0.5277777777777778,0.6031746031746031,0.562962962962963,0.631767775603392,0.6115843520993849
13,54,model_plus_problem_statement,14,0.5514705882352942,0.5517503805175038,0.5147058823529411,0.5555555555555556,0.5343511450381679,0.5962165688193085,0.5572104736798782
13,54,patch_plus_problem_statement,23,0.5735294117647058,0.573385518590998,0.5373134328358209,0.5714285714285714,0.5538461538461539,0.6248097412480974,0.5895942860487626
13,54,full,33,0.5808823529411765,0.5856707979995651,0.5394736842105263,0.6507936507936508,0.5899280575539568,0.6086105675146771,0.5670021611471379
14,55,model_only,4,0.4632352941176471,0.5447047573511834,0.37254901960784315,0.8085106382978723,0.5100671140939598,0.5528328950513985,0.3728097622027534
14,55,prompt_only,6,0.36764705882352944,0.4566100884532632,0.3211009174311927,0.7446808510638298,0.44871794871794873,0.36672244800382503,0.27864557593015593
14,55,patch_only,13,0.6029411764705882,0.5912024862538847,0.4406779661016949,0.5531914893617021,0.49056603773584906,0.564427444417882,0.404508429809212
14,55,problem_statement_only,10,0.5955882352941176,0.5855845087257949,0.43333333333333335,0.5531914893617021,0.48598130841121495,0.5894095147023666,0.42583487393651
14,55,model_plus_problem_statement,14,0.5955882352941176,0.5805641883815443,0.43103448275862066,0.5319148936170213,0.47619047619047616,0.5931149892421707,0.42242997621474565
14,55,patch_plus_problem_statement,23,0.5514705882352942,0.5619172842457566,0.4,0.5957446808510638,0.47863247863247865,0.5866602916567057,0.4118549143414725
14,55,full,33,0.4632352941176471,0.5296437963184317,0.3645833333333333,0.7446808510638298,0.48951048951048953,0.5105187664355726,0.340309051527416
15,56,model_only,4,0.5294117647058824,0.5295138888888888,0.5,0.53125,0.5151515151515151,0.56640625,0.5090379901960784
15,56,prompt_only,6,0.41911764705882354,0.4175347222222222,0.38461538461538464,0.390625,0.3875968992248062,0.4476996527777778,0.40971901983181236
15,56,patch_only,13,0.5220588235294118,0.5225694444444444,0.4927536231884058,0.53125,0.5112781954887218,0.5649956597222222,0.5611761479886701
15,56,problem_statement_only,10,0.4411764705882353,0.4461805555555556,0.425,0.53125,0.4722222222222222,0.5442708333333333,0.5816749649832718
15,56,model_plus_problem_statement,14,0.5073529411764706,0.5104166666666666,0.48,0.5625,0.5179856115107914,0.5343967013888888,0.5463778393236332
15,56,patch_plus_problem_statement,23,0.6102941176470589,0.6197916666666666,0.5617977528089888,0.78125,0.6535947712418301,0.6048177083333334,0.6226295744222402
15,56,full,33,0.5441176470588235,0.5460069444444444,0.5138888888888888,0.578125,0.5441176470588235,0.5474175347222222,0.4965794931113668
16,57,model_only,4,0.4852941176470588,0.5303571428571429,0.43137254901960786,0.7857142857142857,0.5569620253164557,0.5607142857142857,0.4541316526610645
16,57,prompt_only,6,0.47058823529411764,0.49107142857142855,0.40476190476190477,0.6071428571428571,0.4857142857142857,0.5213169642857143,0.456466342581647
16,57,patch_only,13,0.6397058823529411,0.6535714285714285,0.5466666666666666,0.7321428571428571,0.6259541984732825,0.6813616071428571,0.5601791106504714
16,57,problem_statement_only,10,0.5147058823529411,0.5098214285714285,0.421875,0.48214285714285715,0.45,0.5142857142857142,0.4277910073783808
16,57,model_plus_problem_statement,14,0.5147058823529411,0.5044642857142857,0.4166666666666667,0.44642857142857145,0.43103448275862066,0.5416294642857142,0.41430974608631665
16,57,patch_plus_problem_statement,23,0.6102941176470589,0.6178571428571429,0.5211267605633803,0.6607142857142857,0.5826771653543307,0.6032366071428571,0.5375290930634831
16,57,full,33,0.5514705882352942,0.5598214285714285,0.4657534246575342,0.6071428571428571,0.5271317829457365,0.5948660714285714,0.43905868432661593
17,58,model_only,4,0.5073529411764706,0.5490783921829892,0.45098039215686275,0.8070175438596491,0.5786163522012578,0.5792804796802131,0.4690832473340213
17,58,prompt_only,6,0.4338235294117647,0.41250277592715967,0.3076923076923077,0.2807017543859649,0.29357798165137616,0.44481456806573394,0.3698587108529916
17,58,patch_only,13,0.6102941176470589,0.6108150122140795,0.5303030303030303,0.6140350877192983,0.5691056910569106,0.6243615367532755,0.552295326432533
17,58,problem_statement_only,10,0.5955882352941176,0.5834998889629136,0.5178571428571429,0.5087719298245614,0.5132743362831859,0.6114812347324006,0.49897939013259296
17,58,model_plus_problem_statement,14,0.5514705882352942,0.5308683100155451,0.46,0.40350877192982454,0.42990654205607476,0.6091494559182767,0.48620096475337415
17,58,patch_plus_problem_statement,23,0.5882352941176471,0.5796135909393738,0.5084745762711864,0.5263157894736842,0.5172413793103449,0.5946035976015989,0.5428151304000495
17,58,full,33,0.5220588235294118,0.5275371974239396,0.4444444444444444,0.5614035087719298,0.49612403100775193,0.5792804796802131,0.5221509821571026
18,59,model_only,4,0.5220588235294118,0.522651565622918,0.4411764705882353,0.5263157894736842,0.48,0.5264268265600711,0.43373753009975924
18,59,prompt_only,6,0.5,0.4865645125471908,0.40350877192982454,0.40350877192982454,0.40350877192982454,0.5264268265600711,0.45205293066258245
18,59,patch_only,13,0.5514705882352942,0.5284254941150344,0.4583333333333333,0.38596491228070173,0.41904761904761906,0.558183433266711,0.4933122896425051
18,59,problem_statement_only,10,0.5661764705882353,0.5435265378636465,0.4791666666666667,0.40350877192982454,0.4380952380952381,0.5652898067954697,0.536496084252426
18,59,model_plus_problem_statement,14,0.5588235294117647,0.5396402398401066,0.47058823529411764,0.42105263157894735,0.4444444444444444,0.5426382411725515,0.44508571909513206
18,59,patch_plus_problem_statement,23,0.5735294117647058,0.5376415722851433,0.4864864864864865,0.3157894736842105,0.3829787234042553,0.5449700199866755,0.5035148069718245
18,59,full,33,0.5514705882352942,0.5357539418165668,0.46296296296296297,0.43859649122807015,0.45045045045045046,0.5582944703530979,0.45904464543329754
19,60,model_only,4,0.4411764705882353,0.5,0.38235294117647056,0.75,0.5064935064935064,0.5155677655677655,0.39394796380090497
19,60,prompt_only,6,0.4264705882352941,0.4184981684981685,0.30303030303030304,0.38461538461538464,0.3389830508474576,0.4539835164835165,0.407930789407107
19,60,patch_only,13,0.5882352941176471,0.5567765567765568,0.4583333333333333,0.4230769230769231,0.44,0.6117216117216118,0.5460313383861605
19,60,problem_statement_only,10,0.6176470588235294,0.6318681318681318,0.5,0.6923076923076923,0.5806451612903226,0.6126373626373627,0.531913087926154
19,60,model_plus_problem_statement,14,0.6029411764705882,0.6163003663003663,0.4861111111111111,0.6730769230769231,0.5645161290322581,0.649496336996337,0.5586601872911368
19,60,patch_plus_problem_statement,23,0.6617647058823529,0.6419413919413919,0.5576923076923077,0.5576923076923077,0.5576923076923077,0.6546474358974359,0.562701233377211
19,60,full,33,0.6323529411764706,0.6144688644688645,0.5185185185185185,0.5384615384615384,0.5283018867924528,0.6648351648351648,0.5577530335299473
20,61,model_only,4,0.5955882352941176,0.5352941176470588,0.6470588235294118,0.7764705882352941,0.7058823529411765,0.5509803921568628,0.6538927335640139
20,61,prompt_only,6,0.4338235294117647,0.48039215686274506,0.5952380952380952,0.29411764705882354,0.3937007874015748,0.546482122260669,0.6672560988798911
20,61,patch_only,13,0.5514705882352942,0.5745098039215686,0.7068965517241379,0.4823529411764706,0.5734265734265734,0.6014994232987313,0.7255117575493586
20,61,problem_statement_only,10,0.5514705882352942,0.6019607843137256,0.7727272727272727,0.4,0.5271317829457365,0.5678200692041523,0.7492263111748003
20,61,model_plus_problem_statement,14,0.5514705882352942,0.5705882352941176,0.7,0.49411764705882355,0.5793103448275863,0.6124567474048442,0.7638847158481366
20,61,patch_plus_problem_statement,23,0.5588235294117647,0.5725490196078431,0.6984126984126984,0.5176470588235295,0.5945945945945946,0.6137254901960785,0.7800134286252105
20,61,full,33,0.5661764705882353,0.6058823529411764,0.76,0.4470588235294118,0.562962962962963,0.665282583621684,0.7774255906650038
21,62,model_only,4,0.5367647058823529,0.5374202069117323,0.47058823529411764,0.5423728813559322,0.5039370078740157,0.563614351749945,0.46718178796942506
21,62,prompt_only,6,0.47058823529411764,0.4571868809156945,0.38181818181818183,0.3559322033898305,0.3684210526315789,0.5225621835791328,0.43575553847845794
21,62,patch_only,13,0.5367647058823529,0.5255337882456527,0.4642857142857143,0.4406779661016949,0.45217391304347826,0.5073739819502532,0.4702495450298382
21,62,problem_statement_only,10,0.5220588235294118,0.5145278450363195,0.45,0.4576271186440678,0.453781512605042,0.5673563724411181,0.48471809535513166
21,62,model_plus_problem_statement,14,0.5441176470588235,0.5419326436275589,0.47692307692307695,0.5254237288135594,0.5,0.5812238608848778,0.5122279145268406
21,62,patch_plus_problem_statement,23,0.5220588235294118,0.5204710543693594,0.45454545454545453,0.5084745762711864,0.48,0.5177195685670263,0.4673332826112944
21,62,full,33,0.5882352941176471,0.5927801012546775,0.5211267605633803,0.6271186440677966,0.5692307692307692,0.5812238608848779,0.5010272021512825
22,63,model_only,4,0.5073529411764706,0.5073545316893793,0.5,0.5074626865671642,0.5037037037037037,0.5110317975340688,0.49824407374890256
22,63,prompt_only,6,0.49264705882352944,0.49199653904391094,0.4838709677419355,0.44776119402985076,0.46511627906976744,0.6257841228639411,0.5846787802701058
22,63,patch_only,13,0.5441176470588235,0.5427211767250703,0.5454545454545454,0.44776119402985076,0.4918032786885246,0.5292018170019468,0.5147853753747658
22,63,problem_statement_only,10,0.4632352941176471,0.4597663854639844,0.4166666666666667,0.22388059701492538,0.2912621359223301,0.47534068786502276,0.5031569807840814
22,63,model_plus_problem_statement,14,0.5441176470588235,0.5409906986805105,0.5641025641025641,0.3283582089552239,0.41509433962264153,0.573545316893792,0.547807419741225
22,63,patch_plus_problem_statement,23,0.5882352941176471,0.5855505083279255,0.627906976744186,0.40298507462686567,0.4909090909090909,0.5692191217823923,0.5465958067475704
22,63,full,33,0.6323529411764706,0.6301103179753407,0.6808510638297872,0.47761194029850745,0.5614035087719298,0.6562837983993078,0.6473927490159387
23,64,model_only,4,0.5220588235294118,0.5331527627302275,0.5,0.7846153846153846,0.6107784431137725,0.5478873239436619,0.5072398190045249
23,64,prompt_only,6,0.45588235294117646,0.44637053087757317,0.38461538461538464,0.23076923076923078,0.28846153846153844,0.5482123510292525,0.5150008677972899
23,64,patch_only,13,0.4338235294117647,0.42979414951245937,0.39285714285714285,0.3384615384615385,0.36363636363636365,0.45644637053087755,0.49279151153058104
23,64,problem_statement_only,10,0.5073529411764706,0.5073672806067172,0.4852941176470588,0.5076923076923077,0.49624060150375937,0.5437703141928495,0.504656063593445
23,64,model_plus_problem_statement,14,0.47058823529411764,0.46695557963163603,0.43859649122807015,0.38461538461538464,0.4098360655737705,0.5241603466955579,0.4831668358833068
23,64,patch_plus_problem_statement,23,0.5,0.49902491874322863,0.47692307692307695,0.47692307692307695,0.47692307692307695,0.529252437703142,0.5687474195437248
23,64,full,33,0.5735294117647058,0.571397616468039,0.5573770491803278,0.5230769230769231,0.5396825396825397,0.6154929577464789,0.5579468950827744
24,65,model_only,4,0.4411764705882353,0.5079069767441861,0.37254901960784315,0.76,0.5,0.5316279069767442,0.38872549019607844
24,65,prompt_only,6,0.41911764705882354,0.42348837209302326,0.3013698630136986,0.44,0.35772357723577236,0.5290697674418605,0.43859268881038865
24,65,patch_only,13,0.5661764705882353,0.5313953488372093,0.40816326530612246,0.4,0.40404040404040403,0.5748837209302325,0.44687979463807764
24,65,problem_statement_only,10,0.6323529411764706,0.633953488372093,0.5,0.64,0.5614035087719298,0.6655813953488372,0.6308363876793668
24,65,model_plus_problem_statement,14,0.6102941176470589,0.6332558139534883,0.48,0.72,0.576,0.6646511627906977,0.6155877610135022
24,65,patch_plus_problem_statement,23,0.6397058823529411,0.6397674418604651,0.5079365079365079,0.64,0.5663716814159292,0.6416279069767442,0.4922098548082106
24,65,full,33,0.5882352941176471,0.5865116279069768,0.453125,0.58,0.5087719298245614,0.6465116279069768,0.49573813180666604
25,66,model_only,4,0.47794117647058826,0.5112260620735196,0.4411764705882353,0.7627118644067796,0.5590062111801242,0.5112260620735196,0.439431704885344
25,66,prompt_only,6,0.4632352941176471,0.4645608628659476,0.4,0.4745762711864407,0.43410852713178294,0.5040721989874531,0.4977143883597555
25,66,patch_only,13,0.6029411764705882,0.5958617653532907,0.5423728813559322,0.5423728813559322,0.5423728813559322,0.6544133832269425,0.5896511585746141
25,66,problem_statement_only,10,0.4632352941176471,0.47842835130970723,0.4166666666666667,0.5932203389830508,0.48951048951048953,0.4995597622716267,0.4734088590880285
25,66,model_plus_problem_statement,14,0.4411764705882353,0.4609289016068677,0.4044943820224719,0.6101694915254238,0.4864864864864865,0.4684129429892142,0.44801683436794426
25,66,patch_plus_problem_statement,23,0.5147058823529411,0.5238828967642527,0.45454545454545453,0.5932203389830508,0.5147058823529411,0.5871670702179177,0.5517386069055309
25,66,full,33,0.6544117647058824,0.6710323574730355,0.573170731707317,0.7966101694915254,0.6666666666666666,0.7262821923838872,0.6390262972918175
26,67,model_only,4,0.5294117647058824,0.5147569444444444,0.5392156862745098,0.7638888888888888,0.632183908045977,0.5221354166666666,0.5433006535947712
26,67,prompt_only,6,0.6323529411764706,0.6284722222222222,0.6410256410256411,0.6944444444444444,0.6666666666666666,0.64453125,0.6240344679472929
26,67,patch_only,13,0.5441176470588235,0.546875,0.5806451612903226,0.5,0.5373134328358209,0.5696614583333333,0.5761181780749147
26,67,problem_statement_only,10,0.5,0.5034722222222222,0.5333333333333333,0.4444444444444444,0.48484848484848486,0.509548611111111,0.56668882633657
26,67,model_plus_problem_statement,14,0.45588235294117646,0.4565972222222222,0.48484848484848486,0.4444444444444444,0.463768115942029,0.5059678819444444,0.5831961171362781
26,67,patch_plus_problem_statement,23,0.5882352941176471,0.5920138888888888,0.6333333333333333,0.5277777777777778,0.5757575757575758,0.6421440972222221,0.6578658061458985
26,67,full,33,0.5882352941176471,0.5842013888888888,0.6025641025641025,0.6527777777777778,0.6266666666666667,0.6337890625,0.6587265452042562
27,68,model_only,4,0.5588235294117647,0.5588744588744589,0.5441176470588235,0.5606060606060606,0.5522388059701493,0.580952380952381,0.533868092691622
27,68,prompt_only,6,0.625,0.6218614718614719,0.6415094339622641,0.5151515151515151,0.5714285714285714,0.6265151515151515,0.5499047924288387
27,68,patch_only,13,0.6102941176470589,0.6088744588744588,0.6065573770491803,0.5606060606060606,0.5826771653543307,0.6441558441558441,0.618333269012729
27,68,problem_statement_only,10,0.4411764705882353,0.4393939393939394,0.4166666666666667,0.3787878787878788,0.3968253968253968,0.4636363636363636,0.47412144791160316
27,68,model_plus_problem_statement,14,0.5073529411764706,0.5054112554112554,0.4915254237288136,0.4393939393939394,0.464,0.4956709956709957,0.47704351206120343
27,68,patch_plus_problem_statement,23,0.5147058823529411,0.5134199134199134,0.5,0.4696969696969697,0.484375,0.586038961038961,0.594083795549975
27,68,full,33,0.625,0.6218614718614719,0.6415094339622641,0.5151515151515151,0.5714285714285714,0.6825757575757576,0.6654433434913939
28,69,model_only,4,0.49264705882352944,0.5261941448382126,0.45098039215686275,0.7796610169491526,0.5714285714285714,0.5411622276029056,0.45783482884679294
28,69,prompt_only,6,0.47058823529411764,0.4710543693594541,0.4057971014492754,0.4745762711864407,0.4375,0.4772176975566806,0.4350560764848592
28,69,patch_only,13,0.5367647058823529,0.5413823464670922,0.4722222222222222,0.576271186440678,0.5190839694656488,0.5741800572309047,0.5007197268683894
28,69,problem_statement_only,10,0.5514705882352942,0.5444640105657055,0.48333333333333334,0.4915254237288136,0.48739495798319327,0.587607307946291,0.5967701376368741
28,69,model_plus_problem_statement,14,0.5588235294117647,0.5469953775038521,0.4909090909090909,0.4576271186440678,0.47368421052631576,0.5717587497248514,0.5695659547603427
28,69,patch_plus_problem_statement,23,0.6029411764705882,0.5998239049086507,0.5396825396825397,0.576271186440678,0.5573770491803278,0.6497908870790227,0.6638900849355894
28,69,full,33,0.5294117647058824,0.5507373981950253,0.47191011235955055,0.711864406779661,0.5675675675675675,0.6140215716486902,0.5737821549959159
29,70,model_only,4,0.4632352941176471,0.5274509803921569,0.39215686274509803,0.7843137254901961,0.5228758169934641,0.5509803921568628,0.40787197231833905
29,70,prompt_only,6,0.5955882352941176,0.5941176470588235,0.46875,0.5882352941176471,0.5217391304347826,0.6158016147635524,0.4352445195196647
29,70,patch_only,13,0.5735294117647058,0.5647058823529412,0.4426229508196721,0.5294117647058824,0.48214285714285715,0.6274509803921569,0.48069912425248684
29,70,problem_statement_only,10,0.49264705882352944,0.46862745098039216,0.3392857142857143,0.37254901960784315,0.35514018691588783,0.4257208765859285,0.3548128702651157
29,70,model_plus_problem_statement,14,0.5073529411764706,0.49215686274509807,0.36666666666666664,0.43137254901960786,0.3963963963963964,0.47243367935409464,0.37073185872048786
29,70,patch_plus_problem_statement,23,0.5661764705882353,0.5745098039215686,0.44285714285714284,0.6078431372549019,0.512396694214876,0.5711649365628604,0.44889997269451426
29,70,full,33,0.5735294117647058,0.5647058823529412,0.4426229508196721,0.5294117647058824,0.48214285714285715,0.6311418685121107,0.44645426182629
30,71,model_only,4,0.5588235294117647,0.5607142857142857,0.6470588235294118,0.55,0.5945945945945946,0.5758928571428572,0.6303921568627451
30,71,prompt_only,6,0.49264705882352944,0.49375,0.582089552238806,0.4875,0.5306122448979592,0.46975446428571427,0.589793250521847
30,71,patch_only,13,0.6176470588235294,0.6348214285714285,0.7413793103448276,0.5375,0.6231884057971014,0.6219866071428571,0.6614281155532192
30,71,problem_statement_only,10,0.5882352941176471,0.6125,0.7307692307692307,0.475,0.5757575757575758,0.59375,0.7217048396314912
30,71,model_plus_problem_statement,14,0.5220588235294118,0.5348214285714286,0.6271186440677966,0.4625,0.5323741007194245,0.5805803571428572,0.6861884712176423
30,71,patch_plus_problem_statement,23,0.5588235294117647,0.5821428571428572,0.6923076923076923,0.45,0.5454545454545454,0.5758928571428572,0.6708745983373061
30,71,full,33,0.5441176470588235,0.5696428571428571,0.68,0.425,0.5230769230769231,0.5674107142857141,0.6946634725693214
