family,metric,comparison,n_runs,mean_delta,std_delta,median_delta,ci95_mean_low,ci95_mean_high,ci95_median_low,ci95_median_high,positive_runs,negative_runs,zero_runs,wilcoxon_stat_two_sided,p_two_sided,wilcoxon_stat_greater,p_greater,rank_biserial,q_bh_all_two_sided,q_bh_all_greater,q_bh_family_two_sided,q_bh_family_greater
feature_set,roc_auc,full_vs_patch_only,30,0.0331007661721589,0.07674374190331029,0.03157974837662336,0.00629933066298568,0.060493883554571554,-0.008313734133779116,0.06643880208333336,19,11,0,132.0,0.03841841779649258,333.0,0.01920920889824629,0.432258064516129,0.061469468474388125,0.030734734237194063,0.03841841779649258,0.01920920889824629
feature_set,roc_auc,full_vs_patch_plus_problem_statement,30,0.03342264156494575,0.06712241990682138,0.0184352286554334,0.010130180046972893,0.05771082162093209,-0.0004215237203849531,0.05945758840149412,20,10,0,117.0,0.016431212425231934,348.0,0.008215606212615967,0.4967741935483871,0.029211044311523438,0.014605522155761719,0.01971745491027832,0.00985872745513916
feature_set,roc_auc,full_vs_model_plus_problem_statement,30,0.06314184121638185,0.08655460892554999,0.047847736352664205,0.03401964762701834,0.0942866559739504,0.020287130983715818,0.06445251061654605,25,5,0,62.0,0.00020912662148475647,403.0,0.00010456331074237823,0.7333333333333333,0.0005576709906260172,0.0002788354953130086,0.00041825324296951294,0.00020912662148475647
feature_set,roc_auc,full_vs_problem_statement_only,30,0.06900903507050755,0.09534760131505125,0.06194448933419522,0.035611253871529455,0.10308903829777068,0.008507094916324343,0.08998016740928899,21,9,0,81.0,0.0012321043759584427,384.0,0.0006160521879792213,0.6516129032258065,0.0028162385736192974,0.0014081192868096487,0.001848156563937664,0.000924078281968832
feature_set,roc_auc,full_vs_model_only,30,0.07080493273876787,0.07300661957236206,0.07023248892430084,0.04537711564886044,0.0967905838471319,0.02928806065083861,0.10663851122835499,22,7,1,36.0,8.686999312548624e-05,399.0,4.343499656274312e-05,0.8344827586206897,0.0003168821334838867,0.00015844106674194335,0.0002606099793764587,0.00013030498968822935
feature_set,roc_auc,full_vs_prompt_only,30,0.08808940104168149,0.0741742030196773,0.0856026785714285,0.0621579965700667,0.1143620200729358,0.054486268939393956,0.11378724899750706,26,4,0,13.0,1.6391277313232422e-07,452.0,8.195638656616211e-08,0.9440860215053763,2.6226043701171875e-06,1.3113021850585938e-06,9.834766387939453e-07,4.917383193969727e-07
feature_set,pr_auc,full_vs_patch_only,30,0.01408701594808156,0.06703690645496696,0.029607172143840566,-0.00960680413107782,0.037859881320527575,-0.03298498217192211,0.05064448591642429,17,13,0,174.0,0.23665234446525574,291.0,0.11832617223262787,0.25161290322580643,0.29126442395723784,0.14563221197861892,0.3549785166978836,0.1774892583489418
feature_set,pr_auc,full_vs_patch_plus_problem_statement,30,-0.005185368959787595,0.06240239181814944,-0.002516774414215439,-0.027167472795216623,0.017089224184884566,-0.021628136572285794,0.021156448701353497,14,16,0,214.0,0.7151329666376114,214.0,0.6499835392460227,-0.07956989247311828,0.7151329666376114,0.6499835392460227,0.7151329666376114,0.6499835392460227
feature_set,pr_auc,full_vs_model_plus_problem_statement,30,0.02642720123919623,0.07962595889813126,0.013749900577516377,-0.0010832411657000771,0.0544550556167121,-0.0045249197485257575,0.03388091022440354,19,11,0,154.0,0.10943205840885639,311.0,0.054716029204428196,0.33763440860215055,0.15917390314015475,0.07958695157007738,0.21886411681771278,0.10943205840885639
feature_set,pr_auc,full_vs_problem_statement_only,30,0.016345507084509006,0.08940278358083585,0.019233445293242446,-0.01478496382657375,0.04767042157811055,-0.025014674851564056,0.038165866146758626,17,13,0,188.0,0.370740607380867,277.0,0.1853703036904335,0.1913978494623656,0.3954566478729248,0.1977283239364624,0.4448887288570404,0.2224443644285202
feature_set,pr_auc,full_vs_model_only,30,0.06739401404623759,0.07068810298753295,0.058669525264828826,0.04263094551045941,0.09248350597566282,0.03164898847428352,0.11121926661003631,23,7,0,39.0,1.3966113328933716e-05,426.0,6.983056664466858e-06,0.832258064516129,0.00011172890663146973,5.586445331573486e-05,8.37966799736023e-05,4.189833998680115e-05
feature_set,pr_auc,full_vs_prompt_only,30,0.06195134380241872,0.07076415212689027,0.06399281620932876,0.03679784414894274,0.0861902897865384,0.034546925896847464,0.10751985691629357,24,6,0,55.0,9.90256667137146e-05,410.0,4.95128333568573e-05,0.7634408602150538,0.0003168821334838867,0.00015844106674194335,0.0002970770001411438,0.0001485385000705719
