run,seed,group_removed,auc_full,auc_without_group,auc_loss_when_removed
1,42,prompt_envelope,0.5088169642857143,0.609375,-0.10055803571428568
1,42,patch_structure,0.5088169642857143,0.46618303571428577,0.04263392857142856
1,42,problem_statement,0.5088169642857143,0.49029017857142854,0.018526785714285787
1,42,model_identity,0.5088169642857143,0.49196428571428574,0.01685267857142858
2,43,prompt_envelope,0.5648674242424242,0.5085227272727273,0.056344696969696906
2,43,patch_structure,0.5648674242424242,0.5986032196969697,-0.033735795454545525
2,43,problem_statement,0.5648674242424242,0.6055871212121212,-0.04071969696969702
2,43,model_identity,0.5648674242424242,0.5666429924242424,-0.0017755681818182323
3,44,prompt_envelope,0.6049262152777778,0.598849826388889,0.0060763888888888395
3,44,patch_structure,0.6049262152777778,0.568359375,0.03656684027777779
3,44,problem_statement,0.6049262152777778,0.5744357638888888,0.03049045138888895
3,44,model_identity,0.6049262152777778,0.5785590277777778,0.0263671875
4,45,prompt_envelope,0.6296496539792388,0.6547361591695501,-0.025086505190311303
4,45,patch_structure,0.6296496539792388,0.5830449826989619,0.0466046712802769
4,45,problem_statement,0.6296496539792388,0.5282223183391004,0.1014273356401384
4,45,model_identity,0.6296496539792388,0.637651384083045,-0.008001730103806226
5,46,prompt_envelope,0.6744517543859649,0.5668859649122806,0.10756578947368434
5,46,patch_structure,0.6744517543859649,0.5791666666666667,0.09528508771929822
5,46,problem_statement,0.6744517543859649,0.5912280701754385,0.0832236842105264
5,46,model_identity,0.6744517543859649,0.6480263157894737,0.02642543859649127
6,47,prompt_envelope,0.7666666666666666,0.6256410256410256,0.14102564102564097
6,47,patch_structure,0.7666666666666666,0.8136752136752137,-0.047008547008547064
6,47,problem_statement,0.7666666666666666,0.7201465201465201,0.046520146520146466
6,47,model_identity,0.7666666666666666,0.7505494505494505,0.01611721611721606
7,48,prompt_envelope,0.7042622950819672,0.7134426229508196,-0.009180327868852367
7,48,patch_structure,0.7042622950819672,0.673879781420765,0.03038251366120226
7,48,problem_statement,0.7042622950819672,0.6178142076502732,0.08644808743169408
7,48,model_identity,0.7042622950819672,0.6750819672131148,0.029180327868852496
8,49,prompt_envelope,0.5258282476024412,0.5475152571926765,-0.021687009590235284
8,49,patch_structure,0.5258282476024412,0.5128596338273758,0.012968613775065418
8,49,problem_statement,0.5258282476024412,0.5174367916303401,0.008391455972101114
8,49,model_identity,0.5258282476024412,0.5177637314734089,0.008064516129032251
9,50,prompt_envelope,0.667344011475018,0.6072196987807793,0.06012431269423868
9,50,patch_structure,0.667344011475018,0.668180731532393,-0.0008367200573750067
9,50,problem_statement,0.667344011475018,0.6650729141764284,0.0022710972985895417
9,50,model_identity,0.667344011475018,0.6644752569925891,0.002868754482428848
10,51,prompt_envelope,0.5206933911159264,0.47605633802816905,0.04463705308775734
10,51,patch_structure,0.5206933911159264,0.6034669555796316,-0.08277356446370521
10,51,problem_statement,0.5206933911159264,0.5520043336944745,-0.03131094257854816
10,51,model_identity,0.5206933911159264,0.556771397616468,-0.036078006500541604
11,52,prompt_envelope,0.6963163596966414,0.5866738894907908,0.1096424702058506
11,52,patch_structure,0.6963163596966414,0.6095341278439871,0.08678223185265432
11,52,problem_statement,0.6963163596966414,0.517768147345612,0.17854821235102936
11,52,model_identity,0.6963163596966414,0.6835319609967496,0.012784398699891786
12,53,prompt_envelope,0.5762803819444444,0.5362413194444444,0.0400390625
12,53,patch_structure,0.5762803819444444,0.6922743055555556,-0.11599392361111116
12,53,problem_statement,0.5762803819444444,0.5810546875,-0.00477430555555558
12,53,model_identity,0.5762803819444444,0.6009114583333333,-0.02463107638888884
13,54,prompt_envelope,0.6086105675146771,0.6588388780169602,-0.05022831050228305
13,54,patch_structure,0.6086105675146771,0.6415525114155252,-0.032941943900848036
13,54,problem_statement,0.6086105675146771,0.5464231354642314,0.062187432050445746
13,54,model_identity,0.6086105675146771,0.5864318330071755,0.02217873450750163
14,55,prompt_envelope,0.5105187664355726,0.6120009562514941,-0.1014821898159215
14,55,patch_structure,0.5105187664355726,0.5389672483863257,-0.028448481950753113
14,55,problem_statement,0.5105187664355726,0.4310303609849391,0.07948840545063351
14,55,model_identity,0.5105187664355726,0.5225914415491274,-0.01207267511355481
15,56,prompt_envelope,0.5474175347222222,0.5859375,-0.03851996527777779
15,56,patch_structure,0.5474175347222222,0.5188802083333334,0.02853732638888884
15,56,problem_statement,0.5474175347222222,0.4789496527777778,0.06846788194444442
15,56,model_identity,0.5474175347222222,0.5033637152777778,0.04405381944444442
16,57,prompt_envelope,0.5948660714285714,0.6166294642857143,-0.021763392857142905
16,57,patch_structure,0.5948660714285714,0.5837053571428571,0.011160714285714302
16,57,problem_statement,0.5948660714285714,0.5839285714285715,0.010937499999999933
16,57,model_identity,0.5948660714285714,0.5710937500000001,0.02377232142857133
17,58,prompt_envelope,0.5792804796802131,0.5888296691094825,-0.009549189429269411
17,58,patch_structure,0.5792804796802131,0.537086386853209,0.04219409282700415
17,58,problem_statement,0.5792804796802131,0.5075505218743059,0.07172995780590719
17,58,model_identity,0.5792804796802131,0.584610259826782,-0.00532978014656893
18,59,prompt_envelope,0.5582944703530979,0.5220963801909838,0.03619809016211406
18,59,patch_structure,0.5582944703530979,0.533311125916056,0.024983344437041866
18,59,problem_statement,0.5582944703530979,0.5938263379968909,-0.035531867643793014
18,59,model_identity,0.5582944703530979,0.512103042416167,0.04619142793693087
19,60,prompt_envelope,0.6648351648351648,0.7477106227106227,-0.08287545787545791
19,60,patch_structure,0.6648351648351648,0.5715430402930403,0.09329212454212454
19,60,problem_statement,0.6648351648351648,0.5493360805860806,0.11549908424908417
19,60,model_identity,0.6648351648351648,0.644459706959707,0.020375457875457803
20,61,prompt_envelope,0.665282583621684,0.6299884659746251,0.03529411764705892
20,61,patch_structure,0.665282583621684,0.6895040369088812,-0.02422145328719716
20,61,problem_statement,0.665282583621684,0.5903114186851212,0.07497116493656286
20,61,model_identity,0.665282583621684,0.6311418685121107,0.03414071510957328
21,62,prompt_envelope,0.5812238608848779,0.5562403697996918,0.02498349108518605
21,62,patch_structure,0.5812238608848779,0.598943429451904,-0.017719568567026167
21,62,problem_statement,0.5812238608848779,0.526634382566586,0.05458947831829186
21,62,model_identity,0.5812238608848779,0.5549196566145719,0.026304204270305998
22,63,prompt_envelope,0.6562837983993078,0.5577547047371837,0.09852909366212415
22,63,patch_structure,0.6562837983993078,0.655094094743673,0.0011897036556348661
22,63,problem_statement,0.6562837983993078,0.5969067704953493,0.05937702790395849
22,63,model_identity,0.6562837983993078,0.6287043045641357,0.02757949383517211
23,64,prompt_envelope,0.6154929577464789,0.5007583965330444,0.1147345612134345
23,64,patch_structure,0.6154929577464789,0.6145178764897075,0.0009750812567714817
23,64,problem_statement,0.6154929577464789,0.5969664138678222,0.01852654387865671
23,64,model_identity,0.6154929577464789,0.6358613217768148,-0.020368364030335817
24,65,prompt_envelope,0.6465116279069768,0.6139534883720931,0.032558139534883734
24,65,patch_structure,0.6465116279069768,0.6406976744186046,0.005813953488372214
24,65,problem_statement,0.6465116279069768,0.5743023255813954,0.07220930232558143
24,65,model_identity,0.6465116279069768,0.650813953488372,-0.0043023255813952055
25,66,prompt_envelope,0.7262821923838872,0.5991635483160906,0.1271186440677966
25,66,patch_structure,0.7262821923838872,0.6729033678186221,0.053378824565265104
25,66,problem_statement,0.7262821923838872,0.6257979308826767,0.10048426150121059
25,66,model_identity,0.7262821923838872,0.6857803213735417,0.040501871010345525
26,67,prompt_envelope,0.6337890625,0.653103298611111,-0.01931423611111105
26,67,patch_structure,0.6337890625,0.6455078125,-0.01171875
26,67,problem_statement,0.6337890625,0.65234375,-0.0185546875
26,67,model_identity,0.6337890625,0.5869140625,0.046875
27,68,prompt_envelope,0.6825757575757576,0.6067099567099568,0.07586580086580086
27,68,patch_structure,0.6825757575757576,0.6495670995670996,0.03300865800865804
27,68,problem_statement,0.6825757575757576,0.6121212121212121,0.07045454545454555
27,68,model_identity,0.6825757575757576,0.6295454545454545,0.053030303030303094
28,69,prompt_envelope,0.6140215716486902,0.6551837992515959,-0.041162227602905666
28,69,patch_structure,0.6140215716486902,0.6090688972044904,0.004952674444199778
28,69,problem_statement,0.6140215716486902,0.5535989434294519,0.06042262821923827
28,69,model_identity,0.6140215716486902,0.6480299361655294,-0.034008364516839196
29,70,prompt_envelope,0.6311418685121107,0.6102652825836217,0.020876585928489066
29,70,patch_structure,0.6311418685121107,0.605997693194925,0.025144175317185713
29,70,problem_statement,0.6311418685121107,0.647750865051903,-0.01660899653979231
29,70,model_identity,0.6311418685121107,0.6420991926182238,-0.010957324106113053
30,71,prompt_envelope,0.5674107142857141,0.6035714285714285,-0.036160714285714435
30,71,patch_structure,0.5674107142857141,0.6455357142857142,-0.07812500000000011
30,71,problem_statement,0.5674107142857141,0.5244419642857142,0.04296874999999989
30,71,model_identity,0.5674107142857141,0.5504464285714286,0.016964285714285543
