run,seed,n_train,n_test,train_cases,test_cases,accuracy,balanced_accuracy,precision_1,recall_1,f1_1,roc_auc,pr_auc,tn,fp,fn,tp
1,42,544,136,136,34,0.5,0.4892857142857143,0.4,0.42857142857142855,0.41379310344827586,0.5088169642857143,0.3925033419485801,44,36,32,24
2,43,544,136,136,34,0.5588235294117647,0.5691287878787878,0.4142857142857143,0.6041666666666666,0.4915254237288136,0.5648674242424242,0.3949263054472744,47,41,19,29
3,44,544,136,136,34,0.5294117647058824,0.5277777777777778,0.5,0.5,0.5,0.6049262152777778,0.5177895636581553,40,32,32,32
4,45,544,136,136,34,0.6029411764705882,0.6029411764705883,0.6129032258064516,0.5588235294117647,0.5846153846153846,0.6296496539792388,0.5830304232589077,44,24,30,38
5,46,544,136,136,34,0.625,0.631140350877193,0.5616438356164384,0.6833333333333333,0.6165413533834586,0.6744517543859649,0.5965234643695679,44,32,19,41
6,47,544,136,136,34,0.7058823529411765,0.6791208791208792,0.5510204081632653,0.6,0.574468085106383,0.7666666666666666,0.5533955197990601,69,22,18,27
7,48,544,136,136,34,0.625,0.6217486338797814,0.5806451612903226,0.5901639344262295,0.5853658536585366,0.7042622950819672,0.6203341315013278,49,26,25,36
8,49,544,136,136,34,0.5220588235294118,0.5189625108979947,0.47619047619047616,0.4838709677419355,0.48,0.5258282476024412,0.4505853496823596,41,33,32,30
9,50,544,136,136,34,0.5735294117647058,0.61391345923978,0.7818181818181819,0.48314606741573035,0.5972222222222222,0.667344011475018,0.7684221016378096,35,12,46,43
10,51,544,136,136,34,0.5220588235294118,0.5253521126760563,0.5,0.6,0.5454545454545454,0.5206933911159264,0.48388141779999577,32,39,26,39
11,52,544,136,136,34,0.6911764705882353,0.695124593716143,0.7543859649122807,0.6056338028169014,0.671875,0.6963163596966414,0.6434605616597605,51,14,28,43
12,53,544,136,136,34,0.5147058823529411,0.5182291666666666,0.55,0.4583333333333333,0.5,0.5762803819444444,0.558159760519673,37,27,39,33
13,54,544,136,136,34,0.5808823529411765,0.5856707979995651,0.5394736842105263,0.6507936507936508,0.5899280575539568,0.6086105675146771,0.5670021611471379,38,35,22,41
14,55,544,136,136,34,0.4632352941176471,0.5296437963184317,0.3645833333333333,0.7446808510638298,0.48951048951048953,0.5105187664355726,0.340309051527416,28,61,12,35
15,56,544,136,136,34,0.5441176470588235,0.5460069444444444,0.5138888888888888,0.578125,0.5441176470588235,0.5474175347222222,0.4965794931113668,37,35,27,37
16,57,544,136,136,34,0.5514705882352942,0.5598214285714285,0.4657534246575342,0.6071428571428571,0.5271317829457365,0.5948660714285714,0.43905868432661593,41,39,22,34
17,58,544,136,136,34,0.5220588235294118,0.5275371974239396,0.4444444444444444,0.5614035087719298,0.49612403100775193,0.5792804796802131,0.5221509821571026,39,40,25,32
18,59,544,136,136,34,0.5514705882352942,0.5357539418165668,0.46296296296296297,0.43859649122807015,0.45045045045045046,0.5582944703530979,0.45904464543329754,50,29,32,25
19,60,544,136,136,34,0.6323529411764706,0.6144688644688645,0.5185185185185185,0.5384615384615384,0.5283018867924528,0.6648351648351648,0.5577530335299473,58,26,24,28
20,61,544,136,136,34,0.5661764705882353,0.6058823529411764,0.76,0.4470588235294118,0.562962962962963,0.665282583621684,0.7774255906650038,39,12,47,38
21,62,544,136,136,34,0.5882352941176471,0.5927801012546775,0.5211267605633803,0.6271186440677966,0.5692307692307692,0.5812238608848779,0.5010272021512825,43,34,22,37
22,63,544,136,136,34,0.6323529411764706,0.6301103179753407,0.6808510638297872,0.47761194029850745,0.5614035087719298,0.6562837983993078,0.6473927490159387,54,15,35,32
23,64,544,136,136,34,0.5735294117647058,0.571397616468039,0.5573770491803278,0.5230769230769231,0.5396825396825397,0.6154929577464789,0.5579468950827744,44,27,31,34
24,65,544,136,136,34,0.5882352941176471,0.5865116279069768,0.453125,0.58,0.5087719298245614,0.6465116279069768,0.49573813180666604,51,35,21,29
25,66,544,136,136,34,0.6544117647058824,0.6710323574730355,0.573170731707317,0.7966101694915254,0.6666666666666666,0.7262821923838872,0.6390262972918175,42,35,12,47
26,67,544,136,136,34,0.5882352941176471,0.5842013888888888,0.6025641025641025,0.6527777777777778,0.6266666666666667,0.6337890625,0.6587265452042562,33,31,25,47
27,68,544,136,136,34,0.625,0.6218614718614719,0.6415094339622641,0.5151515151515151,0.5714285714285714,0.6825757575757576,0.6654433434913939,51,19,32,34
28,69,544,136,136,34,0.5294117647058824,0.5507373981950253,0.47191011235955055,0.711864406779661,0.5675675675675675,0.6140215716486902,0.5737821549959159,30,47,17,42
29,70,544,136,136,34,0.5735294117647058,0.5647058823529412,0.4426229508196721,0.5294117647058824,0.48214285714285715,0.6311418685121107,0.44645426182629,51,34,24,27
30,71,544,136,136,34,0.5441176470588235,0.5696428571428571,0.68,0.425,0.5230769230769231,0.5674107142857141,0.6946634725693214,40,16,46,34
