family,metric,comparison,run,seed,delta_full_minus_comparator
feature_set,roc_auc,full_vs_patch_only,1,42,-0.08727678571428565
feature_set,roc_auc,full_vs_patch_only,2,43,-0.035511363636363646
feature_set,roc_auc,full_vs_patch_only,3,44,-0.00336371527777779
feature_set,roc_auc,full_vs_patch_only,4,45,0.02422145328719727
feature_set,roc_auc,full_vs_patch_only,5,46,0.06874999999999998
feature_set,roc_auc,full_vs_patch_only,6,47,0.19768009768009764
feature_set,roc_auc,full_vs_patch_only,7,48,0.10207650273224056
feature_set,roc_auc,full_vs_patch_only,8,49,-0.03421970357454229
feature_set,roc_auc,full_vs_patch_only,9,50,0.1118814248147263
feature_set,roc_auc,full_vs_patch_only,10,51,-0.058829902491874364
feature_set,roc_auc,full_vs_patch_only,11,52,0.1872156013001084
feature_set,roc_auc,full_vs_patch_only,12,53,0.02473958333333326
feature_set,roc_auc,full_vs_patch_only,13,54,-0.013263752989780442
feature_set,roc_auc,full_vs_patch_only,14,55,-0.05390867798230936
feature_set,roc_auc,full_vs_patch_only,15,56,-0.017578125
feature_set,roc_auc,full_vs_patch_only,16,57,-0.0864955357142857
feature_set,roc_auc,full_vs_patch_only,17,58,-0.045081057073062425
feature_set,roc_auc,full_vs_patch_only,18,59,0.00011103708638682264
feature_set,roc_auc,full_vs_patch_only,19,60,0.053113553113553036
feature_set,roc_auc,full_vs_patch_only,20,61,0.06378316032295273
feature_set,roc_auc,full_vs_patch_only,21,62,0.07384987893462469
feature_set,roc_auc,full_vs_patch_only,22,63,0.12708198139736104
feature_set,roc_auc,full_vs_patch_only,23,64,0.15904658721560144
feature_set,roc_auc,full_vs_patch_only,24,65,0.07162790697674426
feature_set,roc_auc,full_vs_patch_only,25,66,0.07186880915694471
feature_set,roc_auc,full_vs_patch_only,26,67,0.06412760416666674
feature_set,roc_auc,full_vs_patch_only,27,68,0.038419913419913465
feature_set,roc_auc,full_vs_patch_only,28,69,0.039841514417785495
feature_set,roc_auc,full_vs_patch_only,29,70,0.0036908881199538834
feature_set,roc_auc,full_vs_patch_only,30,71,-0.05457589285714304
feature_set,roc_auc,full_vs_patch_plus_problem_statement,1,42,-0.10457589285714275
feature_set,roc_auc,full_vs_patch_plus_problem_statement,2,43,0.04971590909090906
feature_set,roc_auc,full_vs_patch_plus_problem_statement,3,44,0.02354600694444442
feature_set,roc_auc,full_vs_patch_plus_problem_statement,4,45,-0.0029195501730103768
feature_set,roc_auc,full_vs_patch_plus_problem_statement,5,46,0.15646929824561406
feature_set,roc_auc,full_vs_patch_plus_problem_statement,6,47,0.17020757020757027
feature_set,roc_auc,full_vs_patch_plus_problem_statement,7,48,0.0020765027322404706
feature_set,roc_auc,full_vs_patch_plus_problem_statement,8,49,0.01002615518744554
feature_set,roc_auc,full_vs_patch_plus_problem_statement,9,50,0.0720774563710257
feature_set,roc_auc,full_vs_patch_plus_problem_statement,10,51,0.05893824485373789
feature_set,roc_auc,full_vs_patch_plus_problem_statement,11,52,0.14637053087757312
feature_set,roc_auc,full_vs_patch_plus_problem_statement,12,53,0.03439670138888884
feature_set,roc_auc,full_vs_patch_plus_problem_statement,13,54,-0.01619917373342028
feature_set,roc_auc,full_vs_patch_plus_problem_statement,14,55,-0.07614152522113316
feature_set,roc_auc,full_vs_patch_plus_problem_statement,15,56,-0.05740017361111116
feature_set,roc_auc,full_vs_patch_plus_problem_statement,16,57,-0.008370535714285698
feature_set,roc_auc,full_vs_patch_plus_problem_statement,17,58,-0.015323117921385743
feature_set,roc_auc,full_vs_patch_plus_problem_statement,18,59,0.01332445036642238
feature_set,roc_auc,full_vs_patch_plus_problem_statement,19,60,0.010187728937728902
feature_set,roc_auc,full_vs_patch_plus_problem_statement,20,61,0.05155709342560555
feature_set,roc_auc,full_vs_patch_plus_problem_statement,21,62,0.0635042923178516
feature_set,roc_auc,full_vs_patch_plus_problem_statement,22,63,0.08706467661691553
feature_set,roc_auc,full_vs_patch_plus_problem_statement,23,64,0.08624052004333693
feature_set,roc_auc,full_vs_patch_plus_problem_statement,24,65,0.0048837209302325935
feature_set,roc_auc,full_vs_patch_plus_problem_statement,25,66,0.13911512216596955
feature_set,roc_auc,full_vs_patch_plus_problem_statement,26,67,-0.008355034722222099
feature_set,roc_auc,full_vs_patch_plus_problem_statement,27,68,0.09653679653679659
feature_set,roc_auc,full_vs_patch_plus_problem_statement,28,69,-0.03576931543033246
feature_set,roc_auc,full_vs_patch_plus_problem_statement,29,70,0.059976931949250356
feature_set,roc_auc,full_vs_patch_plus_problem_statement,30,71,-0.008482142857143105
feature_set,roc_auc,full_vs_model_plus_problem_statement,1,42,-0.07801339285714282
feature_set,roc_auc,full_vs_model_plus_problem_statement,2,43,0.06889204545454541
feature_set,roc_auc,full_vs_model_plus_problem_statement,3,44,0.03461371527777779
feature_set,roc_auc,full_vs_model_plus_problem_statement,4,45,0.060012975778546696
feature_set,roc_auc,full_vs_model_plus_problem_statement,5,46,0.21140350877192993
feature_set,roc_auc,full_vs_model_plus_problem_statement,6,47,0.20097680097680093
feature_set,roc_auc,full_vs_model_plus_problem_statement,7,48,0.024918032786885314
feature_set,roc_auc,full_vs_model_plus_problem_statement,8,49,0.054707933740191894
feature_set,roc_auc,full_vs_model_plus_problem_statement,9,50,0.04697585464977294
feature_set,roc_auc,full_vs_model_plus_problem_statement,10,51,0.02502708559046596
feature_set,roc_auc,full_vs_model_plus_problem_statement,11,52,0.229685807150596
feature_set,roc_auc,full_vs_model_plus_problem_statement,12,53,0.04871961805555547
feature_set,roc_auc,full_vs_model_plus_problem_statement,13,54,0.012393998695368613
feature_set,roc_auc,full_vs_model_plus_problem_statement,14,55,-0.08259622280659806
feature_set,roc_auc,full_vs_model_plus_problem_statement,15,56,0.01302083333333337
feature_set,roc_auc,full_vs_model_plus_problem_statement,16,57,0.05323660714285716
feature_set,roc_auc,full_vs_model_plus_problem_statement,17,58,-0.029868976238063616
feature_set,roc_auc,full_vs_model_plus_problem_statement,18,59,0.01565622918054632
feature_set,roc_auc,full_vs_model_plus_problem_statement,19,60,0.015338827838827784
feature_set,roc_auc,full_vs_model_plus_problem_statement,20,61,0.05282583621683978
feature_set,roc_auc,full_vs_model_plus_problem_statement,21,62,1.1102230246251565e-16
feature_set,roc_auc,full_vs_model_plus_problem_statement,22,63,0.08273848150551588
feature_set,roc_auc,full_vs_model_plus_problem_statement,23,64,0.09133261105092105
feature_set,roc_auc,full_vs_model_plus_problem_statement,24,65,-0.018139534883720887
feature_set,roc_auc,full_vs_model_plus_problem_statement,25,66,0.25786924939467304
feature_set,roc_auc,full_vs_model_plus_problem_statement,26,67,0.12782118055555558
feature_set,roc_auc,full_vs_model_plus_problem_statement,27,68,0.1869047619047619
feature_set,roc_auc,full_vs_model_plus_problem_statement,28,69,0.04226282192383879
feature_set,roc_auc,full_vs_model_plus_problem_statement,29,70,0.15870818915801616
feature_set,roc_auc,full_vs_model_plus_problem_statement,30,71,-0.01316964285714306
feature_set,roc_auc,full_vs_problem_statement_only,1,42,-0.08582589285714293
feature_set,roc_auc,full_vs_problem_statement_only,2,43,0.10558712121212122
feature_set,roc_auc,full_vs_problem_statement_only,3,44,0.04329427083333337
feature_set,roc_auc,full_vs_problem_statement_only,4,45,0.07169117647058831
feature_set,roc_auc,full_vs_problem_statement_only,5,46,0.22708333333333336
feature_set,roc_auc,full_vs_problem_statement_only,6,47,0.21440781440781442
feature_set,roc_auc,full_vs_problem_statement_only,7,48,-0.005136612021858
feature_set,roc_auc,full_vs_problem_statement_only,8,49,0.08249782040104625
feature_set,roc_auc,full_vs_problem_statement_only,9,50,0.07697824527850827
feature_set,roc_auc,full_vs_problem_statement_only,10,51,0.01679306608884068
feature_set,roc_auc,full_vs_problem_statement_only,11,52,0.21668472372697722
feature_set,roc_auc,full_vs_problem_statement_only,12,53,-0.0087890625
feature_set,roc_auc,full_vs_problem_statement_only,13,54,-0.02315720808871491
feature_set,roc_auc,full_vs_problem_statement_only,14,55,-0.07889074826679399
feature_set,roc_auc,full_vs_problem_statement_only,15,56,0.0031467013888889506
feature_set,roc_auc,full_vs_problem_statement_only,16,57,0.08058035714285716
feature_set,roc_auc,full_vs_problem_statement_only,17,58,-0.032200755052187446
feature_set,roc_auc,full_vs_problem_statement_only,18,59,-0.0069953364423718245
feature_set,roc_auc,full_vs_problem_statement_only,19,60,0.05219780219780212
feature_set,roc_auc,full_vs_problem_statement_only,20,61,0.09746251441753173
feature_set,roc_auc,full_vs_problem_statement_only,21,62,0.013867488443759735
feature_set,roc_auc,full_vs_problem_statement_only,22,63,0.18094311053428513
feature_set,roc_auc,full_vs_problem_statement_only,23,64,0.07172264355362945
feature_set,roc_auc,full_vs_problem_statement_only,24,65,-0.019069767441860397
feature_set,roc_auc,full_vs_problem_statement_only,25,66,0.22672243011226056
feature_set,roc_auc,full_vs_problem_statement_only,26,67,0.12424045138888895
feature_set,roc_auc,full_vs_problem_statement_only,27,68,0.218939393939394
feature_set,roc_auc,full_vs_problem_statement_only,28,69,0.026414263702399188
feature_set,roc_auc,full_vs_problem_statement_only,29,70,0.20542099192618224
feature_set,roc_auc,full_vs_problem_statement_only,30,71,-0.0263392857142859
feature_set,roc_auc,full_vs_model_only,1,42,-0.006361607142857162
feature_set,roc_auc,full_vs_model_only,2,43,0.04876893939393934
feature_set,roc_auc,full_vs_model_only,3,44,0.09754774305555558
feature_set,roc_auc,full_vs_model_only,4,45,0.026708477508650463
feature_set,roc_auc,full_vs_model_only,5,46,0.1446271929824562
feature_set,roc_auc,full_vs_model_only,6,47,0.22930402930402927
feature_set,roc_auc,full_vs_model_only,7,48,0.17825136612021864
feature_set,roc_auc,full_vs_model_only,8,49,-0.0334568439407148
feature_set,roc_auc,full_vs_model_only,9,50,0.09012670332297401
feature_set,roc_auc,full_vs_model_only,10,51,-0.005092091007583899
feature_set,roc_auc,full_vs_model_only,11,52,0.12632719393282776
feature_set,roc_auc,full_vs_model_only,12,53,-0.0048828125
feature_set,roc_auc,full_vs_model_only,13,54,0.045770819743422564
feature_set,roc_auc,full_vs_model_only,14,55,-0.04231412861582595
feature_set,roc_auc,full_vs_model_only,15,56,-0.01898871527777779
feature_set,roc_auc,full_vs_model_only,16,57,0.034151785714285676
feature_set,roc_auc,full_vs_model_only,17,58,0.0
feature_set,roc_auc,full_vs_model_only,18,59,0.031867643793026756
feature_set,roc_auc,full_vs_model_only,19,60,0.1492673992673993
feature_set,roc_auc,full_vs_model_only,20,61,0.11430219146482123
feature_set,roc_auc,full_vs_model_only,21,62,0.017609509134932866
feature_set,roc_auc,full_vs_model_only,22,63,0.14525200086523904
feature_set,roc_auc,full_vs_model_only,23,64,0.06760563380281703
feature_set,roc_auc,full_vs_model_only,24,65,0.11488372093023258
feature_set,roc_auc,full_vs_model_only,25,66,0.21505613031036763
feature_set,roc_auc,full_vs_model_only,26,67,0.11165364583333337
feature_set,roc_auc,full_vs_model_only,27,68,0.10162337662337662
feature_set,roc_auc,full_vs_model_only,28,69,0.07285934404578465
feature_set,roc_auc,full_vs_model_only,29,70,0.08016147635524795
feature_set,roc_auc,full_vs_model_only,30,71,-0.008482142857143105
feature_set,roc_auc,full_vs_prompt_only,1,42,-0.026674107142857117
feature_set,roc_auc,full_vs_prompt_only,2,43,0.05291193181818177
feature_set,roc_auc,full_vs_prompt_only,3,44,0.03168402777777779
feature_set,roc_auc,full_vs_prompt_only,4,45,0.251946366782007
feature_set,roc_auc,full_vs_prompt_only,5,46,0.14166666666666672
feature_set,roc_auc,full_vs_prompt_only,6,47,0.06727716727716726
feature_set,roc_auc,full_vs_prompt_only,7,48,0.09803278688524597
feature_set,roc_auc,full_vs_prompt_only,8,49,-0.026046207497820384
feature_set,roc_auc,full_vs_prompt_only,9,50,0.04673679177623724
feature_set,roc_auc,full_vs_prompt_only,10,51,0.09880823401950167
feature_set,roc_auc,full_vs_prompt_only,11,52,0.2173347778981582
feature_set,roc_auc,full_vs_prompt_only,12,53,-0.025390625
feature_set,roc_auc,full_vs_prompt_only,13,54,0.11013263752989783
feature_set,roc_auc,full_vs_prompt_only,14,55,0.14379631843174762
feature_set,roc_auc,full_vs_prompt_only,15,56,0.09971788194444442
feature_set,roc_auc,full_vs_prompt_only,16,57,0.07354910714285712
feature_set,roc_auc,full_vs_prompt_only,17,58,0.13446591161447924
feature_set,roc_auc,full_vs_prompt_only,18,59,0.031867643793026756
feature_set,roc_auc,full_vs_prompt_only,19,60,0.21085164835164832
feature_set,roc_auc,full_vs_prompt_only,20,61,0.11880046136101508
feature_set,roc_auc,full_vs_prompt_only,21,62,0.05866167730574512
feature_set,roc_auc,full_vs_prompt_only,22,63,0.0304996755353667
feature_set,roc_auc,full_vs_prompt_only,23,64,0.06728060671722647
feature_set,roc_auc,full_vs_prompt_only,24,65,0.11744186046511629
feature_set,roc_auc,full_vs_prompt_only,25,66,0.2222099933964341
feature_set,roc_auc,full_vs_prompt_only,26,67,-0.0107421875
feature_set,roc_auc,full_vs_prompt_only,27,68,0.056060606060606144
feature_set,roc_auc,full_vs_prompt_only,28,69,0.13680387409200961
feature_set,roc_auc,full_vs_prompt_only,29,70,0.015340253748558297
feature_set,roc_auc,full_vs_prompt_only,30,71,0.09765624999999989
feature_set,pr_auc,full_vs_patch_only,1,42,-0.0803386348962461
feature_set,pr_auc,full_vs_patch_only,2,43,-0.03574275474830857
feature_set,pr_auc,full_vs_patch_only,3,44,-0.04398829360390122
feature_set,pr_auc,full_vs_patch_only,4,45,0.028436687166236818
feature_set,pr_auc,full_vs_patch_only,5,46,0.06451927472290808
feature_set,pr_auc,full_vs_patch_only,6,47,0.1420895407352213
feature_set,pr_auc,full_vs_patch_only,7,48,0.0951338538985258
feature_set,pr_auc,full_vs_patch_only,8,49,-0.054555224342823505
feature_set,pr_auc,full_vs_patch_only,9,50,0.07282677491432954
feature_set,pr_auc,full_vs_patch_only,10,51,-0.06405244533606469
feature_set,pr_auc,full_vs_patch_only,11,52,0.0785626456848606
feature_set,pr_auc,full_vs_patch_only,12,53,-0.02640817865252365
feature_set,pr_auc,full_vs_patch_only,13,54,-0.031725101917647436
feature_set,pr_auc,full_vs_patch_only,14,55,-0.064199378281796
feature_set,pr_auc,full_vs_patch_only,15,56,-0.06459665487730332
feature_set,pr_auc,full_vs_patch_only,16,57,-0.12112042632385556
feature_set,pr_auc,full_vs_patch_only,17,58,-0.030144344275430335
feature_set,pr_auc,full_vs_patch_only,18,59,-0.03426764420920764
feature_set,pr_auc,full_vs_patch_only,19,60,0.011721695143786848
feature_set,pr_auc,full_vs_patch_only,20,61,0.051913833115645236
feature_set,pr_auc,full_vs_patch_only,21,62,0.030777657121444313
feature_set,pr_auc,full_vs_patch_only,22,63,0.13260737364117292
feature_set,pr_auc,full_vs_patch_only,23,64,0.06515538355219341
feature_set,pr_auc,full_vs_patch_only,24,65,0.048858337168588395
feature_set,pr_auc,full_vs_patch_only,25,66,0.04937513871720334
feature_set,pr_auc,full_vs_patch_only,26,67,0.0826083671293415
feature_set,pr_auc,full_vs_patch_only,27,68,0.04711007447866489
feature_set,pr_auc,full_vs_patch_only,28,69,0.0730624281275265
feature_set,pr_auc,full_vs_patch_only,29,70,-0.03424486242619679
feature_set,pr_auc,full_vs_patch_only,30,71,0.03323535701610214
feature_set,pr_auc,full_vs_patch_plus_problem_statement,1,42,-0.11765778177375502
feature_set,pr_auc,full_vs_patch_plus_problem_statement,2,43,0.024483041638860836
feature_set,pr_auc,full_vs_patch_plus_problem_statement,3,44,-0.03478856437210265
feature_set,pr_auc,full_vs_patch_plus_problem_statement,4,45,-0.05838734926252798
feature_set,pr_auc,full_vs_patch_plus_problem_statement,5,46,0.015062150223257853
feature_set,pr_auc,full_vs_patch_plus_problem_statement,6,47,0.12879520690356638
feature_set,pr_auc,full_vs_patch_plus_problem_statement,7,48,-0.07068905989235497
feature_set,pr_auc,full_vs_patch_plus_problem_statement,8,49,-0.015582678169182906
feature_set,pr_auc,full_vs_patch_plus_problem_statement,9,50,0.03426156936692515
feature_set,pr_auc,full_vs_patch_plus_problem_statement,10,51,0.01852402317069174
feature_set,pr_auc,full_vs_patch_plus_problem_statement,11,52,0.05749255399361364
feature_set,pr_auc,full_vs_patch_plus_problem_statement,12,53,0.03629281957570407
feature_set,pr_auc,full_vs_patch_plus_problem_statement,13,54,-0.022592124901624766
feature_set,pr_auc,full_vs_patch_plus_problem_statement,14,55,-0.0715458628140565
feature_set,pr_auc,full_vs_patch_plus_problem_statement,15,56,-0.12605008131087342
feature_set,pr_auc,full_vs_patch_plus_problem_statement,16,57,-0.09847040873686719
feature_set,pr_auc,full_vs_patch_plus_problem_statement,17,58,-0.020664148242946823
feature_set,pr_auc,full_vs_patch_plus_problem_statement,18,59,-0.04447016153852701
feature_set,pr_auc,full_vs_patch_plus_problem_statement,19,60,-0.00494819984726369
feature_set,pr_auc,full_vs_patch_plus_problem_statement,20,61,-0.0025878379602066737
feature_set,pr_auc,full_vs_patch_plus_problem_statement,21,62,0.03369391953998807
feature_set,pr_auc,full_vs_patch_plus_problem_statement,22,63,0.10079694226836833
feature_set,pr_auc,full_vs_patch_plus_problem_statement,23,64,-0.010800524460950367
feature_set,pr_auc,full_vs_patch_plus_problem_statement,24,65,0.003528276998455371
feature_set,pr_auc,full_vs_patch_plus_problem_statement,25,66,0.08728769038628659
feature_set,pr_auc,full_vs_patch_plus_problem_statement,26,67,0.0008607390583577068
feature_set,pr_auc,full_vs_patch_plus_problem_statement,27,68,0.07135954794141885
feature_set,pr_auc,full_vs_patch_plus_problem_statement,28,69,-0.09010792993967354
feature_set,pr_auc,full_vs_patch_plus_problem_statement,29,70,-0.0024457108682242046
feature_set,pr_auc,full_vs_patch_plus_problem_statement,30,71,0.023788874232015256
feature_set,pr_auc,full_vs_model_plus_problem_statement,1,42,-0.11539499278765969
feature_set,pr_auc,full_vs_model_plus_problem_statement,2,43,0.031811803045078524
feature_set,pr_auc,full_vs_model_plus_problem_statement,3,44,-0.03864210064261919
feature_set,pr_auc,full_vs_model_plus_problem_statement,4,45,-0.01836704279006418
feature_set,pr_auc,full_vs_model_plus_problem_statement,5,46,0.13461039165743083
feature_set,pr_auc,full_vs_model_plus_problem_statement,6,47,0.12395453832560799
feature_set,pr_auc,full_vs_model_plus_problem_statement,7,48,-0.0488030918207325
feature_set,pr_auc,full_vs_model_plus_problem_statement,8,49,0.029607288745278793
feature_set,pr_auc,full_vs_model_plus_problem_statement,9,50,-0.008142685735862076
feature_set,pr_auc,full_vs_model_plus_problem_statement,10,51,-0.03066861146308253
feature_set,pr_auc,full_vs_model_plus_problem_statement,11,52,0.15913312804894458
feature_set,pr_auc,full_vs_model_plus_problem_statement,12,53,0.021885018981148252
feature_set,pr_auc,full_vs_model_plus_problem_statement,13,54,0.009791687467259669
feature_set,pr_auc,full_vs_model_plus_problem_statement,14,55,-0.08212092468732962
feature_set,pr_auc,full_vs_model_plus_problem_statement,15,56,-0.049798346212266364
feature_set,pr_auc,full_vs_model_plus_problem_statement,16,57,0.02474893824029928
feature_set,pr_auc,full_vs_model_plus_problem_statement,17,58,0.03595001740372855
feature_set,pr_auc,full_vs_model_plus_problem_statement,18,59,0.013958926338165478
feature_set,pr_auc,full_vs_model_plus_problem_statement,19,60,-0.0009071537611894387
feature_set,pr_auc,full_vs_model_plus_problem_statement,20,61,0.013540874816867277
feature_set,pr_auc,full_vs_model_plus_problem_statement,21,62,-0.011200712375558086
feature_set,pr_auc,full_vs_model_plus_problem_statement,22,63,0.09958532927471364
feature_set,pr_auc,full_vs_model_plus_problem_statement,23,64,0.07478005919946762
feature_set,pr_auc,full_vs_model_plus_problem_statement,24,65,-0.11984962920683623
feature_set,pr_auc,full_vs_model_plus_problem_statement,25,66,0.19100946292387327
feature_set,pr_auc,full_vs_model_plus_problem_statement,26,67,0.07553042806797816
feature_set,pr_auc,full_vs_model_plus_problem_statement,27,68,0.1883998314301905
feature_set,pr_auc,full_vs_model_plus_problem_statement,28,69,0.004216200235573231
feature_set,pr_auc,full_vs_model_plus_problem_statement,29,70,0.0757224031058022
feature_set,pr_auc,full_vs_model_plus_problem_statement,30,71,0.008475001351679112
feature_set,pr_auc,full_vs_problem_statement_only,1,42,-0.13782448954620324
feature_set,pr_auc,full_vs_problem_statement_only,2,43,0.04813245280331374
feature_set,pr_auc,full_vs_problem_statement_only,3,44,-0.08266255895183372
feature_set,pr_auc,full_vs_problem_statement_only,4,45,-0.043094238123306705
feature_set,pr_auc,full_vs_problem_statement_only,5,46,0.15599940442066612
feature_set,pr_auc,full_vs_problem_statement_only,6,47,0.1049220112565683
feature_set,pr_auc,full_vs_problem_statement_only,7,48,-0.06941930387548989
feature_set,pr_auc,full_vs_problem_statement_only,8,49,0.022157783790334007
feature_set,pr_auc,full_vs_problem_statement_only,9,50,0.023495221100802932
feature_set,pr_auc,full_vs_problem_statement_only,10,51,-0.011468087946532368
feature_set,pr_auc,full_vs_problem_statement_only,11,52,0.13769261046253223
feature_set,pr_auc,full_vs_problem_statement_only,12,53,-0.02271570802389722
feature_set,pr_auc,full_vs_problem_statement_only,13,54,-0.044582190952247025
feature_set,pr_auc,full_vs_problem_statement_only,14,55,-0.08552582240909401
feature_set,pr_auc,full_vs_problem_statement_only,15,56,-0.08509547187190497
feature_set,pr_auc,full_vs_problem_statement_only,16,57,0.01126767694823505
feature_set,pr_auc,full_vs_problem_statement_only,17,58,0.023171592024509746
feature_set,pr_auc,full_vs_problem_statement_only,18,59,-0.07745143881912853
feature_set,pr_auc,full_vs_problem_statement_only,19,60,0.025839945603793324
feature_set,pr_auc,full_vs_problem_statement_only,20,61,0.02819927949020351
feature_set,pr_auc,full_vs_problem_statement_only,21,62,0.016309106796150885
feature_set,pr_auc,full_vs_problem_statement_only,22,63,0.14423576823185724
feature_set,pr_auc,full_vs_problem_statement_only,23,64,0.05329083148932945
feature_set,pr_auc,full_vs_problem_statement_only,24,65,-0.1350982558727008
feature_set,pr_auc,full_vs_problem_statement_only,25,66,0.165617438203789
feature_set,pr_auc,full_vs_problem_statement_only,26,67,0.09203771886768619
feature_set,pr_auc,full_vs_problem_statement_only,27,68,0.1913218955797908
feature_set,pr_auc,full_vs_problem_statement_only,28,69,-0.02298798264095825
feature_set,pr_auc,full_vs_problem_statement_only,29,70,0.09164139156117429
feature_set,pr_auc,full_vs_problem_statement_only,30,71,-0.027041367062169863
feature_set,pr_auc,full_vs_model_only,1,42,-0.030815985782512267
feature_set,pr_auc,full_vs_model_only,2,43,0.030342972113941102
feature_set,pr_auc,full_vs_model_only,3,44,0.032955004834625934
feature_set,pr_auc,full_vs_model_only,4,45,0.02096294921046482
feature_set,pr_auc,full_vs_model_only,5,46,0.13859862776826076
feature_set,pr_auc,full_vs_model_only,6,47,0.2048661080343543
feature_set,pr_auc,full_vs_model_only,7,48,0.15721937740296715
feature_set,pr_auc,full_vs_model_only,8,49,-0.03834570661112552
feature_set,pr_auc,full_vs_model_only,9,50,0.07548312829566373
feature_set,pr_auc,full_vs_model_only,10,51,-0.008614811460939398
feature_set,pr_auc,full_vs_model_only,11,52,0.07362488090858677
feature_set,pr_auc,full_vs_model_only,12,53,-0.016867472595795352
feature_set,pr_auc,full_vs_model_only,13,54,0.07062027505936946
feature_set,pr_auc,full_vs_model_only,14,55,-0.03250071067533744
feature_set,pr_auc,full_vs_model_only,15,56,-0.01245849708471164
feature_set,pr_auc,full_vs_model_only,16,57,-0.0150729683344486
feature_set,pr_auc,full_vs_model_only,17,58,0.05306773482308136
feature_set,pr_auc,full_vs_model_only,18,59,0.0253071153335383
feature_set,pr_auc,full_vs_model_only,19,60,0.1638050697290424
feature_set,pr_auc,full_vs_model_only,20,61,0.12353285710098993
feature_set,pr_auc,full_vs_model_only,21,62,0.03384541418185749
feature_set,pr_auc,full_vs_model_only,22,63,0.14914867526703618
feature_set,pr_auc,full_vs_model_only,23,64,0.050707076078249536
feature_set,pr_auc,full_vs_model_only,24,65,0.1070126416105876
feature_set,pr_auc,full_vs_model_only,25,66,0.19959459240647348
feature_set,pr_auc,full_vs_model_only,26,67,0.11542589160948502
feature_set,pr_auc,full_vs_model_only,27,68,0.13157525079977184
feature_set,pr_auc,full_vs_model_only,28,69,0.11594732614912301
feature_set,pr_auc,full_vs_model_only,29,70,0.038582289507951006
feature_set,pr_auc,full_vs_model_only,30,71,0.06427131570657629
feature_set,pr_auc,full_vs_prompt_only,1,42,-0.053410569176184086
feature_set,pr_auc,full_vs_prompt_only,2,43,-0.058740724134950295
feature_set,pr_auc,full_vs_prompt_only,3,44,-0.049337912547129714
feature_set,pr_auc,full_vs_prompt_only,4,45,0.17169570420217145
feature_set,pr_auc,full_vs_prompt_only,5,46,0.13954220989660565
feature_set,pr_auc,full_vs_prompt_only,6,47,0.1251709134628392
feature_set,pr_auc,full_vs_prompt_only,7,48,0.078823998805851
feature_set,pr_auc,full_vs_prompt_only,8,49,-0.08769330764279842
feature_set,pr_auc,full_vs_prompt_only,9,50,0.027781096496205526
feature_set,pr_auc,full_vs_prompt_only,10,51,0.0344017745367316
feature_set,pr_auc,full_vs_prompt_only,11,52,0.09029958578004804
feature_set,pr_auc,full_vs_prompt_only,12,53,-0.008304259341640585
feature_set,pr_auc,full_vs_prompt_only,13,54,0.12349410831309326
feature_set,pr_auc,full_vs_prompt_only,14,55,0.0616634755972601
feature_set,pr_auc,full_vs_prompt_only,15,56,0.08686047327955448
feature_set,pr_auc,full_vs_prompt_only,16,57,-0.0174076582550311
feature_set,pr_auc,full_vs_prompt_only,17,58,0.15229227130411105
feature_set,pr_auc,full_vs_prompt_only,18,59,0.006991714770715085
feature_set,pr_auc,full_vs_prompt_only,19,60,0.14982224412284034
feature_set,pr_auc,full_vs_prompt_only,20,61,0.1101694917851127
feature_set,pr_auc,full_vs_prompt_only,21,62,0.06527166367282461
feature_set,pr_auc,full_vs_prompt_only,22,63,0.0627139687458329
feature_set,pr_auc,full_vs_prompt_only,23,64,0.04294602728548447
feature_set,pr_auc,full_vs_prompt_only,24,65,0.057145442996277385
feature_set,pr_auc,full_vs_prompt_only,25,66,0.14131190893206197
feature_set,pr_auc,full_vs_prompt_only,26,67,0.03469207725696333
feature_set,pr_auc,full_vs_prompt_only,27,68,0.11553855106255517
feature_set,pr_auc,full_vs_prompt_only,28,69,0.13872607851105667
feature_set,pr_auc,full_vs_prompt_only,29,70,0.011209742306625303
feature_set,pr_auc,full_vs_prompt_only,30,71,0.10487022204747443
ablation,roc_auc,full_vs_without_problem_statement,1,42,0.0185267857142857
ablation,roc_auc,full_vs_without_problem_statement,2,43,-0.040719696969697
ablation,roc_auc,full_vs_without_problem_statement,3,44,0.0304904513888889
ablation,roc_auc,full_vs_without_problem_statement,4,45,0.1014273356401384
ablation,roc_auc,full_vs_without_problem_statement,5,46,0.0832236842105264
ablation,roc_auc,full_vs_without_problem_statement,6,47,0.0465201465201464
ablation,roc_auc,full_vs_without_problem_statement,7,48,0.086448087431694
ablation,roc_auc,full_vs_without_problem_statement,8,49,0.0083914559721011
ablation,roc_auc,full_vs_without_problem_statement,9,50,0.0022710972985895
ablation,roc_auc,full_vs_without_problem_statement,10,51,-0.0313109425785481
ablation,roc_auc,full_vs_without_problem_statement,11,52,0.1785482123510293
ablation,roc_auc,full_vs_without_problem_statement,12,53,-0.0047743055555555
ablation,roc_auc,full_vs_without_problem_statement,13,54,0.0621874320504457
ablation,roc_auc,full_vs_without_problem_statement,14,55,0.0794884054506335
ablation,roc_auc,full_vs_without_problem_statement,15,56,0.0684678819444444
ablation,roc_auc,full_vs_without_problem_statement,16,57,0.0109374999999999
ablation,roc_auc,full_vs_without_problem_statement,17,58,0.0717299578059071
ablation,roc_auc,full_vs_without_problem_statement,18,59,-0.035531867643793
ablation,roc_auc,full_vs_without_problem_statement,19,60,0.1154990842490841
ablation,roc_auc,full_vs_without_problem_statement,20,61,0.0749711649365628
ablation,roc_auc,full_vs_without_problem_statement,21,62,0.0545894783182918
ablation,roc_auc,full_vs_without_problem_statement,22,63,0.0593770279039584
ablation,roc_auc,full_vs_without_problem_statement,23,64,0.0185265438786567
ablation,roc_auc,full_vs_without_problem_statement,24,65,0.0722093023255814
ablation,roc_auc,full_vs_without_problem_statement,25,66,0.1004842615012105
ablation,roc_auc,full_vs_without_problem_statement,26,67,-0.0185546875
ablation,roc_auc,full_vs_without_problem_statement,27,68,0.0704545454545455
ablation,roc_auc,full_vs_without_problem_statement,28,69,0.0604226282192382
ablation,roc_auc,full_vs_without_problem_statement,29,70,-0.0166089965397923
ablation,roc_auc,full_vs_without_problem_statement,30,71,0.0429687499999998
ablation,roc_auc,full_vs_without_prompt_envelope,1,42,-0.1005580357142856
ablation,roc_auc,full_vs_without_prompt_envelope,2,43,0.0563446969696969
ablation,roc_auc,full_vs_without_prompt_envelope,3,44,0.0060763888888888
ablation,roc_auc,full_vs_without_prompt_envelope,4,45,-0.0250865051903113
ablation,roc_auc,full_vs_without_prompt_envelope,5,46,0.1075657894736843
ablation,roc_auc,full_vs_without_prompt_envelope,6,47,0.1410256410256409
ablation,roc_auc,full_vs_without_prompt_envelope,7,48,-0.0091803278688523
ablation,roc_auc,full_vs_without_prompt_envelope,8,49,-0.0216870095902352
ablation,roc_auc,full_vs_without_prompt_envelope,9,50,0.0601243126942386
ablation,roc_auc,full_vs_without_prompt_envelope,10,51,0.0446370530877573
ablation,roc_auc,full_vs_without_prompt_envelope,11,52,0.1096424702058506
ablation,roc_auc,full_vs_without_prompt_envelope,12,53,0.0400390625
ablation,roc_auc,full_vs_without_prompt_envelope,13,54,-0.050228310502283
ablation,roc_auc,full_vs_without_prompt_envelope,14,55,-0.1014821898159215
ablation,roc_auc,full_vs_without_prompt_envelope,15,56,-0.0385199652777777
ablation,roc_auc,full_vs_without_prompt_envelope,16,57,-0.0217633928571429
ablation,roc_auc,full_vs_without_prompt_envelope,17,58,-0.0095491894292694
ablation,roc_auc,full_vs_without_prompt_envelope,18,59,0.036198090162114
ablation,roc_auc,full_vs_without_prompt_envelope,19,60,-0.0828754578754579
ablation,roc_auc,full_vs_without_prompt_envelope,20,61,0.0352941176470589
ablation,roc_auc,full_vs_without_prompt_envelope,21,62,0.024983491085186
ablation,roc_auc,full_vs_without_prompt_envelope,22,63,0.0985290936621241
ablation,roc_auc,full_vs_without_prompt_envelope,23,64,0.1147345612134345
ablation,roc_auc,full_vs_without_prompt_envelope,24,65,0.0325581395348837
ablation,roc_auc,full_vs_without_prompt_envelope,25,66,0.1271186440677966
ablation,roc_auc,full_vs_without_prompt_envelope,26,67,-0.019314236111111
ablation,roc_auc,full_vs_without_prompt_envelope,27,68,0.0758658008658008
ablation,roc_auc,full_vs_without_prompt_envelope,28,69,-0.0411622276029056
ablation,roc_auc,full_vs_without_prompt_envelope,29,70,0.020876585928489
ablation,roc_auc,full_vs_without_prompt_envelope,30,71,-0.0361607142857144
ablation,roc_auc,full_vs_without_model_identity,1,42,0.0168526785714285
ablation,roc_auc,full_vs_without_model_identity,2,43,-0.0017755681818182
ablation,roc_auc,full_vs_without_model_identity,3,44,0.0263671875
ablation,roc_auc,full_vs_without_model_identity,4,45,-0.0080017301038062
ablation,roc_auc,full_vs_without_model_identity,5,46,0.0264254385964912
ablation,roc_auc,full_vs_without_model_identity,6,47,0.016117216117216
ablation,roc_auc,full_vs_without_model_identity,7,48,0.0291803278688524
ablation,roc_auc,full_vs_without_model_identity,8,49,0.0080645161290322
ablation,roc_auc,full_vs_without_model_identity,9,50,0.0028687544824288
ablation,roc_auc,full_vs_without_model_identity,10,51,-0.0360780065005416
ablation,roc_auc,full_vs_without_model_identity,11,52,0.0127843986998917
ablation,roc_auc,full_vs_without_model_identity,12,53,-0.0246310763888888
ablation,roc_auc,full_vs_without_model_identity,13,54,0.0221787345075016
ablation,roc_auc,full_vs_without_model_identity,14,55,-0.0120726751135548
ablation,roc_auc,full_vs_without_model_identity,15,56,0.0440538194444444
ablation,roc_auc,full_vs_without_model_identity,16,57,0.0237723214285713
ablation,roc_auc,full_vs_without_model_identity,17,58,-0.0053297801465689
ablation,roc_auc,full_vs_without_model_identity,18,59,0.0461914279369308
ablation,roc_auc,full_vs_without_model_identity,19,60,0.0203754578754578
ablation,roc_auc,full_vs_without_model_identity,20,61,0.0341407151095732
ablation,roc_auc,full_vs_without_model_identity,21,62,0.0263042042703059
ablation,roc_auc,full_vs_without_model_identity,22,63,0.0275794938351721
ablation,roc_auc,full_vs_without_model_identity,23,64,-0.0203683640303358
ablation,roc_auc,full_vs_without_model_identity,24,65,-0.0043023255813952
ablation,roc_auc,full_vs_without_model_identity,25,66,0.0405018710103455
ablation,roc_auc,full_vs_without_model_identity,26,67,0.046875
ablation,roc_auc,full_vs_without_model_identity,27,68,0.053030303030303
ablation,roc_auc,full_vs_without_model_identity,28,69,-0.0340083645168391
ablation,roc_auc,full_vs_without_model_identity,29,70,-0.010957324106113
ablation,roc_auc,full_vs_without_model_identity,30,71,0.0169642857142855
ablation,roc_auc,full_vs_without_patch_structure,1,42,0.0426339285714285
ablation,roc_auc,full_vs_without_patch_structure,2,43,-0.0337357954545455
ablation,roc_auc,full_vs_without_patch_structure,3,44,0.0365668402777777
ablation,roc_auc,full_vs_without_patch_structure,4,45,0.0466046712802769
ablation,roc_auc,full_vs_without_patch_structure,5,46,0.0952850877192982
ablation,roc_auc,full_vs_without_patch_structure,6,47,-0.047008547008547
ablation,roc_auc,full_vs_without_patch_structure,7,48,0.0303825136612022
ablation,roc_auc,full_vs_without_patch_structure,8,49,0.0129686137750654
ablation,roc_auc,full_vs_without_patch_structure,9,50,-0.000836720057375
ablation,roc_auc,full_vs_without_patch_structure,10,51,-0.0827735644637052
ablation,roc_auc,full_vs_without_patch_structure,11,52,0.0867822318526543
ablation,roc_auc,full_vs_without_patch_structure,12,53,-0.1159939236111111
ablation,roc_auc,full_vs_without_patch_structure,13,54,-0.032941943900848
ablation,roc_auc,full_vs_without_patch_structure,14,55,-0.0284484819507531
ablation,roc_auc,full_vs_without_patch_structure,15,56,0.0285373263888888
ablation,roc_auc,full_vs_without_patch_structure,16,57,0.0111607142857143
ablation,roc_auc,full_vs_without_patch_structure,17,58,0.0421940928270041
ablation,roc_auc,full_vs_without_patch_structure,18,59,0.0249833444370418
ablation,roc_auc,full_vs_without_patch_structure,19,60,0.0932921245421245
ablation,roc_auc,full_vs_without_patch_structure,20,61,-0.0242214532871971
ablation,roc_auc,full_vs_without_patch_structure,21,62,-0.0177195685670261
ablation,roc_auc,full_vs_without_patch_structure,22,63,0.0011897036556348
ablation,roc_auc,full_vs_without_patch_structure,23,64,0.0009750812567714
ablation,roc_auc,full_vs_without_patch_structure,24,65,0.0058139534883722
ablation,roc_auc,full_vs_without_patch_structure,25,66,0.0533788245652651
ablation,roc_auc,full_vs_without_patch_structure,26,67,-0.01171875
ablation,roc_auc,full_vs_without_patch_structure,27,68,0.033008658008658
ablation,roc_auc,full_vs_without_patch_structure,28,69,0.0049526744441997
ablation,roc_auc,full_vs_without_patch_structure,29,70,0.0251441753171857
ablation,roc_auc,full_vs_without_patch_structure,30,71,-0.0781250000000001
