run,seed,feature_set,n_features,roc_auc,pr_auc
1,42,full,33,0.5892857142857143,0.47257963382707524
1,42,patch_only,13,0.5343749999999999,0.46437987739496916
1,42,patch_plus_problem_statement,23,0.5816964285714286,0.4593022772228396
1,42,model_plus_problem_statement,14,0.5477678571428571,0.4799736954931836
1,42,problem_statement_only,10,0.5455357142857142,0.4993646061352097
1,42,model_only,4,0.5151785714285715,0.4233193277310924
1,42,prompt_only,6,0.5334821428571428,0.4282801434793602
2,43,full,33,0.5930397727272727,0.44377932101798023
2,43,patch_only,13,0.5226089015151516,0.4117650586613417
2,43,patch_plus_problem_statement,23,0.5648674242424242,0.4154515047070265
2,43,model_plus_problem_statement,14,0.5355113636363638,0.4315011414026029
2,43,problem_statement_only,10,0.5450994318181819,0.477173088004
2,43,model_only,4,0.5160984848484849,0.3645833333333333
2,43,prompt_only,6,0.6036931818181818,0.40033624006357516
3,44,full,33,0.66015625,0.6493326886285444
3,44,patch_only,13,0.5848524305555556,0.6066507241609885
3,44,patch_plus_problem_statement,23,0.6851128472222221,0.6566084897959792
3,44,model_plus_problem_statement,14,0.6652560763888888,0.6740647118387602
3,44,problem_statement_only,10,0.6649305555555556,0.6864629557094037
3,44,model_only,4,0.4926215277777778,0.46829044117647056
3,44,prompt_only,6,0.6100260416666666,0.5646012458301566
4,45,full,33,0.6721453287197232,0.6145673808106895
4,45,patch_only,13,0.5555795847750864,0.5903843285440078
4,45,patch_plus_problem_statement,23,0.648356401384083,0.599124967789955
4,45,model_plus_problem_statement,14,0.6660899653979239,0.5919051219414316
4,45,problem_statement_only,10,0.6495458477508651,0.5965346595594522
4,45,model_only,4,0.6029411764705883,0.5620674740484429
4,45,prompt_only,6,0.5015138408304498,0.5158124229390446
5,46,full,33,0.7513157894736843,0.7196624275625557
5,46,patch_only,13,0.612280701754386,0.573112840996645
5,46,patch_plus_problem_statement,23,0.7421052631578947,0.718490560025714
5,46,model_plus_problem_statement,14,0.7116228070175439,0.6848869835544307
5,46,problem_statement_only,10,0.7043859649122807,0.6797768650461264
5,46,model_only,4,0.5298245614035088,0.4579248366013072
5,46,prompt_only,6,0.6510964912280703,0.524240331737679
6,47,full,33,0.6869352869352869,0.4942060353609675
6,47,patch_only,13,0.5904761904761905,0.4124490884711753
6,47,patch_plus_problem_statement,23,0.6107448107448108,0.44541359897936555
6,47,model_plus_problem_statement,14,0.6192918192918192,0.42932817398808554
6,47,problem_statement_only,10,0.6236874236874237,0.44359691764515263
6,47,model_only,4,0.5373626373626373,0.34852941176470587
6,47,prompt_only,6,0.6439560439560439,0.4122124692611178
7,48,full,33,0.7844808743169398,0.6704536527649915
7,48,patch_only,13,0.5862295081967211,0.5613856947618606
7,48,patch_plus_problem_statement,23,0.753224043715847,0.6556596177600474
7,48,model_plus_problem_statement,14,0.730273224043716,0.6475277683783949
7,48,problem_statement_only,10,0.7295081967213115,0.6632706502649605
7,48,model_only,4,0.5260109289617486,0.4631147540983606
7,48,prompt_only,6,0.6159562841530055,0.499833292306198
8,49,full,33,0.6684829991281604,0.6334395134128418
8,49,patch_only,13,0.5683304272013949,0.5023358167172114
8,49,patch_plus_problem_statement,23,0.6690278988666085,0.5915580193062421
8,49,model_plus_problem_statement,14,0.6660854402789886,0.6879465072555973
8,49,problem_statement_only,10,0.6482127288578902,0.6858364929360619
8,49,model_only,4,0.559285091543156,0.4889310562934851
8,49,prompt_only,6,0.49956408020924153,0.5026203714973039
9,50,full,33,0.7458761654315085,0.8577263654485134
9,50,patch_only,13,0.5613196270619173,0.7389308528377692
9,50,patch_plus_problem_statement,23,0.710494860148219,0.8336593755069452
9,50,model_plus_problem_statement,14,0.7229261295720775,0.8377706299597725
9,50,problem_statement_only,10,0.7156347119292374,0.8268972608061178
9,50,model_only,4,0.577217308152044,0.6929389733421458
9,50,prompt_only,6,0.7262730098015779,0.8387360207010326
10,51,full,33,0.5258938244853738,0.5186999973710467
10,51,patch_only,13,0.5451787648970747,0.5095833884111975
10,51,patch_plus_problem_statement,23,0.44344528710725895,0.46478585394349525
10,51,model_plus_problem_statement,14,0.4039003250270856,0.4444086882438336
10,51,problem_statement_only,10,0.3872156013001084,0.44181888225353194
10,51,model_only,4,0.5257854821235103,0.49249622926093517
10,51,prompt_only,6,0.7867822318526544,0.8019401653839637
11,52,full,33,0.7206933911159263,0.6820074963412849
11,52,patch_only,13,0.5526543878656553,0.5930841388284641
11,52,patch_plus_problem_statement,23,0.6728060671722643,0.6632241171834806
11,52,model_plus_problem_statement,14,0.6925243770314192,0.6899073618109528
11,52,problem_statement_only,10,0.6949079089924161,0.6872867121539591
11,52,model_only,4,0.5699891657638136,0.5698356807511737
11,52,prompt_only,6,0.4537378114842903,0.4878389466521577
12,53,full,33,0.662109375,0.6697990612383007
12,53,patch_only,13,0.5423177083333333,0.5423973639593224
12,53,patch_plus_problem_statement,23,0.6488715277777777,0.673163551704665
12,53,model_plus_problem_statement,14,0.7224392361111112,0.7685046342782189
12,53,problem_statement_only,10,0.6928168402777777,0.7403240858675812
12,53,model_only,4,0.5811631944444444,0.5750272331154683
12,53,prompt_only,6,0.5008680555555556,0.5137142704304977
13,54,full,33,0.7321156773211568,0.7143403003817148
13,54,patch_only,13,0.6007827788649707,0.5504978446841697
13,54,patch_plus_problem_statement,23,0.7926723200695804,0.7444402208535599
13,54,model_plus_problem_statement,14,0.7832137421178517,0.7918700464208773
13,54,problem_statement_only,10,0.7690802348336595,0.7755933722599055
13,54,model_only,4,0.5628397477712546,0.49638188608776845
13,54,prompt_only,6,0.4914111763426833,0.47316790702533945
14,55,full,33,0.6877838871623236,0.5706876723966524
14,55,patch_only,13,0.6460674157303371,0.5054325956367887
14,55,patch_plus_problem_statement,23,0.7936887401386564,0.7768233624967177
14,55,model_plus_problem_statement,14,0.8034903179536218,0.8018440537357501
14,55,problem_statement_only,10,0.8143676786994979,0.7904990583279374
14,55,model_only,4,0.5528328950513985,0.3728097622027534
14,55,prompt_only,6,0.5849868515419555,0.420953251941457
15,56,full,33,0.6022135416666667,0.5510874789648316
15,56,patch_only,13,0.6595052083333333,0.6323951409032176
15,56,patch_plus_problem_statement,23,0.6420355902777778,0.5817124685537566
15,56,model_plus_problem_statement,14,0.5985243055555556,0.5506139803424056
15,56,problem_statement_only,10,0.5859375,0.549892760796068
15,56,model_only,4,0.56640625,0.5090379901960784
15,56,prompt_only,6,0.4296875,0.42443395333276823
16,57,full,33,0.6694196428571428,0.6542179755411963
16,57,patch_only,13,0.6268973214285715,0.5841741944145051
16,57,patch_plus_problem_statement,23,0.6569196428571429,0.6720642180559386
16,57,model_plus_problem_statement,14,0.6515625,0.6577201084779001
16,57,problem_statement_only,10,0.6502232142857143,0.6636499129181787
16,57,model_only,4,0.5607142857142857,0.4541316526610645
16,57,prompt_only,6,0.6020089285714286,0.46783212566282606
17,58,full,33,0.6022651565622918,0.5423547349396896
17,58,patch_only,13,0.5777259604707973,0.5120910283417923
17,58,patch_plus_problem_statement,23,0.587719298245614,0.5151127257227547
17,58,model_plus_problem_statement,14,0.5876082611592272,0.4952583480073636
17,58,problem_statement_only,10,0.5750610703975128,0.4890708009877336
17,58,model_only,4,0.5679546968687541,0.45945132438940495
17,58,prompt_only,6,0.5665112147457251,0.4465017058704046
18,59,full,33,0.5931601154785698,0.4944932461910456
18,59,patch_only,13,0.5746169220519654,0.4807330661628953
18,59,patch_plus_problem_statement,23,0.6135909393737509,0.5280949436698494
18,59,model_plus_problem_statement,14,0.6131467910282035,0.5148171198706242
18,59,problem_statement_only,10,0.6088163446591162,0.5235304220554644
18,59,model_only,4,0.5264268265600711,0.43373753009975924
18,59,prompt_only,6,0.5358649789029535,0.4241974739456178
19,60,full,33,0.7912087912087913,0.7097668417348146
19,60,patch_only,13,0.5644459706959707,0.4822723897781657
19,60,patch_plus_problem_statement,23,0.7541208791208791,0.6664809254688252
19,60,model_plus_problem_statement,14,0.7454212454212454,0.7289842252811947
19,60,problem_statement_only,10,0.75,0.7350700651687492
19,60,model_only,4,0.5155677655677655,0.39394796380090497
19,60,prompt_only,6,0.6467490842490843,0.5302916216871761
20,61,full,33,0.8092272202998847,0.885769997831829
20,61,patch_only,13,0.5687427912341408,0.7230405910967568
20,61,patch_plus_problem_statement,23,0.7546712802768166,0.8501224073866415
20,61,model_plus_problem_statement,14,0.7393310265282583,0.8234704008899199
20,61,problem_statement_only,10,0.7265282583621684,0.8035696965777246
20,61,model_only,4,0.5509803921568628,0.6538927335640139
20,61,prompt_only,6,0.580392156862745,0.690100909557578
21,62,full,33,0.6790666960158486,0.6048747417156493
21,62,patch_only,13,0.5747303543913714,0.5060713533893371
21,62,patch_plus_problem_statement,23,0.6383447061413162,0.5823613427308911
21,62,model_plus_problem_statement,14,0.6643187321153422,0.5689974549200507
21,62,problem_statement_only,10,0.6465991635483161,0.5653284746943426
21,62,model_only,4,0.563614351749945,0.46718178796942506
21,62,prompt_only,6,0.6031256878714506,0.5090422872560857
22,63,full,33,0.6805104910231452,0.6746525027814937
22,63,patch_only,13,0.48983344148821106,0.5356134044531564
22,63,patch_plus_problem_statement,23,0.7200951762924508,0.7294866169696673
22,63,model_plus_problem_statement,14,0.7298291152930997,0.7271653267361596
22,63,problem_statement_only,10,0.7210685701925156,0.7417884969402266
22,63,model_only,4,0.5110317975340688,0.49824407374890256
22,63,prompt_only,6,0.581873242483236,0.5926626044879443
23,64,full,33,0.6634886240520044,0.6202601309234587
23,64,patch_only,13,0.552329360780065,0.5021761495182104
23,64,patch_plus_problem_statement,23,0.5873239436619718,0.586204545160508
23,64,model_plus_problem_statement,14,0.609967497291441,0.6124580014249665
23,64,problem_statement_only,10,0.6020585048754062,0.6200451787248571
23,64,model_only,4,0.5478873239436619,0.5072398190045249
23,64,prompt_only,6,0.7185265438786566,0.6768263874306284
24,65,full,33,0.7265116279069768,0.6391713047370834
24,65,patch_only,13,0.5951162790697675,0.46107232570367096
24,65,patch_plus_problem_statement,23,0.6427906976744187,0.5684910924609852
24,65,model_plus_problem_statement,14,0.6444186046511627,0.6005152674943377
24,65,problem_statement_only,10,0.6488372093023256,0.5834392121281985
24,65,model_only,4,0.5316279069767442,0.38872549019607844
24,65,prompt_only,6,0.7202325581395349,0.5447136910050581
25,66,full,33,0.686550737398195,0.6667404483013762
25,66,patch_only,13,0.6410961919436496,0.6281450517168685
25,66,patch_plus_problem_statement,23,0.5814439797490646,0.5788638286836432
25,66,model_plus_problem_statement,14,0.535329077701959,0.5372866127441829
25,66,problem_statement_only,10,0.5224521241470395,0.5608909061775434
25,66,model_only,4,0.5112260620735196,0.439431704885344
25,66,prompt_only,6,0.6224961479198767,0.5721418442566412
26,67,full,33,0.6414930555555557,0.7104530150907195
26,67,patch_only,13,0.5505642361111112,0.5763576517830783
26,67,patch_plus_problem_statement,23,0.6143663194444444,0.6894800702468518
26,67,model_plus_problem_statement,14,0.6156684027777778,0.6995425694938843
26,67,problem_statement_only,10,0.6137152777777778,0.7095499694130527
26,67,model_only,4,0.5221354166666666,0.5433006535947712
26,67,prompt_only,6,0.6896701388888888,0.7132030830321263
27,68,full,33,0.638095238095238,0.5777853432058959
27,68,patch_only,13,0.6097402597402597,0.5663203885322593
27,68,patch_plus_problem_statement,23,0.5448051948051948,0.5217709539902201
27,68,model_plus_problem_statement,14,0.5467532467532468,0.5449418491441682
27,68,problem_statement_only,10,0.5330086580086579,0.5424779952417741
27,68,model_only,4,0.580952380952381,0.533868092691622
27,68,prompt_only,6,0.7058441558441558,0.6643149541087582
28,69,full,33,0.7175874972485142,0.6547073318924616
28,69,patch_only,13,0.5800132071318512,0.5309047006727878
28,69,patch_plus_problem_statement,23,0.6843495487563284,0.6497007374551524
28,69,model_plus_problem_statement,14,0.6662998018930222,0.6274894673809687
28,69,problem_statement_only,10,0.6545234426590358,0.6295594638207399
28,69,model_only,4,0.5411622276029056,0.45783482884679294
28,69,prompt_only,6,0.5148580233325997,0.4159787776290599
29,70,full,33,0.7739331026528258,0.5830675267736822
29,70,patch_only,13,0.58800461361015,0.466221817124421
29,70,patch_plus_problem_statement,23,0.705190311418685,0.5367360207544319
29,70,model_plus_problem_statement,14,0.7079584775086505,0.5191769728276874
29,70,problem_statement_only,10,0.7023068050749711,0.5164669584621668
29,70,model_only,4,0.5509803921568628,0.40787197231833905
29,70,prompt_only,6,0.6710495963091119,0.4780452120179877
30,71,full,33,0.7598214285714285,0.7876119427343904
30,71,patch_only,13,0.5697544642857143,0.6637654904376996
30,71,patch_plus_problem_statement,23,0.7171875,0.7776955048713668
30,71,model_plus_problem_statement,14,0.7066964285714287,0.7643201352192449
30,71,problem_statement_only,10,0.6896205357142857,0.7590407151165266
30,71,model_only,4,0.5758928571428572,0.6303921568627451
30,71,prompt_only,6,0.5091517857142857,0.5834707684337149
