run,seed,group_removed,n_removed,auc_full,auc_without_group,auc_loss_when_removed
1,42,problem_statement,10,0.5892857142857143,0.5386160714285715,0.050669642857142816
1,42,prompt_envelope,6,0.5892857142857143,0.5863839285714285,0.0029017857142857872
1,42,patch_structure,13,0.5892857142857143,0.5631696428571428,0.02611607142857153
1,42,model_identity,4,0.5892857142857143,0.5830357142857143,0.006249999999999978
2,43,problem_statement,10,0.5930397727272727,0.5883049242424243,0.004734848484848397
2,43,prompt_envelope,6,0.5930397727272727,0.5620265151515151,0.03101325757575757
2,43,patch_structure,13,0.5930397727272727,0.5693655303030303,0.02367424242424243
2,43,model_identity,4,0.5930397727272727,0.5956439393939394,-0.0026041666666667407
3,44,problem_statement,10,0.66015625,0.6569010416666666,0.0032552083333333703
3,44,prompt_envelope,6,0.66015625,0.6842447916666667,-0.02408854166666674
3,44,patch_structure,13,0.66015625,0.6323784722222223,0.02777777777777768
3,44,model_identity,4,0.66015625,0.6653645833333333,-0.005208333333333259
4,45,problem_statement,10,0.6721453287197232,0.5235726643598615,0.14857266435986172
4,45,prompt_envelope,6,0.6721453287197232,0.6541955017301039,0.017949826989619333
4,45,patch_structure,13,0.6721453287197232,0.6710640138408304,0.0010813148788928473
4,45,model_identity,4,0.6721453287197232,0.6678200692041523,0.004325259515570945
5,46,problem_statement,10,0.7513157894736843,0.6447368421052632,0.1065789473684211
5,46,prompt_envelope,6,0.7513157894736843,0.7467105263157895,0.004605263157894779
5,46,patch_structure,13,0.7513157894736843,0.7232456140350877,0.02807017543859658
5,46,model_identity,4,0.7513157894736843,0.749780701754386,0.0015350877192982226
6,47,problem_statement,10,0.6869352869352869,0.6583638583638584,0.02857142857142858
6,47,prompt_envelope,6,0.6869352869352869,0.6148962148962148,0.07203907203907212
6,47,patch_structure,13,0.6869352869352869,0.6815628815628816,0.005372405372405353
6,47,model_identity,4,0.6869352869352869,0.6769230769230768,0.010012210012210088
7,48,problem_statement,10,0.7844808743169398,0.6769398907103825,0.10754098360655728
7,48,prompt_envelope,6,0.7844808743169398,0.7575956284153006,0.02688524590163921
7,48,patch_structure,13,0.7844808743169398,0.7608743169398907,0.023606557377049087
7,48,model_identity,4,0.7844808743169398,0.7809836065573771,0.0034972677595627166
8,49,problem_statement,10,0.6684829991281604,0.5217959895379249,0.1466870095902355
8,49,prompt_envelope,6,0.6684829991281604,0.6761115954664342,-0.00762859633827373
8,49,patch_structure,13,0.6684829991281604,0.6780732345248474,-0.009590235396686908
8,49,model_identity,4,0.6684829991281604,0.6656495204882302,0.0028334786399302203
9,50,problem_statement,10,0.7458761654315085,0.7262730098015778,0.019603155629930646
9,50,prompt_envelope,6,0.7458761654315085,0.7174276834807556,0.02844848195075289
9,50,patch_structure,13,0.7458761654315085,0.7480277312933302,-0.002151565861821747
9,50,model_identity,4,0.7458761654315085,0.7367917762371504,0.009084389194358056
10,51,problem_statement,10,0.5258938244853738,0.6630552546045504,-0.13716143011917659
10,51,prompt_envelope,6,0.5258938244853738,0.45352112676056344,0.07237269772481036
10,51,patch_structure,13,0.5258938244853738,0.5061755146262189,0.019718309859154903
10,51,model_identity,4,0.5258938244853738,0.5185265438786566,0.007367280606717208
11,52,problem_statement,10,0.7206933911159263,0.4884073672806067,0.23228602383531965
11,52,prompt_envelope,6,0.7206933911159263,0.6784398699891657,0.04225352112676062
11,52,patch_structure,13,0.7206933911159263,0.7291440953412784,-0.008450704225352101
11,52,model_identity,4,0.7206933911159263,0.7163596966413868,0.004333694474539573
12,53,problem_statement,10,0.662109375,0.5219184027777778,0.1401909722222222
12,53,prompt_envelope,6,0.662109375,0.6555989583333333,0.006510416666666741
12,53,patch_structure,13,0.662109375,0.7293836805555556,-0.06727430555555558
12,53,model_identity,4,0.662109375,0.65625,0.005859375
13,54,problem_statement,10,0.7321156773211568,0.5525114155251142,0.1796042617960426
13,54,prompt_envelope,6,0.7321156773211568,0.7910415307675581,-0.05892585344640133
13,54,patch_structure,13,0.7321156773211568,0.7138508371385083,0.018264840182648512
13,54,model_identity,4,0.7321156773211568,0.731245923026745,0.0008697542944118286
14,55,problem_statement,10,0.6877838871623236,0.6760698063590723,0.011714080803251314
14,55,prompt_envelope,6,0.6877838871623236,0.7958403060004781,-0.10805641883815442
14,55,patch_structure,13,0.6877838871623236,0.6555103992349989,0.03227348792732476
14,55,model_identity,4,0.6877838871623236,0.6951948362419316,-0.007410949079607931
15,56,problem_statement,10,0.6022135416666667,0.5173611111111112,0.08485243055555558
15,56,prompt_envelope,6,0.6022135416666667,0.6473524305555555,-0.04513888888888873
15,56,patch_structure,13,0.6022135416666667,0.5861545138888891,0.01605902777777768
15,56,model_identity,4,0.6022135416666667,0.6013454861111112,0.0008680555555555802
16,57,problem_statement,10,0.6694196428571428,0.6439732142857143,0.025446428571428537
16,57,prompt_envelope,6,0.6694196428571428,0.6620535714285715,0.007366071428571375
16,57,patch_structure,13,0.6694196428571428,0.6654017857142857,0.004017857142857184
16,57,model_identity,4,0.6694196428571428,0.6649553571428571,0.004464285714285698
17,58,problem_statement,10,0.6022651565622918,0.5887186320230957,0.013546524539196136
17,58,prompt_envelope,6,0.6022651565622918,0.5969353764157228,0.005329780146569041
17,58,patch_structure,13,0.6022651565622918,0.6091494559182767,-0.006884299355984891
17,58,model_identity,4,0.6022651565622918,0.5969353764157228,0.005329780146569041
18,59,problem_statement,10,0.5931601154785698,0.5520763935154341,0.0410837219631357
18,59,prompt_envelope,6,0.5931601154785698,0.6144792360648456,-0.02131912058627572
18,59,patch_structure,13,0.5931601154785698,0.5833888518765268,0.009771263602043057
18,59,model_identity,4,0.5931601154785698,0.5907172995780591,0.002442815900510764
19,60,problem_statement,10,0.7912087912087913,0.6643772893772893,0.12683150183150194
19,60,prompt_envelope,6,0.7912087912087913,0.7591575091575091,0.03205128205128216
19,60,patch_structure,13,0.7912087912087913,0.7754120879120879,0.01579670329670335
19,60,model_identity,4,0.7912087912087913,0.7923534798534799,-0.0011446886446886406
20,61,problem_statement,10,0.8092272202998847,0.6262975778546713,0.18292964244521337
20,61,prompt_envelope,6,0.8092272202998847,0.7628604382929642,0.04636678200692046
20,61,patch_structure,13,0.8092272202998847,0.7926182237600923,0.01660899653979242
20,61,model_identity,4,0.8092272202998847,0.8027681660899654,0.006459054209919324
21,62,problem_statement,10,0.6790666960158486,0.5835351089588378,0.09553158705701081
21,62,prompt_envelope,6,0.6790666960158486,0.6401056570548096,0.038961038961038974
21,62,patch_structure,13,0.6790666960158486,0.714505833149901,-0.035439137134052445
21,62,model_identity,4,0.6790666960158486,0.6715826546335021,0.007484041382346485
22,63,problem_statement,10,0.6805104910231452,0.5463984425697599,0.1341120484533853
22,63,prompt_envelope,6,0.6805104910231452,0.7220419640925806,-0.04153147306943539
22,63,patch_structure,13,0.6805104910231452,0.6835388276011248,-0.003028336577979629
22,63,model_identity,4,0.6805104910231452,0.6653688081332468,0.015141682889898367
23,64,problem_statement,10,0.6634886240520044,0.6745395449620801,-0.011050920910075757
23,64,prompt_envelope,6,0.6634886240520044,0.5991332611050921,0.06435536294691224
23,64,patch_structure,13,0.6634886240520044,0.6656554712892742,-0.0021668472372697867
23,64,model_identity,4,0.6634886240520044,0.6539544962080174,0.009534127843986995
24,65,problem_statement,10,0.7265116279069768,0.7290697674418606,-0.0025581395348838187
24,65,prompt_envelope,6,0.7265116279069768,0.6544186046511627,0.07209302325581401
24,65,patch_structure,13,0.7265116279069768,0.7146511627906977,0.011860465116279029
24,65,model_identity,4,0.7265116279069768,0.722093023255814,0.0044186046511627275
25,66,problem_statement,10,0.686550737398195,0.6451683909311028,0.04138234646709227
25,66,prompt_envelope,6,0.686550737398195,0.5991635483160906,0.08738718908210441
25,66,patch_structure,13,0.686550737398195,0.6610169491525425,0.025533788245652556
25,66,model_identity,4,0.686550737398195,0.6847897864847018,0.0017609509134932644
26,67,problem_statement,10,0.6414930555555557,0.6512586805555556,-0.009765624999999889
26,67,prompt_envelope,6,0.6414930555555557,0.6171875,0.02430555555555569
26,67,patch_structure,13,0.6414930555555557,0.648220486111111,-0.006727430555555358
26,67,model_identity,4,0.6414930555555557,0.6345486111111112,0.006944444444444531
27,68,problem_statement,10,0.638095238095238,0.7002164502164503,-0.062121212121212244
27,68,prompt_envelope,6,0.638095238095238,0.5551948051948052,0.08290043290043281
27,68,patch_structure,13,0.638095238095238,0.6491341991341991,-0.01103896103896107
27,68,model_identity,4,0.638095238095238,0.6229437229437229,0.015151515151515138
28,69,problem_statement,10,0.7175874972485142,0.5848558221439577,0.13273167510455652
28,69,prompt_envelope,6,0.7175874972485142,0.6922738278670483,0.025313669381465953
28,69,patch_structure,13,0.7175874972485142,0.6803874092009685,0.03720008804754571
28,69,model_identity,4,0.7175874972485142,0.7063614351749945,0.011226062073519727
29,70,problem_statement,10,0.7739331026528258,0.6597462514417533,0.11418685121107253
29,70,prompt_envelope,6,0.7739331026528258,0.7190311418685121,0.05490196078431364
29,70,patch_structure,13,0.7739331026528258,0.7649365628604382,0.00899653979238757
29,70,model_identity,4,0.7739331026528258,0.7653979238754325,0.008535178777393293
30,71,problem_statement,10,0.7598214285714285,0.5544642857142857,0.2053571428571428
30,71,prompt_envelope,6,0.7598214285714285,0.7294642857142857,0.03035714285714286
30,71,patch_structure,13,0.7598214285714285,0.7459821428571429,0.01383928571428561
30,71,model_identity,4,0.7598214285714285,0.7484375000000001,0.011383928571428448
