feature,coef,std_error,adjusted_odds_ratio,or_ci95_low,or_ci95_high,z_value,p_value,fdr_bh,direction
intercept,-0.24604608500464334,0.19158053679616732,0.7818861908664321,0.5371182320651411,1.1381963578430072,-1.2842958325480882,0.19903846445768325,0.2602810689062012,inconclusive
ps_security_relevant_domain_count,-0.16692561792424035,0.1147916138487778,0.846262555761726,0.6757628711534427,1.0597804997217033,-1.4541621319493072,0.14590136102457407,0.22311766746370187,inconclusive
ps_identifier_density,0.2991718861089035,0.09340725644999004,1.3487414334667964,1.123104838982657,1.6197093906191955,3.202876280485545,0.0013606242039940764,0.0038551019113165497,higher adjusted risk
ps_numeric_density,0.37773673920263,0.1077643930513706,1.45897880039085,1.1811900060490448,1.8020971470203417,3.50520917444935,0.00045624866679716547,0.002009236994660435,higher adjusted risk
ps_bullet_count,-0.8113347986775151,0.24739728817102374,0.4442646663872272,0.2735626615839578,0.7214840382724529,-3.279481374576127,0.0010399807478498335,0.003535934542689434,lower adjusted risk
ps_constraint_count,-0.08193144273102676,0.10278656078958288,0.9213351207509027,0.7532264243959783,1.126963124547563,-0.7971026766694802,0.4253914019555647,0.5165467023746143,inconclusive
ps_chars,1.6319890975782316,0.9775633771576234,5.114036926840355,0.7527667092513803,34.742999879864556,1.669445823884509,0.09502905861859046,0.16154939965160378,inconclusive
ps_lines,-0.922181597224292,0.4089892379673851,0.39765058071047077,0.17838952557494336,0.8864084582866621,-2.254782061766211,0.024147011773740124,0.05131240001919776,inconclusive
ps_words,-0.5273472449997717,0.7362459297696972,0.5901684673260549,0.13940627725964222,2.498444307334045,-0.7162650734989184,0.4738276886232089,0.53700471377297,inconclusive
ps_domain_explicit_security,0.9818833905194219,0.2808805517284902,2.6694791821491117,1.5393613539339448,4.629269849938872,3.495732917345405,0.0004727616458024553,0.002009236994660435,higher adjusted risk
ps_domain_database,0.31631260664433386,0.22377219084790945,1.3720591033843579,0.8849069080427407,2.1273946062233264,1.4135474361035374,0.15749482409202487,0.22311766746370187,inconclusive
ps_domain_command_exec,-1.2988226281670758,0.3234047871529066,0.272852853257251,0.1447590904572453,0.5142936398361208,-4.016089680060887,5.917174662362079e-05,0.0010059196926015535,lower adjusted risk
ps_domain_auth,-0.8898865037486133,0.3405558133166817,0.41070236328590365,0.2106907980042222,0.8005875567723948,-2.6130415895179886,0.008974038106219107,0.021794092543674974,lower adjusted risk
ps_domain_permissions,1.1478983834187333,0.30244424094790406,3.1515625687615447,1.7421475282116707,5.701208688689244,3.795404997036986,0.00014740263308854473,0.0012529223812526302,higher adjusted risk
model_codellama-tuned,-0.42293729308116645,0.23837838471382192,0.6551197123624456,0.41059401866264433,1.0452705544122438,-1.7742266925288182,0.07602566068793193,0.14360402574387143,inconclusive
model_deepseek,0.11085115180902723,0.23548643927789317,1.1172285970217368,0.7041993551206689,1.7725090614280261,0.47073263390005166,0.6378316769536814,0.6776961567632864,inconclusive
model_gpt-4o,-0.08335794127201004,0.2357712907918591,0.9200217745113527,0.5795744336677575,1.460451007506384,-0.3535542473896839,0.7236729676259555,0.7236729676259555,inconclusive
