accuracy,balanced_accuracy,precision_1,recall_1,f1_1,roc_auc,pr_auc,run,seed,classifier,feature_set,n_train,n_test,test_cases
0.4852941176470588,0.4928571428571429,0.40540540540540543,0.5357142857142857,0.46153846153846156,0.4680803571428572,0.3761495297415865,1,42,logistic_regression,Controls only,544,136,34
0.5735294117647058,0.5544642857142857,0.4807692307692308,0.44642857142857145,0.46296296296296297,0.5517857142857143,0.4612394847769938,1,42,random_forest,Controls only,544,136,34
0.4852941176470588,0.48214285714285715,0.3939393939393939,0.4642857142857143,0.4262295081967213,0.5334821428571428,0.4621771894504093,1,42,logistic_regression,Controls + Prompt Risk Features,544,136,34
0.5294117647058824,0.5223214285714286,0.43548387096774194,0.48214285714285715,0.4576271186440678,0.5385044642857142,0.43093705314423403,1,42,random_forest,Controls + Prompt Risk Features,544,136,34
0.5294117647058824,0.5303571428571429,0.4411764705882353,0.5357142857142857,0.4838709677419355,0.5455357142857142,0.4993646061352097,1,42,logistic_regression,Prompt Risk Features only,544,136,34
0.5441176470588235,0.5455357142857142,0.45588235294117646,0.5535714285714286,0.5,0.5946428571428573,0.5303278314947834,1,42,random_forest,Prompt Risk Features only,544,136,34
0.5808823529411765,0.5861742424242424,0.43283582089552236,0.6041666666666666,0.5043478260869565,0.5485321969696969,0.3648875777991998,2,43,logistic_regression,Controls only,544,136,34
0.47058823529411764,0.45833333333333337,0.3125,0.4166666666666667,0.35714285714285715,0.47632575757575757,0.34328349489173526,2,43,random_forest,Controls only,544,136,34
0.5147058823529411,0.5066287878787878,0.359375,0.4791666666666667,0.4107142857142857,0.4604640151515152,0.37940102072489956,2,43,logistic_regression,Controls + Prompt Risk Features,544,136,34
0.4632352941176471,0.4384469696969697,0.288135593220339,0.3541666666666667,0.3177570093457944,0.40932765151515155,0.33604849011027055,2,43,random_forest,Controls + Prompt Risk Features,544,136,34
0.5735294117647058,0.5710227272727273,0.421875,0.5625,0.48214285714285715,0.5450994318181819,0.477173088004,2,43,logistic_regression,Prompt Risk Features only,544,136,34
0.5,0.46212121212121215,0.3076923076923077,0.3333333333333333,0.32,0.45738636363636365,0.3463872811688408,2,43,random_forest,Prompt Risk Features only,544,136,34
0.47794117647058826,0.4861111111111111,0.45977011494252873,0.625,0.5298013245033113,0.4835069444444445,0.5121281028138265,3,44,logistic_regression,Controls only,544,136,34
0.49264705882352944,0.49479166666666663,0.4657534246575342,0.53125,0.49635036496350365,0.48263888888888884,0.4813696418911984,3,44,random_forest,Controls only,544,136,34
0.6176470588235294,0.6111111111111112,0.6153846153846154,0.5,0.5517241379310345,0.6472439236111112,0.6729713434713056,3,44,logistic_regression,Controls + Prompt Risk Features,544,136,34
0.5735294117647058,0.5659722222222222,0.56,0.4375,0.49122807017543857,0.5578342013888888,0.541311738674223,3,44,random_forest,Controls + Prompt Risk Features,544,136,34
0.6176470588235294,0.6111111111111112,0.6153846153846154,0.5,0.5517241379310345,0.6649305555555556,0.6864629557094037,3,44,logistic_regression,Prompt Risk Features only,544,136,34
0.5147058823529411,0.5043402777777778,0.4772727272727273,0.328125,0.3888888888888889,0.5659722222222222,0.6022045159433856,3,44,random_forest,Prompt Risk Features only,544,136,34
0.5441176470588235,0.5441176470588235,0.55,0.4852941176470588,0.515625,0.5393598615916955,0.4872794728706399,4,45,logistic_regression,Controls only,544,136,34
0.45588235294117646,0.45588235294117646,0.45588235294117646,0.45588235294117646,0.45588235294117646,0.4455017301038062,0.44299901097065963,4,45,random_forest,Controls only,544,136,34
0.5955882352941176,0.5955882352941176,0.6,0.5735294117647058,0.5864661654135338,0.5903979238754324,0.5662964813507574,4,45,logistic_regression,Controls + Prompt Risk Features,544,136,34
0.5367647058823529,0.5367647058823529,0.5490196078431373,0.4117647058823529,0.47058823529411764,0.5065960207612457,0.5006032009226296,4,45,random_forest,Controls + Prompt Risk Features,544,136,34
0.6470588235294118,0.6470588235294118,0.6785714285714286,0.5588235294117647,0.6129032258064516,0.6495458477508651,0.5965346595594522,4,45,logistic_regression,Prompt Risk Features only,544,136,34
0.5,0.5,0.5,0.38235294117647056,0.43333333333333335,0.5579584775086505,0.6261246613822145,4,45,random_forest,Prompt Risk Features only,544,136,34
0.4852941176470588,0.4815789473684211,0.421875,0.45,0.43548387096774194,0.45942982456140347,0.39806790023401756,5,46,logistic_regression,Controls only,544,136,34
0.5073529411764706,0.5048245614035087,0.4461538461538462,0.48333333333333334,0.464,0.4467105263157895,0.45498758109847104,5,46,random_forest,Controls only,544,136,34
0.6544117647058824,0.6399122807017544,0.6326530612244898,0.5166666666666667,0.5688073394495413,0.6978070175438597,0.6183048606812961,5,46,logistic_regression,Controls + Prompt Risk Features,544,136,34
0.36764705882352944,0.36578947368421055,0.3088235294117647,0.35,0.328125,0.4213815789473684,0.4771480907759671,5,46,random_forest,Controls + Prompt Risk Features,544,136,34
0.6176470588235294,0.612280701754386,0.5666666666666667,0.5666666666666667,0.5666666666666667,0.7043859649122807,0.6797768650461264,5,46,logistic_regression,Prompt Risk Features only,544,136,34
0.4117647058823529,0.42105263157894735,0.375,0.5,0.42857142857142855,0.4263157894736842,0.42689523486898984,5,46,random_forest,Prompt Risk Features only,544,136,34
0.5073529411764706,0.5083028083028083,0.3382352941176471,0.5111111111111111,0.40707964601769914,0.48229548229548225,0.31637059542217133,6,47,logistic_regression,Controls only,544,136,34
0.5514705882352942,0.4738705738705739,0.2894736842105263,0.24444444444444444,0.26506024096385544,0.5518925518925518,0.34101805670496244,6,47,random_forest,Controls only,544,136,34
0.625,0.6074481074481075,0.44642857142857145,0.5555555555555556,0.49504950495049505,0.6058608058608059,0.41978810140214906,6,47,logistic_regression,Controls + Prompt Risk Features,544,136,34
0.7058823529411765,0.667887667887668,0.5555555555555556,0.5555555555555556,0.5555555555555556,0.681929181929182,0.4915623421665649,6,47,random_forest,Controls + Prompt Risk Features,544,136,34
0.6691176470588235,0.6684981684981685,0.5,0.6666666666666666,0.5714285714285714,0.6236874236874237,0.44359691764515263,6,47,logistic_regression,Prompt Risk Features only,544,136,34
0.625,0.5737484737484737,0.4318181818181818,0.4222222222222222,0.42696629213483145,0.5512820512820513,0.44730066903631893,6,47,random_forest,Prompt Risk Features only,544,136,34
0.5,0.5038251366120219,0.4520547945205479,0.5409836065573771,0.4925373134328358,0.5044808743169399,0.5091300602354049,7,48,logistic_regression,Controls only,544,136,34
0.5220588235294118,0.5314754098360656,0.475,0.6229508196721312,0.5390070921985816,0.5546448087431695,0.5651850072947424,7,48,random_forest,Controls only,544,136,34
0.6323529411764706,0.6268852459016394,0.5932203389830508,0.5737704918032787,0.5833333333333334,0.7081967213114754,0.6445162489170765,7,48,logistic_regression,Controls + Prompt Risk Features,544,136,34
0.5073529411764706,0.5028415300546448,0.45161290322580644,0.45901639344262296,0.45528455284552843,0.5154098360655738,0.549916477876637,7,48,random_forest,Controls + Prompt Risk Features,544,136,34
0.6544117647058824,0.6468852459016393,0.625,0.5737704918032787,0.5982905982905983,0.7295081967213115,0.6632706502649605,7,48,logistic_regression,Prompt Risk Features only,544,136,34
0.6691176470588235,0.664808743169399,0.6333333333333333,0.6229508196721312,0.628099173553719,0.7128961748633879,0.6955496111658658,7,48,random_forest,Prompt Risk Features only,544,136,34
0.5073529411764706,0.5132955536181343,0.4675324675324675,0.5806451612903226,0.5179856115107914,0.47515257192676547,0.43925012106142924,8,49,logistic_regression,Controls only,544,136,34
0.4632352941176471,0.4492153443766347,0.3829787234042553,0.2903225806451613,0.3302752293577982,0.37271142109851785,0.3992654585851704,8,49,random_forest,Controls only,544,136,34
0.5073529411764706,0.5146033129904097,0.46835443037974683,0.5967741935483871,0.524822695035461,0.6129032258064516,0.6500326250051871,8,49,logistic_regression,Controls + Prompt Risk Features,544,136,34
0.49264705882352944,0.49324324324324326,0.4492753623188406,0.5,0.4732824427480916,0.48376198779424584,0.4419695950740374,8,49,random_forest,Controls + Prompt Risk Features,544,136,34
0.5588235294117647,0.572362685265911,0.5113636363636364,0.7258064516129032,0.6,0.6482127288578902,0.6858364929360619,8,49,logistic_regression,Prompt Risk Features only,544,136,34
0.5,0.507846556233653,0.4625,0.5967741935483871,0.5211267605633803,0.44420226678291197,0.4287232648167568,8,49,random_forest,Prompt Risk Features only,544,136,34
0.5955882352941176,0.6408080325125508,0.8148148148148148,0.4943820224719101,0.6153846153846154,0.6586182165909634,0.7979245857395784,9,50,logistic_regression,Controls only,544,136,34
0.45588235294117646,0.4537413339708343,0.6119402985074627,0.4606741573033708,0.5256410256410257,0.5075304805163758,0.6661700378722881,9,50,random_forest,Controls only,544,136,34
0.6176470588235294,0.6677026057853215,0.8490566037735849,0.5056179775280899,0.6338028169014085,0.740855845087258,0.8431019674606867,9,50,logistic_regression,Controls + Prompt Risk Features,544,136,34
0.45588235294117646,0.5039445374133397,0.6595744680851063,0.34831460674157305,0.45588235294117646,0.5823571599330624,0.740589106028786,9,50,random_forest,Controls + Prompt Risk Features,544,136,34
0.6102941176470589,0.6620846282572317,0.8461538461538461,0.4943820224719101,0.624113475177305,0.7156347119292374,0.8268972608061178,9,50,logistic_regression,Prompt Risk Features only,544,136,34
0.49264705882352944,0.5621563471192924,0.75,0.33707865168539325,0.46511627906976744,0.607578293091083,0.7518052931528685,9,50,random_forest,Prompt Risk Features only,544,136,34
0.5367647058823529,0.5374864572047671,0.5142857142857142,0.5538461538461539,0.5333333333333333,0.524593716143012,0.5387663121295808,10,51,logistic_regression,Controls only,544,136,34
0.47058823529411764,0.4676056338028169,0.4406779661016949,0.4,0.41935483870967744,0.49295774647887325,0.4892896017025936,10,51,random_forest,Controls only,544,136,34
0.39705882352941174,0.39588299024918744,0.36923076923076925,0.36923076923076925,0.36923076923076925,0.38829902491874324,0.4398061838777113,10,51,logistic_regression,Controls + Prompt Risk Features,544,136,34
0.4852941176470588,0.4836403033586132,0.4603174603174603,0.4461538461538462,0.453125,0.4739978331527628,0.4494804061014115,10,51,random_forest,Controls + Prompt Risk Features,544,136,34
0.40441176470588236,0.4029252437703142,0.375,0.36923076923076925,0.37209302325581395,0.3872156013001084,0.44181888225353194,10,51,logistic_regression,Prompt Risk Features only,544,136,34
0.4485294117647059,0.4419284940411701,0.3958333333333333,0.2923076923076923,0.336283185840708,0.5160346695557964,0.5309074894295117,10,51,random_forest,Prompt Risk Features only,544,136,34
0.41911764705882354,0.4228602383531961,0.42857142857142855,0.3380281690140845,0.3779527559055118,0.4587215601300108,0.4749031425407296,11,52,logistic_regression,Controls only,544,136,34
0.47058823529411764,0.4734561213434453,0.4915254237288136,0.4084507042253521,0.4461538461538462,0.4838569880823402,0.5042450691033971,11,52,random_forest,Controls only,544,136,34
0.625,0.6271939328277356,0.6612903225806451,0.5774647887323944,0.6165413533834586,0.6563380281690141,0.6659735246169963,11,52,logistic_regression,Controls + Prompt Risk Features,544,136,34
0.5147058823529411,0.5157096424702059,0.5384615384615384,0.49295774647887325,0.5147058823529411,0.5040086673889491,0.5176704507563404,11,52,random_forest,Controls + Prompt Risk Features,544,136,34
0.5955882352941176,0.5983748645720477,0.6333333333333333,0.5352112676056338,0.5801526717557252,0.6949079089924161,0.6872867121539591,11,52,logistic_regression,Prompt Risk Features only,544,136,34
0.4338235294117647,0.43629469122426867,0.45,0.38028169014084506,0.4122137404580153,0.4804983748645721,0.5071764019014536,11,52,random_forest,Prompt Risk Features only,544,136,34
0.5220588235294118,0.5286458333333334,0.5660377358490566,0.4166666666666667,0.48,0.5798611111111112,0.5750305858306188,12,53,logistic_regression,Controls only,544,136,34
0.5661764705882353,0.5659722222222222,0.5942028985507246,0.5694444444444444,0.5815602836879432,0.5907118055555556,0.6284482611841185,12,53,random_forest,Controls only,544,136,34
0.6691176470588235,0.6701388888888888,0.7014925373134329,0.6527777777777778,0.6762589928057554,0.7426215277777778,0.7904124191333058,12,53,logistic_regression,Controls + Prompt Risk Features,544,136,34
0.6397058823529411,0.6467013888888888,0.7169811320754716,0.5277777777777778,0.608,0.6495225694444444,0.6567575280870745,12,53,random_forest,Controls + Prompt Risk Features,544,136,34
0.6470588235294118,0.6475694444444444,0.6764705882352942,0.6388888888888888,0.6571428571428571,0.6928168402777777,0.7403240858675812,12,53,logistic_regression,Prompt Risk Features only,544,136,34
0.4852941176470588,0.5026041666666666,0.5357142857142857,0.20833333333333334,0.3,0.5911458333333333,0.5832943585303949,12,53,random_forest,Prompt Risk Features only,544,136,34
0.5588235294117647,0.5499021526418787,0.5294117647058824,0.42857142857142855,0.47368421052631576,0.5901282887584258,0.5329732941697813,13,54,logistic_regression,Controls only,544,136,34
0.40441176470588236,0.4006305718634485,0.3548387096774194,0.3492063492063492,0.352,0.39138943248532293,0.3955367645415677,13,54,random_forest,Controls only,544,136,34
0.6397058823529411,0.6480756686236138,0.5853658536585366,0.7619047619047619,0.6620689655172414,0.7408132202652751,0.7291807272243331,13,54,logistic_regression,Controls + Prompt Risk Features,544,136,34
0.5514705882352942,0.5474016090454447,0.5166666666666667,0.49206349206349204,0.5040650406504065,0.5818656229615133,0.5982859532101612,13,54,random_forest,Controls + Prompt Risk Features,544,136,34
0.6838235294117647,0.6913459447706023,0.625,0.7936507936507936,0.6993006993006993,0.7690802348336595,0.7755933722599055,13,54,logistic_regression,Prompt Risk Features only,544,136,34
0.5661764705882353,0.5687105892585345,0.5277777777777778,0.6031746031746031,0.562962962962963,0.631767775603392,0.6115843520993849,13,54,random_forest,Prompt Risk Features only,544,136,34
0.5294117647058824,0.5902462347597418,0.4065934065934066,0.7872340425531915,0.5362318840579711,0.6076978245278508,0.4634041605861676,14,55,logistic_regression,Controls only,544,136,34
0.49264705882352944,0.511953143676787,0.35526315789473684,0.574468085106383,0.43902439024390244,0.4986851541955534,0.3419298481750524,14,55,random_forest,Controls only,544,136,34
0.6985294117647058,0.7144393975615586,0.5454545454545454,0.7659574468085106,0.6371681415929203,0.7917762371503706,0.7958582260477935,14,55,logistic_regression,Controls + Prompt Risk Features,544,136,34
0.6029411764705882,0.6163040879751374,0.4492753623188406,0.6595744680851063,0.5344827586206896,0.5886923260817596,0.37063600843142347,14,55,random_forest,Controls + Prompt Risk Features,544,136,34
0.8014705882352942,0.8131723643318193,0.6666666666666666,0.851063829787234,0.7476635514018691,0.8143676786994979,0.7904990583279374,14,55,logistic_regression,Prompt Risk Features only,544,136,34
0.5955882352941176,0.5855845087257949,0.43333333333333335,0.5531914893617021,0.48598130841121495,0.5836720057375089,0.4218869083259399,14,55,random_forest,Prompt Risk Features only,544,136,34
0.5808823529411765,0.5815972222222222,0.5507246376811594,0.59375,0.5714285714285714,0.5607638888888888,0.5139723838638932,15,56,logistic_regression,Controls only,544,136,34
0.5441176470588235,0.5425347222222222,0.515625,0.515625,0.515625,0.5201822916666667,0.4947969314503563,15,56,random_forest,Controls only,544,136,34
0.5514705882352942,0.5581597222222222,0.5180722891566265,0.671875,0.5850340136054422,0.5928819444444445,0.5819069468131441,15,56,logistic_regression,Controls + Prompt Risk Features,544,136,34
0.5294117647058824,0.5251736111111112,0.5,0.453125,0.47540983606557374,0.5621744791666666,0.5415801376323838,15,56,random_forest,Controls + Prompt Risk Features,544,136,34
0.5294117647058824,0.5364583333333334,0.5,0.65625,0.5675675675675675,0.5859375,0.549892760796068,15,56,logistic_regression,Prompt Risk Features only,544,136,34
0.4411764705882353,0.4461805555555556,0.425,0.53125,0.4722222222222222,0.5503472222222223,0.5837753255601948,15,56,random_forest,Prompt Risk Features only,544,136,34
0.4411764705882353,0.43392857142857144,0.34375,0.39285714285714285,0.36666666666666664,0.4127232142857143,0.34567104470215504,16,57,logistic_regression,Controls only,544,136,34
0.47058823529411764,0.49642857142857144,0.4090909090909091,0.6428571428571429,0.5,0.525892857142857,0.4471515908211322,16,57,random_forest,Controls only,544,136,34
0.5882352941176471,0.59375,0.5,0.625,0.5555555555555556,0.625892857142857,0.6494015447046473,16,57,logistic_regression,Controls + Prompt Risk Features,544,136,34
0.5147058823529411,0.5285714285714286,0.4358974358974359,0.6071428571428571,0.5074626865671642,0.5575892857142858,0.46934556047716375,16,57,random_forest,Controls + Prompt Risk Features,544,136,34
0.5441176470588235,0.5616071428571429,0.4625,0.6607142857142857,0.5441176470588235,0.6502232142857143,0.6636499129181787,16,57,logistic_regression,Prompt Risk Features only,544,136,34
0.5147058823529411,0.5098214285714285,0.421875,0.48214285714285715,0.45,0.5035714285714286,0.421832679991482,16,57,random_forest,Prompt Risk Features only,544,136,34
0.5294117647058824,0.5265378636464579,0.4461538461538462,0.5087719298245614,0.47540983606557374,0.5378636464579168,0.4538885238115973,17,58,logistic_regression,Controls only,544,136,34
0.5735294117647058,0.5571840994892294,0.49056603773584906,0.45614035087719296,0.4727272727272727,0.6025982678214523,0.47898688802355743,17,58,random_forest,Controls only,544,136,34
0.6102941176470589,0.6010437486120364,0.5344827586206896,0.543859649122807,0.5391304347826087,0.5873861869864535,0.5046515884748604,17,58,logistic_regression,Controls + Prompt Risk Features,544,136,34
0.5294117647058824,0.5192094159449256,0.4406779661016949,0.45614035087719296,0.4482758620689655,0.59526982011992,0.5268389834345311,17,58,random_forest,Controls + Prompt Risk Features,544,136,34
0.5220588235294118,0.5031090384188319,0.4230769230769231,0.38596491228070173,0.4036697247706422,0.5750610703975128,0.4890708009877336,17,58,logistic_regression,Prompt Risk Features only,544,136,34
0.5808823529411765,0.5635132134132801,0.5,0.45614035087719296,0.47706422018348627,0.5999333777481679,0.4906674644851411,17,58,random_forest,Prompt Risk Features only,544,136,34
0.5514705882352942,0.5406395736175883,0.46551724137931033,0.47368421052631576,0.46956521739130436,0.534754608039085,0.42822699908745754,18,59,logistic_regression,Controls only,544,136,34
0.5073529411764706,0.49289362647124135,0.4107142857142857,0.40350877192982454,0.40707964601769914,0.5052187430601822,0.44239993853688636,18,59,random_forest,Controls only,544,136,34
0.5588235294117647,0.5542971352431711,0.47619047619047616,0.5263157894736842,0.5,0.5616255829447037,0.46917604001550584,18,59,logistic_regression,Controls + Prompt Risk Features,544,136,34
0.4852941176470588,0.4641350210970464,0.37254901960784315,0.3333333333333333,0.35185185185185186,0.4741283588718632,0.43706790554741537,18,59,random_forest,Controls + Prompt Risk Features,544,136,34
0.6397058823529411,0.6336886520097713,0.5666666666666667,0.5964912280701754,0.5811965811965812,0.6088163446591162,0.5235304220554644,18,59,logistic_regression,Prompt Risk Features only,544,136,34
0.5955882352941176,0.568842993559849,0.5227272727272727,0.40350877192982454,0.45544554455445546,0.5715078836331334,0.5404117969930026,18,59,random_forest,Prompt Risk Features only,544,136,34
0.45588235294117646,0.4716117216117216,0.358974358974359,0.5384615384615384,0.4307692307692308,0.4798534798534799,0.39415315866110223,19,60,logistic_regression,Controls only,544,136,34
0.5514705882352942,0.581959706959707,0.4457831325301205,0.7115384615384616,0.5481481481481482,0.4945054945054945,0.3511951990481583,19,60,random_forest,Controls only,544,136,34
0.6911764705882353,0.6730769230769231,0.5961538461538461,0.5961538461538461,0.5961538461538461,0.7161172161172161,0.6624757586812036,19,60,logistic_regression,Controls + Prompt Risk Features,544,136,34
0.5661764705882353,0.5792124542124542,0.4520547945205479,0.6346153846153846,0.528,0.6356456043956044,0.5516927577296575,19,60,random_forest,Controls + Prompt Risk Features,544,136,34
0.7058823529411765,0.6886446886446886,0.6153846153846154,0.6153846153846154,0.6153846153846154,0.75,0.7350700651687492,19,60,logistic_regression,Prompt Risk Features only,544,136,34
0.6029411764705882,0.608974358974359,0.4852941176470588,0.6346153846153846,0.55,0.61996336996337,0.5356096202268055,19,60,random_forest,Prompt Risk Features only,544,136,34
0.5147058823529411,0.5176470588235293,0.6417910447761194,0.5058823529411764,0.5657894736842105,0.5388696655132641,0.6612205566937281,20,61,logistic_regression,Controls only,544,136,34
0.49264705882352944,0.5,0.625,0.47058823529411764,0.5369127516778524,0.44786620530565163,0.647124678572053,20,61,random_forest,Controls only,544,136,34
0.6838235294117647,0.696078431372549,0.8088235294117647,0.6470588235294118,0.7189542483660131,0.7524798154555941,0.8421821548855043,20,61,logistic_regression,Controls + Prompt Risk Features,544,136,34
0.5294117647058824,0.5490196078431373,0.6779661016949152,0.47058823529411764,0.5555555555555556,0.5694348327566321,0.6965126470885096,20,61,random_forest,Controls + Prompt Risk Features,544,136,34
0.6102941176470589,0.6019607843137255,0.7105263157894737,0.6352941176470588,0.6708074534161491,0.7265282583621684,0.8035696965777246,20,61,logistic_regression,Prompt Risk Features only,544,136,34
0.5514705882352942,0.6019607843137256,0.7727272727272727,0.4,0.5271317829457365,0.5853517877739332,0.7676066900771195,20,61,random_forest,Prompt Risk Features only,544,136,34
0.5367647058823529,0.5374202069117323,0.47058823529411764,0.5423728813559322,0.5039370078740157,0.5507373981950253,0.46356452378213364,21,62,logistic_regression,Controls only,544,136,34
0.5661764705882353,0.5614131631080783,0.5,0.5254237288135594,0.512396694214876,0.5773717807616112,0.5427122121243508,21,62,random_forest,Controls only,544,136,34
0.625,0.6054369359454106,0.5869565217391305,0.4576271186440678,0.5142857142857142,0.6522121945850761,0.5945565079782459,21,62,logistic_regression,Controls + Prompt Risk Features,544,136,34
0.5735294117647058,0.5817741580453444,0.5066666666666667,0.6440677966101694,0.5671641791044776,0.5905789126128109,0.5023407810908251,21,62,random_forest,Controls + Prompt Risk Features,544,136,34
0.6397058823529411,0.6223860884877834,0.6041666666666666,0.4915254237288136,0.5420560747663551,0.6465991635483161,0.5653284746943426,21,62,logistic_regression,Prompt Risk Features only,544,136,34
0.5220588235294118,0.5145278450363195,0.45,0.4576271186440678,0.453781512605042,0.5673563724411181,0.48471809535513166,21,62,random_forest,Prompt Risk Features only,544,136,34
0.4411764705882353,0.4406229720960415,0.42857142857142855,0.40298507462686567,0.4153846153846154,0.4665801427644387,0.5090223552160325,22,63,logistic_regression,Controls only,544,136,34
0.5147058823529411,0.5130867402119835,0.5094339622641509,0.40298507462686567,0.45,0.4450573220852261,0.4797712670434086,22,63,random_forest,Controls only,544,136,34
0.625,0.6230802509193165,0.66,0.4925373134328358,0.5641025641025641,0.7302617348042397,0.6942657602311452,22,63,logistic_regression,Controls + Prompt Risk Features,544,136,34
0.4632352941176471,0.4610642439974043,0.4375,0.31343283582089554,0.3652173913043478,0.4855072463768116,0.5009500465397498,22,63,random_forest,Controls + Prompt Risk Features,544,136,34
0.5808823529411765,0.5791693705386113,0.5961538461538461,0.4626865671641791,0.5210084033613446,0.7210685701925156,0.7417884969402266,22,63,logistic_regression,Prompt Risk Features only,544,136,34
0.4632352941176471,0.4597663854639844,0.4166666666666667,0.22388059701492538,0.2912621359223301,0.48226260004326194,0.5079544221486869,22,63,random_forest,Prompt Risk Features only,544,136,34
0.47058823529411764,0.4741061755146262,0.45569620253164556,0.5538461538461539,0.5,0.49057421451787653,0.4751715239251414,23,64,logistic_regression,Controls only,544,136,34
0.5294117647058824,0.5271939328277356,0.5081967213114754,0.47692307692307695,0.49206349206349204,0.524593716143012,0.5342743551258309,23,64,random_forest,Controls only,544,136,34
0.5808823529411765,0.5790899241603467,0.5645161290322581,0.5384615384615384,0.5511811023622047,0.6125677139761647,0.6218467064487747,23,64,logistic_regression,Controls + Prompt Risk Features,544,136,34
0.6029411764705882,0.6015167930660889,0.5873015873015873,0.5692307692307692,0.578125,0.6206933911159264,0.543632534335832,23,64,random_forest,Controls + Prompt Risk Features,544,136,34
0.5955882352941176,0.594474539544962,0.578125,0.5692307692307692,0.5736434108527132,0.6020585048754062,0.6200451787248571,23,64,logistic_regression,Prompt Risk Features only,544,136,34
0.5073529411764706,0.5073672806067172,0.4852941176470588,0.5076923076923077,0.49624060150375937,0.5394366197183098,0.5049491038864853,23,64,random_forest,Prompt Risk Features only,544,136,34
0.41911764705882354,0.4695348837209302,0.3473684210526316,0.66,0.45517241379310347,0.5086046511627906,0.3991118360167303,24,65,logistic_regression,Controls only,544,136,34
0.45588235294117646,0.4525581395348837,0.3235294117647059,0.44,0.3728813559322034,0.4465116279069768,0.3336679187621631,24,65,random_forest,Controls only,544,136,34
0.5955882352941176,0.6174418604651162,0.4666666666666667,0.7,0.56,0.6651162790697674,0.6429689992565238,24,65,logistic_regression,Controls + Prompt Risk Features,544,136,34
0.5441176470588235,0.56,0.4189189189189189,0.62,0.5,0.6236046511627906,0.4856399149559069,24,65,random_forest,Controls + Prompt Risk Features,544,136,34
0.5588235294117647,0.6051162790697675,0.4431818181818182,0.78,0.5652173913043478,0.6488372093023256,0.5834392121281985,24,65,logistic_regression,Prompt Risk Features only,544,136,34
0.6323529411764706,0.633953488372093,0.5,0.64,0.5614035087719298,0.670232558139535,0.6350838901768693,24,65,random_forest,Prompt Risk Features only,544,136,34
0.5367647058823529,0.5394012766894123,0.4714285714285714,0.559322033898305,0.5116279069767442,0.5346687211093991,0.4663414389537097,25,66,logistic_regression,Controls only,544,136,34
0.5220588235294118,0.5303764032577591,0.4605263157894737,0.5932203389830508,0.5185185185185185,0.5500770416024654,0.44795586660520315,25,66,random_forest,Controls only,544,136,34
0.4264705882352941,0.44199867928681486,0.38823529411764707,0.559322033898305,0.4583333333333333,0.47303543913713403,0.5024522045544866,25,66,logistic_regression,Controls + Prompt Risk Features,544,136,34
0.5808823529411765,0.5981730134272507,0.5119047619047619,0.7288135593220338,0.6013986013986014,0.6007043803653973,0.5215820876033481,25,66,random_forest,Controls + Prompt Risk Features,544,136,34
0.4485294117647059,0.4674224081003742,0.4090909090909091,0.6101694915254238,0.4897959183673469,0.5224521241470395,0.5608909061775434,25,66,logistic_regression,Prompt Risk Features only,544,136,34
0.4632352941176471,0.47842835130970723,0.4166666666666667,0.5932203389830508,0.48951048951048953,0.5101254677525864,0.4771661752833158,25,66,random_forest,Prompt Risk Features only,544,136,34
0.5,0.4904513888888889,0.5222222222222223,0.6527777777777778,0.5802469135802469,0.4730902777777778,0.5659144710087698,26,67,logistic_regression,Controls only,544,136,34
0.47794117647058826,0.4852430555555556,0.5098039215686274,0.3611111111111111,0.42276422764227645,0.5397135416666667,0.5954907757735219,26,67,random_forest,Controls only,544,136,34
0.5661764705882353,0.5642361111111112,0.589041095890411,0.5972222222222222,0.593103448275862,0.591579861111111,0.6776329708243549,26,67,logistic_regression,Controls + Prompt Risk Features,544,136,34
0.6029411764705882,0.5998263888888888,0.618421052631579,0.6527777777777778,0.6351351351351351,0.673828125,0.714154277168964,26,67,random_forest,Controls + Prompt Risk Features,544,136,34
0.6029411764705882,0.6015625,0.625,0.625,0.625,0.6137152777777778,0.7095499694130527,26,67,logistic_regression,Prompt Risk Features only,544,136,34
0.5,0.5034722222222222,0.5333333333333333,0.4444444444444444,0.48484848484848486,0.5164930555555555,0.5696980855958294,26,67,random_forest,Prompt Risk Features only,544,136,34
0.5588235294117647,0.554978354978355,0.56,0.42424242424242425,0.4827586206896552,0.5326839826839828,0.5036157448077414,27,68,logistic_regression,Controls only,544,136,34
0.4485294117647059,0.45086580086580086,0.4430379746835443,0.5303030303030303,0.4827586206896552,0.5056277056277056,0.4787212120931546,27,68,random_forest,Controls only,544,136,34
0.5514705882352942,0.5508658008658008,0.5384615384615384,0.5303030303030303,0.5343511450381679,0.512987012987013,0.5267475334767963,27,68,logistic_regression,Controls + Prompt Risk Features,544,136,34
0.5514705882352942,0.5521645021645022,0.5352112676056338,0.5757575757575758,0.5547445255474452,0.585930735930736,0.6716577741805702,27,68,random_forest,Controls + Prompt Risk Features,544,136,34
0.45588235294117646,0.45324675324675323,0.42857142857142855,0.36363636363636365,0.39344262295081966,0.5330086580086579,0.5424779952417741,27,68,logistic_regression,Prompt Risk Features only,544,136,34
0.4411764705882353,0.4393939393939394,0.4166666666666667,0.3787878787878788,0.3968253968253968,0.4670995670995671,0.4766589850341206,27,68,random_forest,Prompt Risk Features only,544,136,34
0.5,0.5089148139995597,0.44155844155844154,0.576271186440678,0.5,0.5458947831829187,0.49443554928168465,28,69,logistic_regression,Controls only,544,136,34
0.6323529411764706,0.6158925819942769,0.5918367346938775,0.4915254237288136,0.5370370370370371,0.5683469073299582,0.5240936004961576,28,69,random_forest,Controls only,544,136,34
0.6323529411764706,0.6277790006603565,0.5737704918032787,0.5932203389830508,0.5833333333333334,0.6775258639665419,0.6516357873205039,28,69,logistic_regression,Controls + Prompt Risk Features,544,136,34
0.6397058823529411,0.6342725071538631,0.5833333333333334,0.5932203389830508,0.5882352941176471,0.6239269205370901,0.5390280583337875,28,69,random_forest,Controls + Prompt Risk Features,544,136,34
0.6102941176470589,0.6082984811798371,0.546875,0.5932203389830508,0.5691056910569106,0.6545234426590358,0.6295594638207399,28,69,logistic_regression,Prompt Risk Features only,544,136,34
0.5514705882352942,0.5444640105657055,0.48333333333333334,0.4915254237288136,0.48739495798319327,0.587607307946291,0.5967701376368741,28,69,random_forest,Prompt Risk Features only,544,136,34
0.5367647058823529,0.5549019607843138,0.42105263157894735,0.6274509803921569,0.5039370078740157,0.5420991926182238,0.3894533520201441,29,70,logistic_regression,Controls only,544,136,34
0.5294117647058824,0.4901960784313726,0.3617021276595745,0.3333333333333333,0.3469387755102041,0.5291810841983853,0.39325873527402266,29,70,random_forest,Controls only,544,136,34
0.6911764705882353,0.6823529411764706,0.5789473684210527,0.6470588235294118,0.6111111111111112,0.7206459054209919,0.5369665802912614,29,70,logistic_regression,Controls + Prompt Risk Features,544,136,34
0.5147058823529411,0.5176470588235293,0.391304347826087,0.5294117647058824,0.45,0.539677047289504,0.42687238163777896,29,70,random_forest,Controls + Prompt Risk Features,544,136,34
0.6397058823529411,0.6411764705882352,0.515625,0.6470588235294118,0.5739130434782609,0.7023068050749711,0.5164669584621668,29,70,logistic_regression,Prompt Risk Features only,544,136,34
0.49264705882352944,0.46862745098039216,0.3392857142857143,0.37254901960784315,0.35514018691588783,0.4294117647058823,0.3573526463409179,29,70,random_forest,Prompt Risk Features only,544,136,34
0.5147058823529411,0.5178571428571428,0.6060606060606061,0.5,0.547945205479452,0.5453125,0.5927703333889591,30,71,logistic_regression,Controls only,544,136,34
0.5,0.5,0.5882352941176471,0.5,0.5405405405405406,0.4785714285714286,0.5992077218705503,30,71,random_forest,Controls only,544,136,34
0.5955882352941176,0.6160714285714286,0.7272727272727273,0.5,0.5925925925925926,0.7095982142857142,0.7751191876568939,30,71,logistic_regression,Controls + Prompt Risk Features,544,136,34
0.49264705882352944,0.5125,0.6037735849056604,0.4,0.48120300751879697,0.5148437499999999,0.6920495648781501,30,71,random_forest,Controls + Prompt Risk Features,544,136,34
0.5294117647058824,0.5517857142857143,0.6538461538461539,0.425,0.5151515151515151,0.6896205357142857,0.7590407151165266,30,71,logistic_regression,Prompt Risk Features only,544,136,34
0.5882352941176471,0.6178571428571429,0.75,0.45,0.5625,0.6089285714285715,0.7284987290871938,30,71,random_forest,Prompt Risk Features only,544,136,34
