algorithm,metric,mean,std,min,max
logistic_regression,accuracy,0.6286764705882352,0.06327449372298645,0.5,0.7352941176470589
logistic_regression,balanced_accuracy,0.6302525148030035,0.06347727045916343,0.5029252437703142,0.7263387978142077
logistic_regression,precision_1,0.6004704219105619,0.1103735770888481,0.43529411764705883,0.9183673469387755
logistic_regression,recall_1,0.5994243838245843,0.09371051235976845,0.42857142857142855,0.7872340425531915
logistic_regression,f1_1,0.5922238967408298,0.07002876077328905,0.44036697247706424,0.7547169811320755
logistic_regression,roc_auc,0.6838289100898718,0.0684737336429883,0.5258938244853738,0.8092272202998847
logistic_regression,pr_auc,0.6356098703307591,0.10373506183276143,0.44377932101798023,0.885769997831829
random_forest,accuracy,0.5759803921568628,0.05570904766273324,0.4632352941176471,0.7058823529411765
random_forest,balanced_accuracy,0.5813497168997012,0.05099173322444323,0.4892857142857143,0.695124593716143
random_forest,precision_1,0.5458925143361913,0.10694868684513657,0.3645833333333333,0.7818181818181819
random_forest,recall_1,0.5666976308686068,0.09462562933751692,0.425,0.7966101694915254
random_forest,f1_1,0.5455342093319767,0.059598480707732965,0.41379310344827586,0.671875
random_forest,roc_auc,0.6174685628351233,0.06571509940099285,0.5088169642857143,0.7666666666666666
random_forest,pr_auc,0.5534214587918556,0.10650431227190017,0.340309051527416,0.7774255906650038
