run,seed,metric,lr_value,rf_value,delta_lr_minus_rf
1,42,accuracy,0.5514705882352942,0.5,0.05147058823529416
2,43,accuracy,0.6323529411764706,0.5588235294117647,0.07352941176470584
3,44,accuracy,0.5735294117647058,0.5294117647058824,0.044117647058823484
4,45,accuracy,0.6176470588235294,0.6029411764705882,0.014705882352941235
5,46,accuracy,0.6397058823529411,0.625,0.014705882352941124
6,47,accuracy,0.7132352941176471,0.7058823529411765,0.007352941176470562
7,48,accuracy,0.7352941176470589,0.625,0.11029411764705888
8,49,accuracy,0.5882352941176471,0.5220588235294118,0.06617647058823528
9,50,accuracy,0.6470588235294118,0.5735294117647058,0.07352941176470595
10,51,accuracy,0.5,0.5220588235294118,-0.022058823529411797
11,52,accuracy,0.6764705882352942,0.6911764705882353,-0.014705882352941124
12,53,accuracy,0.5514705882352942,0.5147058823529411,0.03676470588235303
13,54,accuracy,0.6838235294117647,0.5808823529411765,0.1029411764705882
14,55,accuracy,0.5735294117647058,0.4632352941176471,0.11029411764705876
15,56,accuracy,0.5882352941176471,0.5441176470588235,0.044117647058823595
16,57,accuracy,0.6764705882352942,0.5514705882352942,0.125
17,58,accuracy,0.5882352941176471,0.5220588235294118,0.06617647058823528
18,59,accuracy,0.5588235294117647,0.5514705882352942,0.007352941176470562
19,60,accuracy,0.7352941176470589,0.6323529411764706,0.10294117647058831
20,61,accuracy,0.7132352941176471,0.5661764705882353,0.1470588235294118
21,62,accuracy,0.625,0.5882352941176471,0.03676470588235292
22,63,accuracy,0.5735294117647058,0.6323529411764706,-0.05882352941176472
23,64,accuracy,0.5588235294117647,0.5735294117647058,-0.014705882352941124
24,65,accuracy,0.7279411764705882,0.5882352941176471,0.13970588235294112
25,66,accuracy,0.6397058823529411,0.6544117647058824,-0.014705882352941235
26,67,accuracy,0.6102941176470589,0.5882352941176471,0.022058823529411797
27,68,accuracy,0.5735294117647058,0.625,-0.05147058823529416
28,69,accuracy,0.6617647058823529,0.5294117647058824,0.13235294117647056
29,70,accuracy,0.6838235294117647,0.5735294117647058,0.11029411764705888
30,71,accuracy,0.6617647058823529,0.5441176470588235,0.11764705882352944
1,42,balanced_accuracy,0.5330357142857143,0.4892857142857143,0.043749999999999956
2,43,balanced_accuracy,0.6306818181818181,0.5691287878787878,0.061553030303030276
3,44,balanced_accuracy,0.5720486111111112,0.5277777777777778,0.04427083333333337
4,45,balanced_accuracy,0.6176470588235294,0.6029411764705883,0.014705882352941124
5,46,balanced_accuracy,0.6302631578947369,0.631140350877193,-0.0008771929824561431
6,47,balanced_accuracy,0.6902319902319902,0.6791208791208792,0.011111111111111072
7,48,balanced_accuracy,0.7263387978142077,0.6217486338797814,0.10459016393442633
8,49,balanced_accuracy,0.5967741935483871,0.5189625108979947,0.0778116826503924
9,50,balanced_accuracy,0.7102557972746832,0.61391345923978,0.09634233803490322
10,51,balanced_accuracy,0.5029252437703142,0.5253521126760563,-0.02242686890574208
11,52,balanced_accuracy,0.6816901408450704,0.695124593716143,-0.013434452871072589
12,53,balanced_accuracy,0.5572916666666666,0.5182291666666666,0.0390625
13,54,balanced_accuracy,0.6859099804305284,0.5856707979995651,0.1002391824309633
14,55,balanced_accuracy,0.6239540999282811,0.5296437963184317,0.09431030360984938
15,56,balanced_accuracy,0.5954861111111112,0.5460069444444444,0.04947916666666674
16,57,balanced_accuracy,0.6714285714285715,0.5598214285714285,0.11160714285714302
17,58,balanced_accuracy,0.577170775038863,0.5275371974239396,0.049633577614923485
18,59,balanced_accuracy,0.5469686875416389,0.5357539418165668,0.011214745725072084
19,60,balanced_accuracy,0.7234432234432235,0.6144688644688645,0.10897435897435903
20,61,balanced_accuracy,0.7156862745098039,0.6058823529411764,0.1098039215686275
21,62,balanced_accuracy,0.6193044243891701,0.5927801012546775,0.0265243231344926
22,63,balanced_accuracy,0.5719229937270172,0.6301103179753407,-0.05818732424832351
23,64,balanced_accuracy,0.5586132177681473,0.571397616468039,-0.012784398699891675
24,65,balanced_accuracy,0.7262790697674418,0.5865116279069768,0.13976744186046508
25,66,balanced_accuracy,0.6441778560422629,0.6710323574730355,-0.026854501430772615
26,67,balanced_accuracy,0.6076388888888888,0.5842013888888888,0.0234375
27,68,balanced_accuracy,0.5718614718614718,0.6218614718614719,-0.050000000000000044
28,69,balanced_accuracy,0.6656394453004623,0.5507373981950253,0.11490204710543694
29,70,balanced_accuracy,0.6725490196078432,0.5647058823529412,0.10784313725490202
30,71,balanced_accuracy,0.6803571428571429,0.5696428571428571,0.11071428571428577
1,42,precision_1,0.4528301886792453,0.4,0.05283018867924527
2,43,precision_1,0.4838709677419355,0.4142857142857143,0.06958525345622119
3,44,precision_1,0.546875,0.5,0.046875
4,45,precision_1,0.6538461538461539,0.6129032258064516,0.04094292803970223
5,46,precision_1,0.6,0.5616438356164384,0.0383561643835616
6,47,precision_1,0.56,0.5510204081632653,0.008979591836734802
7,48,precision_1,0.7358490566037735,0.5806451612903226,0.1552038953134509
8,49,precision_1,0.5375,0.47619047619047616,0.061309523809523814
9,50,precision_1,0.9183673469387755,0.7818181818181819,0.13654916512059367
10,51,precision_1,0.4805194805194805,0.5,-0.019480519480519487
11,52,precision_1,0.7547169811320755,0.7543859649122807,0.0003310162197948108
12,53,precision_1,0.6,0.55,0.04999999999999993
13,54,precision_1,0.6428571428571429,0.5394736842105263,0.10338345864661658
14,55,precision_1,0.43529411764705883,0.3645833333333333,0.07071078431372552
15,56,precision_1,0.5476190476190477,0.5138888888888888,0.03373015873015883
16,57,precision_1,0.6,0.4657534246575342,0.13424657534246576
17,58,precision_1,0.5087719298245614,0.4444444444444444,0.06432748538011701
18,59,precision_1,0.47368421052631576,0.46296296296296297,0.010721247563352798
19,60,precision_1,0.6481481481481481,0.5185185185185185,0.12962962962962965
20,61,precision_1,0.8108108108108109,0.76,0.05081081081081085
21,62,precision_1,0.5666666666666667,0.5211267605633803,0.0455399061032864
22,63,precision_1,0.5849056603773585,0.6808510638297872,-0.09594540345242875
23,64,precision_1,0.5373134328358209,0.5573770491803278,-0.02006361634450693
24,65,precision_1,0.6101694915254238,0.453125,0.15704449152542377
25,66,precision_1,0.5714285714285714,0.573170731707317,-0.0017421602787456303
26,67,precision_1,0.6266666666666667,0.6025641025641025,0.024102564102564172
27,68,precision_1,0.5666666666666667,0.6415094339622641,-0.07484276729559747
28,69,precision_1,0.5942028985507246,0.47191011235955055,0.12229278619117406
29,70,precision_1,0.5714285714285714,0.4426229508196721,0.12880562060889927
30,71,precision_1,0.7931034482758621,0.68,0.11310344827586205
1,42,recall_1,0.42857142857142855,0.42857142857142855,0.0
2,43,recall_1,0.625,0.6041666666666666,0.02083333333333337
3,44,recall_1,0.546875,0.5,0.046875
4,45,recall_1,0.5,0.5588235294117647,-0.05882352941176472
5,46,recall_1,0.55,0.6833333333333333,-0.1333333333333333
6,47,recall_1,0.6222222222222222,0.6,0.022222222222222254
7,48,recall_1,0.639344262295082,0.5901639344262295,0.049180327868852514
8,49,recall_1,0.6935483870967742,0.4838709677419355,0.20967741935483875
9,50,recall_1,0.5056179775280899,0.48314606741573035,0.02247191011235955
10,51,recall_1,0.5692307692307692,0.6,-0.03076923076923077
11,52,recall_1,0.5633802816901409,0.6056338028169014,-0.04225352112676051
12,53,recall_1,0.4583333333333333,0.4583333333333333,0.0
13,54,recall_1,0.7142857142857143,0.6507936507936508,0.06349206349206349
14,55,recall_1,0.7872340425531915,0.7446808510638298,0.042553191489361764
15,56,recall_1,0.71875,0.578125,0.140625
16,57,recall_1,0.6428571428571429,0.6071428571428571,0.03571428571428581
17,58,recall_1,0.5087719298245614,0.5614035087719298,-0.05263157894736836
18,59,recall_1,0.47368421052631576,0.43859649122807015,0.03508771929824561
19,60,recall_1,0.6730769230769231,0.5384615384615384,0.1346153846153847
20,61,recall_1,0.7058823529411765,0.4470588235294118,0.25882352941176473
21,62,recall_1,0.576271186440678,0.6271186440677966,-0.05084745762711862
22,63,recall_1,0.4626865671641791,0.47761194029850745,-0.014925373134328346
23,64,recall_1,0.5538461538461539,0.5230769230769231,0.03076923076923077
24,65,recall_1,0.72,0.58,0.14
25,66,recall_1,0.6779661016949152,0.7966101694915254,-0.11864406779661019
26,67,recall_1,0.6527777777777778,0.6527777777777778,0.0
27,68,recall_1,0.5151515151515151,0.5151515151515151,0.0
28,69,recall_1,0.6949152542372882,0.711864406779661,-0.016949152542372836
29,70,recall_1,0.6274509803921569,0.5294117647058824,0.0980392156862745
30,71,recall_1,0.575,0.425,0.14999999999999997
1,42,f1_1,0.44036697247706424,0.41379310344827586,0.02657386902878839
2,43,f1_1,0.5454545454545454,0.4915254237288136,0.05392912172573183
3,44,f1_1,0.546875,0.5,0.046875
4,45,f1_1,0.5666666666666667,0.5846153846153846,-0.017948717948717996
5,46,f1_1,0.5739130434782609,0.6165413533834586,-0.042628309905197725
6,47,f1_1,0.5894736842105263,0.574468085106383,0.01500559910414323
7,48,f1_1,0.6842105263157895,0.5853658536585366,0.09884467265725294
8,49,f1_1,0.6056338028169014,0.48,0.1256338028169014
9,50,f1_1,0.6521739130434783,0.5972222222222222,0.05495169082125606
10,51,f1_1,0.5211267605633803,0.5454545454545454,-0.02432778489116516
11,52,f1_1,0.6451612903225806,0.671875,-0.026713709677419373
12,53,f1_1,0.5196850393700787,0.5,0.019685039370078705
13,54,f1_1,0.6766917293233082,0.5899280575539568,0.0867636717693514
14,55,f1_1,0.5606060606060606,0.48951048951048953,0.07109557109557102
15,56,f1_1,0.6216216216216216,0.5441176470588235,0.07750397456279812
16,57,f1_1,0.6206896551724138,0.5271317829457365,0.09355787222667733
17,58,f1_1,0.5087719298245614,0.49612403100775193,0.0126478988168095
18,59,f1_1,0.47368421052631576,0.45045045045045046,0.023233760075865306
19,60,f1_1,0.660377358490566,0.5283018867924528,0.13207547169811318
20,61,f1_1,0.7547169811320755,0.562962962962963,0.19175401816911253
21,62,f1_1,0.5714285714285714,0.5692307692307692,0.00219780219780219
22,63,f1_1,0.5166666666666667,0.5614035087719298,-0.044736842105263075
23,64,f1_1,0.5454545454545454,0.5396825396825397,0.005772005772005762
24,65,f1_1,0.6605504587155964,0.5087719298245614,0.15177852889103494
25,66,f1_1,0.6201550387596899,0.6666666666666666,-0.046511627906976716
26,67,f1_1,0.6394557823129252,0.6266666666666667,0.012789115646258509
27,68,f1_1,0.5396825396825397,0.5714285714285714,-0.031746031746031744
28,69,f1_1,0.640625,0.5675675675675675,0.07305743243243246
29,70,f1_1,0.5981308411214953,0.48214285714285715,0.11598798397863813
30,71,f1_1,0.6666666666666666,0.5230769230769231,0.14358974358974352
1,42,roc_auc,0.5892857142857143,0.5088169642857143,0.08046874999999998
2,43,roc_auc,0.5930397727272727,0.5648674242424242,0.02817234848484851
3,44,roc_auc,0.66015625,0.6049262152777778,0.05523003472222221
4,45,roc_auc,0.6721453287197232,0.6296496539792388,0.042495674740484435
5,46,roc_auc,0.7513157894736843,0.6744517543859649,0.07686403508771933
6,47,roc_auc,0.6869352869352869,0.7666666666666666,-0.07973137973137967
7,48,roc_auc,0.7844808743169398,0.7042622950819672,0.08021857923497255
8,49,roc_auc,0.6684829991281604,0.5258282476024412,0.14265475152571927
9,50,roc_auc,0.7458761654315085,0.667344011475018,0.07853215395649049
10,51,roc_auc,0.5258938244853738,0.5206933911159264,0.005200433369447421
11,52,roc_auc,0.7206933911159263,0.6963163596966414,0.024377031419284934
12,53,roc_auc,0.662109375,0.5762803819444444,0.08582899305555558
13,54,roc_auc,0.7321156773211568,0.6086105675146771,0.12350510980647966
14,55,roc_auc,0.6877838871623236,0.5105187664355726,0.17726512072675105
15,56,roc_auc,0.6022135416666667,0.5474175347222222,0.05479600694444453
16,57,roc_auc,0.6694196428571428,0.5948660714285714,0.07455357142857144
17,58,roc_auc,0.6022651565622918,0.5792804796802131,0.022984676882078725
18,59,roc_auc,0.5931601154785698,0.5582944703530979,0.03486564512547197
19,60,roc_auc,0.7912087912087913,0.6649496336996338,0.1262591575091575
20,61,roc_auc,0.8092272202998847,0.665282583621684,0.14394463667820068
21,62,roc_auc,0.6790666960158486,0.5812238608848779,0.0978428351309707
22,63,roc_auc,0.6805104910231452,0.6562837983993078,0.024226692623837365
23,64,roc_auc,0.6634886240520044,0.6154929577464789,0.04799566630552543
24,65,roc_auc,0.7265116279069768,0.6465116279069768,0.07999999999999996
25,66,roc_auc,0.686550737398195,0.7262821923838872,-0.039731454985692194
26,67,roc_auc,0.6414930555555557,0.6337890625,0.007703993055555691
27,68,roc_auc,0.638095238095238,0.6825757575757576,-0.044480519480519565
28,69,roc_auc,0.7175874972485142,0.6140215716486902,0.10356592559982403
29,70,roc_auc,0.7739331026528258,0.6311418685121107,0.14279123414071504
30,71,roc_auc,0.7598214285714285,0.5674107142857141,0.19241071428571443
1,42,pr_auc,0.47257963382707524,0.3925033419485801,0.08007629187849513
2,43,pr_auc,0.44377932101798023,0.3949263054472744,0.048853015570705816
3,44,pr_auc,0.6493326886285444,0.5177895636581553,0.1315431249703891
4,45,pr_auc,0.6145673808106895,0.5830304232589077,0.031536957551781764
5,46,pr_auc,0.7196624275625557,0.5965234643695679,0.12313896319298778
6,47,pr_auc,0.4942060353609675,0.5533955197990601,-0.05918948443809258
7,48,pr_auc,0.6704536527649915,0.6203341315013278,0.0501195212636637
8,49,pr_auc,0.6334395134128418,0.4505853496823596,0.1828541637304822
9,50,pr_auc,0.8577263654485134,0.7684221016378096,0.08930426381070389
10,51,pr_auc,0.5186999973710467,0.48388141779999577,0.03481857957105089
11,52,pr_auc,0.6820074963412849,0.6434605616597605,0.03854693468152437
12,53,pr_auc,0.6697990612383007,0.558159760519673,0.11163930071862771
13,54,pr_auc,0.7143403003817148,0.5670021611471379,0.14733813923457695
14,55,pr_auc,0.5706876723966524,0.340309051527416,0.23037862086923644
15,56,pr_auc,0.5510874789648316,0.4965794931113668,0.05450798585346478
16,57,pr_auc,0.6542179755411963,0.43905868432661593,0.21515929121458038
17,58,pr_auc,0.5423547349396896,0.5221509821571026,0.020203752782586903
18,59,pr_auc,0.4944932461910456,0.45904464543329754,0.03544860075774808
19,60,pr_auc,0.7097668417348146,0.5578601606695948,0.15190668106521987
20,61,pr_auc,0.885769997831829,0.7774255906650038,0.10834440716682514
21,62,pr_auc,0.6048747417156493,0.5010272021512825,0.10384753956436676
22,63,pr_auc,0.6746525027814937,0.6473927490159387,0.027259753765555006
23,64,pr_auc,0.6202601309234587,0.5579468950827744,0.06231323584068427
24,65,pr_auc,0.6391713047370834,0.49573813180666604,0.14343317293041735
25,66,pr_auc,0.6667404483013762,0.6390262972918175,0.027714151009558763
26,67,pr_auc,0.7104530150907195,0.6587265452042562,0.05172646988646323
27,68,pr_auc,0.5777853432058959,0.6654433434913939,-0.08765800028549797
28,69,pr_auc,0.6547073318924616,0.5737821549959159,0.08092517689654566
29,70,pr_auc,0.5830675267736822,0.44645426182629,0.13661326494739223
30,71,pr_auc,0.7876119427343904,0.6946634725693214,0.09294847016506902
