run,seed,algorithm,n_features,n_train,n_test,train_cases,test_cases,accuracy,balanced_accuracy,precision_1,recall_1,f1_1,roc_auc,pr_auc,tn,fp,fn,tp
1,42,random_forest,33,544,136,136,34,0.5,0.4892857142857143,0.4,0.42857142857142855,0.41379310344827586,0.5088169642857143,0.3925033419485801,44,36,32,24
1,42,logistic_regression,33,544,136,136,34,0.5514705882352942,0.5330357142857143,0.4528301886792453,0.42857142857142855,0.44036697247706424,0.5892857142857143,0.47257963382707524,51,29,32,24
2,43,random_forest,33,544,136,136,34,0.5588235294117647,0.5691287878787878,0.4142857142857143,0.6041666666666666,0.4915254237288136,0.5648674242424242,0.3949263054472744,47,41,19,29
2,43,logistic_regression,33,544,136,136,34,0.6323529411764706,0.6306818181818181,0.4838709677419355,0.625,0.5454545454545454,0.5930397727272727,0.44377932101798023,56,32,18,30
3,44,random_forest,33,544,136,136,34,0.5294117647058824,0.5277777777777778,0.5,0.5,0.5,0.6049262152777778,0.5177895636581553,40,32,32,32
3,44,logistic_regression,33,544,136,136,34,0.5735294117647058,0.5720486111111112,0.546875,0.546875,0.546875,0.66015625,0.6493326886285444,43,29,29,35
4,45,random_forest,33,544,136,136,34,0.6029411764705882,0.6029411764705883,0.6129032258064516,0.5588235294117647,0.5846153846153846,0.6296496539792388,0.5830304232589077,44,24,30,38
4,45,logistic_regression,33,544,136,136,34,0.6176470588235294,0.6176470588235294,0.6538461538461539,0.5,0.5666666666666667,0.6721453287197232,0.6145673808106895,50,18,34,34
5,46,random_forest,33,544,136,136,34,0.625,0.631140350877193,0.5616438356164384,0.6833333333333333,0.6165413533834586,0.6744517543859649,0.5965234643695679,44,32,19,41
5,46,logistic_regression,33,544,136,136,34,0.6397058823529411,0.6302631578947369,0.6,0.55,0.5739130434782609,0.7513157894736843,0.7196624275625557,54,22,27,33
6,47,random_forest,33,544,136,136,34,0.7058823529411765,0.6791208791208792,0.5510204081632653,0.6,0.574468085106383,0.7666666666666666,0.5533955197990601,69,22,18,27
6,47,logistic_regression,33,544,136,136,34,0.7132352941176471,0.6902319902319902,0.56,0.6222222222222222,0.5894736842105263,0.6869352869352869,0.4942060353609675,69,22,17,28
7,48,random_forest,33,544,136,136,34,0.625,0.6217486338797814,0.5806451612903226,0.5901639344262295,0.5853658536585366,0.7042622950819672,0.6203341315013278,49,26,25,36
7,48,logistic_regression,33,544,136,136,34,0.7352941176470589,0.7263387978142077,0.7358490566037735,0.639344262295082,0.6842105263157895,0.7844808743169398,0.6704536527649915,61,14,22,39
8,49,random_forest,33,544,136,136,34,0.5220588235294118,0.5189625108979947,0.47619047619047616,0.4838709677419355,0.48,0.5258282476024412,0.4505853496823596,41,33,32,30
8,49,logistic_regression,33,544,136,136,34,0.5882352941176471,0.5967741935483871,0.5375,0.6935483870967742,0.6056338028169014,0.6684829991281604,0.6334395134128418,37,37,19,43
9,50,random_forest,33,544,136,136,34,0.5735294117647058,0.61391345923978,0.7818181818181819,0.48314606741573035,0.5972222222222222,0.667344011475018,0.7684221016378096,35,12,46,43
9,50,logistic_regression,33,544,136,136,34,0.6470588235294118,0.7102557972746832,0.9183673469387755,0.5056179775280899,0.6521739130434783,0.7458761654315085,0.8577263654485134,43,4,44,45
10,51,random_forest,33,544,136,136,34,0.5220588235294118,0.5253521126760563,0.5,0.6,0.5454545454545454,0.5206933911159264,0.48388141779999577,32,39,26,39
10,51,logistic_regression,33,544,136,136,34,0.5,0.5029252437703142,0.4805194805194805,0.5692307692307692,0.5211267605633803,0.5258938244853738,0.5186999973710467,31,40,28,37
11,52,random_forest,33,544,136,136,34,0.6911764705882353,0.695124593716143,0.7543859649122807,0.6056338028169014,0.671875,0.6963163596966414,0.6434605616597605,51,14,28,43
11,52,logistic_regression,33,544,136,136,34,0.6764705882352942,0.6816901408450704,0.7547169811320755,0.5633802816901409,0.6451612903225806,0.7206933911159263,0.6820074963412849,52,13,31,40
12,53,random_forest,33,544,136,136,34,0.5147058823529411,0.5182291666666666,0.55,0.4583333333333333,0.5,0.5762803819444444,0.558159760519673,37,27,39,33
12,53,logistic_regression,33,544,136,136,34,0.5514705882352942,0.5572916666666666,0.6,0.4583333333333333,0.5196850393700787,0.662109375,0.6697990612383007,42,22,39,33
13,54,random_forest,33,544,136,136,34,0.5808823529411765,0.5856707979995651,0.5394736842105263,0.6507936507936508,0.5899280575539568,0.6086105675146771,0.5670021611471379,38,35,22,41
13,54,logistic_regression,33,544,136,136,34,0.6838235294117647,0.6859099804305284,0.6428571428571429,0.7142857142857143,0.6766917293233082,0.7321156773211568,0.7143403003817148,48,25,18,45
14,55,random_forest,33,544,136,136,34,0.4632352941176471,0.5296437963184317,0.3645833333333333,0.7446808510638298,0.48951048951048953,0.5105187664355726,0.340309051527416,28,61,12,35
14,55,logistic_regression,33,544,136,136,34,0.5735294117647058,0.6239540999282811,0.43529411764705883,0.7872340425531915,0.5606060606060606,0.6877838871623236,0.5706876723966524,41,48,10,37
15,56,random_forest,33,544,136,136,34,0.5441176470588235,0.5460069444444444,0.5138888888888888,0.578125,0.5441176470588235,0.5474175347222222,0.4965794931113668,37,35,27,37
15,56,logistic_regression,33,544,136,136,34,0.5882352941176471,0.5954861111111112,0.5476190476190477,0.71875,0.6216216216216216,0.6022135416666667,0.5510874789648316,34,38,18,46
16,57,random_forest,33,544,136,136,34,0.5514705882352942,0.5598214285714285,0.4657534246575342,0.6071428571428571,0.5271317829457365,0.5948660714285714,0.43905868432661593,41,39,22,34
16,57,logistic_regression,33,544,136,136,34,0.6764705882352942,0.6714285714285715,0.6,0.6428571428571429,0.6206896551724138,0.6694196428571428,0.6542179755411963,56,24,20,36
17,58,random_forest,33,544,136,136,34,0.5220588235294118,0.5275371974239396,0.4444444444444444,0.5614035087719298,0.49612403100775193,0.5792804796802131,0.5221509821571026,39,40,25,32
17,58,logistic_regression,33,544,136,136,34,0.5882352941176471,0.577170775038863,0.5087719298245614,0.5087719298245614,0.5087719298245614,0.6022651565622918,0.5423547349396896,51,28,28,29
18,59,random_forest,33,544,136,136,34,0.5514705882352942,0.5357539418165668,0.46296296296296297,0.43859649122807015,0.45045045045045046,0.5582944703530979,0.45904464543329754,50,29,32,25
18,59,logistic_regression,33,544,136,136,34,0.5588235294117647,0.5469686875416389,0.47368421052631576,0.47368421052631576,0.47368421052631576,0.5931601154785698,0.4944932461910456,49,30,30,27
19,60,random_forest,33,544,136,136,34,0.6323529411764706,0.6144688644688645,0.5185185185185185,0.5384615384615384,0.5283018867924528,0.6649496336996338,0.5578601606695948,58,26,24,28
19,60,logistic_regression,33,544,136,136,34,0.7352941176470589,0.7234432234432235,0.6481481481481481,0.6730769230769231,0.660377358490566,0.7912087912087913,0.7097668417348146,65,19,17,35
20,61,random_forest,33,544,136,136,34,0.5661764705882353,0.6058823529411764,0.76,0.4470588235294118,0.562962962962963,0.665282583621684,0.7774255906650038,39,12,47,38
20,61,logistic_regression,33,544,136,136,34,0.7132352941176471,0.7156862745098039,0.8108108108108109,0.7058823529411765,0.7547169811320755,0.8092272202998847,0.885769997831829,37,14,25,60
21,62,random_forest,33,544,136,136,34,0.5882352941176471,0.5927801012546775,0.5211267605633803,0.6271186440677966,0.5692307692307692,0.5812238608848779,0.5010272021512825,43,34,22,37
21,62,logistic_regression,33,544,136,136,34,0.625,0.6193044243891701,0.5666666666666667,0.576271186440678,0.5714285714285714,0.6790666960158486,0.6048747417156493,51,26,25,34
22,63,random_forest,33,544,136,136,34,0.6323529411764706,0.6301103179753407,0.6808510638297872,0.47761194029850745,0.5614035087719298,0.6562837983993078,0.6473927490159387,54,15,35,32
22,63,logistic_regression,33,544,136,136,34,0.5735294117647058,0.5719229937270172,0.5849056603773585,0.4626865671641791,0.5166666666666667,0.6805104910231452,0.6746525027814937,47,22,36,31
23,64,random_forest,33,544,136,136,34,0.5735294117647058,0.571397616468039,0.5573770491803278,0.5230769230769231,0.5396825396825397,0.6154929577464789,0.5579468950827744,44,27,31,34
23,64,logistic_regression,33,544,136,136,34,0.5588235294117647,0.5586132177681473,0.5373134328358209,0.5538461538461539,0.5454545454545454,0.6634886240520044,0.6202601309234587,40,31,29,36
24,65,random_forest,33,544,136,136,34,0.5882352941176471,0.5865116279069768,0.453125,0.58,0.5087719298245614,0.6465116279069768,0.49573813180666604,51,35,21,29
24,65,logistic_regression,33,544,136,136,34,0.7279411764705882,0.7262790697674418,0.6101694915254238,0.72,0.6605504587155964,0.7265116279069768,0.6391713047370834,63,23,14,36
25,66,random_forest,33,544,136,136,34,0.6544117647058824,0.6710323574730355,0.573170731707317,0.7966101694915254,0.6666666666666666,0.7262821923838872,0.6390262972918175,42,35,12,47
25,66,logistic_regression,33,544,136,136,34,0.6397058823529411,0.6441778560422629,0.5714285714285714,0.6779661016949152,0.6201550387596899,0.686550737398195,0.6667404483013762,47,30,19,40
26,67,random_forest,33,544,136,136,34,0.5882352941176471,0.5842013888888888,0.6025641025641025,0.6527777777777778,0.6266666666666667,0.6337890625,0.6587265452042562,33,31,25,47
26,67,logistic_regression,33,544,136,136,34,0.6102941176470589,0.6076388888888888,0.6266666666666667,0.6527777777777778,0.6394557823129252,0.6414930555555557,0.7104530150907195,36,28,25,47
27,68,random_forest,33,544,136,136,34,0.625,0.6218614718614719,0.6415094339622641,0.5151515151515151,0.5714285714285714,0.6825757575757576,0.6654433434913939,51,19,32,34
27,68,logistic_regression,33,544,136,136,34,0.5735294117647058,0.5718614718614718,0.5666666666666667,0.5151515151515151,0.5396825396825397,0.638095238095238,0.5777853432058959,44,26,32,34
28,69,random_forest,33,544,136,136,34,0.5294117647058824,0.5507373981950253,0.47191011235955055,0.711864406779661,0.5675675675675675,0.6140215716486902,0.5737821549959159,30,47,17,42
28,69,logistic_regression,33,544,136,136,34,0.6617647058823529,0.6656394453004623,0.5942028985507246,0.6949152542372882,0.640625,0.7175874972485142,0.6547073318924616,49,28,18,41
29,70,random_forest,33,544,136,136,34,0.5735294117647058,0.5647058823529412,0.4426229508196721,0.5294117647058824,0.48214285714285715,0.6311418685121107,0.44645426182629,51,34,24,27
29,70,logistic_regression,33,544,136,136,34,0.6838235294117647,0.6725490196078432,0.5714285714285714,0.6274509803921569,0.5981308411214953,0.7739331026528258,0.5830675267736822,61,24,19,32
30,71,random_forest,33,544,136,136,34,0.5441176470588235,0.5696428571428571,0.68,0.425,0.5230769230769231,0.5674107142857141,0.6946634725693214,40,16,46,34
30,71,logistic_regression,33,544,136,136,34,0.6617647058823529,0.6803571428571429,0.7931034482758621,0.575,0.6666666666666666,0.7598214285714285,0.7876119427343904,44,12,34,46
