accuracy,balanced_accuracy,precision_1,recall_1,f1_1,roc_auc,pr_auc,tn,fp,fn,tp,run,seed,model,n_train,n_test,test_cases
0.5367647058823529,0.5258928571428572,0.4406779661016949,0.4642857142857143,0.45217391304347826,0.5314732142857144,0.4071949816295385,47,33,30,26,1,42,logistic_regression,544,136,34
0.5,0.49464285714285716,0.40625,0.4642857142857143,0.43333333333333335,0.5092633928571428,0.41144975801228356,42,38,30,26,1,42,random_forest,544,136,34
0.47794117647058826,0.49715909090909094,0.35064935064935066,0.5625,0.432,0.587594696969697,0.42076465072487235,38,50,21,27,2,43,logistic_regression,544,136,34
0.5367647058823529,0.5757575757575758,0.40963855421686746,0.7083333333333334,0.5190839694656488,0.6007339015151515,0.4343652522520972,39,49,14,34,2,43,random_forest,544,136,34
0.5882352941176471,0.5972222222222222,0.5454545454545454,0.75,0.631578947368421,0.6293402777777778,0.5940910149400116,32,40,16,48,3,44,logistic_regression,544,136,34
0.5588235294117647,0.5590277777777778,0.5294117647058824,0.5625,0.5454545454545454,0.5813802083333334,0.5094750880971446,40,32,28,36,3,44,random_forest,544,136,34
0.47794117647058826,0.4779411764705882,0.47692307692307695,0.45588235294117646,0.46616541353383456,0.5605536332179931,0.5651537475593895,34,34,37,31,4,45,logistic_regression,544,136,34
0.5,0.5,0.5,0.5441176470588235,0.5211267605633803,0.49016003460207613,0.48692682672708176,31,37,31,37,4,45,random_forest,544,136,34
0.6470588235294118,0.6456140350877193,0.59375,0.6333333333333333,0.6129032258064516,0.6918859649122807,0.6147879197967032,50,26,22,38,5,46,logistic_regression,544,136,34
0.5147058823529411,0.518421052631579,0.4583333333333333,0.55,0.5,0.5518640350877193,0.44818061385198116,37,39,27,33,5,46,random_forest,544,136,34
0.6176470588235294,0.5907203907203906,0.4339622641509434,0.5111111111111111,0.46938775510204084,0.6708180708180708,0.4684607041815497,61,30,22,23,6,47,logistic_regression,544,136,34
0.6985294117647058,0.6792429792429793,0.5384615384615384,0.6222222222222222,0.5773195876288659,0.7072039072039072,0.5108141366629637,67,24,17,28,6,47,random_forest,544,136,34
0.6029411764705882,0.5986885245901639,0.5573770491803278,0.5573770491803278,0.5573770491803278,0.6526775956284153,0.5388469676407078,48,27,27,34,7,48,logistic_regression,544,136,34
0.5588235294117647,0.5586885245901639,0.5074626865671642,0.5573770491803278,0.53125,0.6059016393442622,0.5026317152700488,42,33,27,34,7,48,random_forest,544,136,34
0.49264705882352944,0.4906277244986922,0.4461538461538462,0.46774193548387094,0.4566929133858268,0.5152571926765475,0.4937903993275426,38,36,33,29,8,49,logistic_regression,544,136,34
0.47058823529411764,0.47035745422842196,0.4264705882352941,0.46774193548387094,0.4461538461538462,0.5223408892763732,0.4707225961661526,35,39,33,29,8,49,random_forest,544,136,34
0.6544117647058824,0.695792493425771,0.8620689655172413,0.5617977528089888,0.6802721088435374,0.7719340186469041,0.8795565161456482,39,8,39,50,9,50,logistic_regression,544,136,34
0.5367647058823529,0.5908438919435812,0.7708333333333334,0.4157303370786517,0.5401459854014599,0.6384174037771934,0.7343322051324476,36,11,52,37,9,50,random_forest,544,136,34
0.6029411764705882,0.60931744312026,0.5632183908045977,0.7538461538461538,0.6447368421052632,0.6710725893824485,0.6101581149214814,33,38,16,49,10,51,logistic_regression,544,136,34
0.49264705882352944,0.4965330444203684,0.475,0.5846153846153846,0.5241379310344828,0.5309859154929577,0.49459601126761005,29,42,27,38,10,51,random_forest,544,136,34
0.4852941176470588,0.48104008667388953,0.5061728395061729,0.5774647887323944,0.5394736842105263,0.49534127843986997,0.5386627122676422,25,40,30,41,11,52,logistic_regression,544,136,34
0.5441176470588235,0.5464788732394366,0.5737704918032787,0.49295774647887325,0.5303030303030303,0.5176598049837486,0.518719133190004,39,26,36,35,11,52,random_forest,544,136,34
0.4411764705882353,0.4487847222222222,0.46,0.3194444444444444,0.3770491803278688,0.5303819444444444,0.5286737818683154,37,27,49,23,12,53,logistic_regression,544,136,34
0.5073529411764706,0.515625,0.5510204081632653,0.375,0.4462809917355372,0.5833333333333333,0.544059704830961,42,22,45,27,12,53,random_forest,544,136,34
0.5147058823529411,0.5131550337029789,0.47692307692307695,0.49206349206349204,0.484375,0.4918460534898891,0.4425013319522937,39,34,32,31,13,54,logistic_regression,544,136,34
0.5220588235294118,0.5221787345075016,0.4852941176470588,0.5238095238095238,0.5038167938931297,0.5038051750380518,0.43864870820937585,38,35,30,33,13,54,random_forest,544,136,34
0.5882352941176471,0.6402103753287114,0.4470588235294118,0.8085106382978723,0.5757575757575758,0.7045182883098254,0.548421662485759,42,47,9,38,14,55,logistic_regression,544,136,34
0.36764705882352944,0.43150848673201053,0.30303030303030304,0.6382978723404256,0.410958904109589,0.42182644035381306,0.2966690467720109,20,69,17,30,14,55,random_forest,544,136,34
0.49264705882352944,0.5,0.47058823529411764,0.625,0.5369127516778524,0.4906684027777778,0.5106324699794275,27,45,24,40,15,56,logistic_regression,544,136,34
0.5220588235294118,0.5234375,0.49295774647887325,0.546875,0.5185185185185185,0.5294053819444444,0.4610418612285253,36,36,29,35,15,56,random_forest,544,136,34
0.5588235294117647,0.5633928571428571,0.4714285714285714,0.5892857142857143,0.5238095238095238,0.640625,0.5526869461169269,43,37,23,33,16,57,logistic_regression,544,136,34
0.5441176470588235,0.5696428571428571,0.46511627906976744,0.7142857142857143,0.5633802816901409,0.5618303571428571,0.42300721691118165,34,46,16,40,16,57,random_forest,544,136,34
0.5661764705882353,0.580168776371308,0.48717948717948717,0.6666666666666666,0.562962962962963,0.5980457472795914,0.5001966213544007,39,40,19,38,17,58,logistic_regression,544,136,34
0.45588235294117646,0.4705751721074839,0.3950617283950617,0.5614035087719298,0.463768115942029,0.46635576282478347,0.3872094650668053,30,49,25,32,17,58,random_forest,544,136,34
0.5220588235294118,0.5177659338218965,0.4375,0.49122807017543857,0.4628099173553719,0.5327559404841217,0.42524737516785166,43,36,29,28,18,59,logistic_regression,544,136,34
0.5073529411764706,0.4831223628691983,0.3958333333333333,0.3333333333333333,0.3619047619047619,0.547745947146347,0.4633408030769723,50,29,38,19,18,59,random_forest,544,136,34
0.6102941176470589,0.6002747252747254,0.4915254237288136,0.5576923076923077,0.5225225225225225,0.6394230769230769,0.5266739616704583,54,30,23,29,19,60,logistic_regression,544,136,34
0.5220588235294118,0.5068681318681318,0.3898305084745763,0.4423076923076923,0.4144144144144144,0.5501373626373626,0.4230019321803226,48,36,29,23,19,60,random_forest,544,136,34
0.5294117647058824,0.5450980392156862,0.6721311475409836,0.4823529411764706,0.5616438356164384,0.5787773933102653,0.6981215866399757,31,20,44,41,20,61,logistic_regression,544,136,34
0.5073529411764706,0.5588235294117647,0.7142857142857143,0.35294117647058826,0.47244094488188976,0.6163783160322952,0.6806193133654994,39,12,55,30,20,61,random_forest,544,136,34
0.5514705882352942,0.5563504292317851,0.4861111111111111,0.5932203389830508,0.5343511450381679,0.6273387629319833,0.5457353074888274,40,37,24,35,21,62,logistic_regression,544,136,34
0.5,0.5029716046665199,0.43661971830985913,0.5254237288135594,0.47692307692307695,0.536979969183359,0.4690725859144772,37,40,28,31,21,62,random_forest,544,136,34
0.5514705882352942,0.5501838632922345,0.5535714285714286,0.4626865671641791,0.5040650406504065,0.5606748864373783,0.5534413731515815,44,25,36,31,22,63,logistic_regression,544,136,34
0.5808823529411765,0.5783041315163314,0.6136363636363636,0.40298507462686567,0.4864864864864865,0.6415747350205494,0.6265355464358979,52,17,40,27,22,63,random_forest,544,136,34
0.6691176470588235,0.6707475622968582,0.6388888888888888,0.7076923076923077,0.6715328467153284,0.7219934994582882,0.6516645784739308,45,26,19,46,23,64,logistic_regression,544,136,34
0.5441176470588235,0.5406283856988082,0.5263157894736842,0.46153846153846156,0.4918032786885246,0.5874322860238353,0.528750608661607,44,27,35,30,23,64,random_forest,544,136,34
0.6470588235294118,0.653953488372093,0.5151515151515151,0.68,0.5862068965517241,0.695813953488372,0.5229543194924198,54,32,16,34,24,65,logistic_regression,544,136,34
0.5073529411764706,0.5309302325581395,0.3924050632911392,0.62,0.4806201550387597,0.5776744186046512,0.3964436553498072,38,48,19,31,24,65,random_forest,544,136,34
0.5735294117647058,0.5778120184899846,0.5070422535211268,0.6101694915254238,0.5538461538461539,0.5980629539951574,0.5319552961943272,42,35,23,36,25,66,logistic_regression,544,136,34
0.5588235294117647,0.5588817961699317,0.4925373134328358,0.559322033898305,0.5238095238095238,0.5942108738718909,0.49712248987719887,43,34,26,33,25,66,random_forest,544,136,34
0.6176470588235294,0.6154513888888888,0.6351351351351351,0.6527777777777778,0.6438356164383562,0.646484375,0.6718626054241221,37,27,25,47,26,67,logistic_regression,544,136,34
0.6323529411764706,0.6319444444444444,0.6571428571428571,0.6388888888888888,0.647887323943662,0.66015625,0.6262453042239909,40,24,26,46,26,67,random_forest,544,136,34
0.6029411764705882,0.6012987012987012,0.6,0.5454545454545454,0.5714285714285714,0.6794372294372295,0.5894554569296853,46,24,30,36,27,68,logistic_regression,544,136,34
0.5147058823529411,0.5103896103896104,0.5,0.36363636363636365,0.42105263157894735,0.6283549783549783,0.5994632691136559,46,24,42,24,27,68,random_forest,544,136,34
0.5441176470588235,0.5518379925159587,0.48,0.6101694915254238,0.5373134328358209,0.5582214395773718,0.4549529774063914,38,39,23,36,28,69,logistic_regression,544,136,34
0.5367647058823529,0.5473255558001321,0.47435897435897434,0.6271186440677966,0.5401459854014599,0.565265243231345,0.47361096963919413,36,41,22,37,28,69,random_forest,544,136,34
0.6470588235294118,0.6627450980392157,0.5211267605633803,0.7254901960784313,0.6065573770491803,0.6791234140715109,0.5474942311316686,51,34,14,37,29,70,logistic_regression,544,136,34
0.5661764705882353,0.5470588235294118,0.42857142857142855,0.47058823529411764,0.4485981308411215,0.6290657439446367,0.46840995411216285,53,32,27,24,29,70,random_forest,544,136,34
0.5441176470588235,0.5428571428571429,0.6285714285714286,0.55,0.5866666666666667,0.5814732142857142,0.635114594461247,30,26,36,44,30,71,logistic_regression,544,136,34
0.5,0.5080357142857144,0.5967741935483871,0.4625,0.5211267605633803,0.4868303571428571,0.5706260384935655,31,25,43,37,30,71,random_forest,544,136,34
