run,auc_baseline,auc_enriched,delta_auc
1,0.6540178571428572,0.5785714285714285,-0.07544642857142869
2,0.5482954545454546,0.6354166666666666,0.08712121212121204
3,0.6206597222222221,0.5703125,-0.0503472222222221
4,0.4826989619377163,0.5458477508650519,0.06314878892733561
5,0.5570175438596491,0.6315789473684211,0.07456140350877205
6,0.5068376068376068,0.6128205128205129,0.10598290598290605
7,0.4934426229508197,0.4672131147540984,-0.02622950819672132
8,0.6421098517872712,0.47384481255448996,-0.16826503923278124
9,0.6152283050442267,0.4928281137939278,-0.12240019125029883
10,0.5533044420368364,0.6356446370530878,0.08234019501625145
11,0.5689057421451787,0.5585048754062838,-0.010400866738894954
12,0.6527777777777778,0.6076388888888888,-0.04513888888888895
13,0.6648184387910415,0.510002174385736,-0.1548162644053055
14,0.5822376284962945,0.5607219698780779,-0.021515658618216582
15,0.626736111111111,0.6171875,-0.00954861111111105
16,0.7450892857142858,0.6794642857142856,-0.06562500000000016
17,0.5768376637797024,0.6230290917166333,0.046191427936930984
18,0.3840772818121252,0.4702420608483233,0.08616477903619812
19,0.7161172161172161,0.6510989010989011,-0.06501831501831501
20,0.5987312572087659,0.5539792387543252,-0.044752018454440656
21,0.4925159586176535,0.5867268324895443,0.09421087387189075
22,0.6596365996106426,0.6579061215660826,-0.0017304780445599466
23,0.5936078006500541,0.5862405200433369,-0.007367280606717208
24,0.6013953488372094,0.472093023255814,-0.12930232558139537
25,0.5695575610829848,0.48547215496368035,-0.08408540611930448
26,0.4735243055555555,0.47395833333333337,0.0004340277777778456
27,0.6731601731601732,0.6056277056277056,-0.06753246753246755
28,0.5611930442438917,0.5004402377283733,-0.0607528065155184
29,0.6845444059976932,0.48200692041522486,-0.2025374855824683
30,0.5223214285714286,0.6151785714285714,0.09285714285714275
