domain,rows_with_match,fraction_with_match,total_distinct_term_hits
filesystem,680,1.0,940
dependency,680,1.0,1820
web_output,680,1.0,920
error_handling,680,1.0,1600
network_api,344,0.5058823529411764,584
database,304,0.4470588235294118,740
explicit_security,188,0.27647058823529413,196
input_validation,152,0.2235294117647059,176
serialization,108,0.1588235294117647,184
command_exec,96,0.1411764705882353,120
permissions,92,0.13529411764705881,100
auth,88,0.12941176470588237,136
crypto_secret,52,0.07647058823529412,72
concurrency,28,0.041176470588235294,52
