feature,nonzero_rows,nonzero_fraction,mean,median,max,unique_values
sem_bullet_count,680,1.0,13.352941176470589,13.0,20.0,7
sem_constraint_count,680,1.0,17.4,17.0,24.0,10
sem_domain_count,680,1.0,6.341176470588235,6.0,10.0,7
sem_file_path_count,680,1.0,7.429411764705883,6.0,27.0,19
sem_has_relevant_files_section,680,1.0,1.0,1.0,1.0,1
sem_has_repository_context,680,1.0,1.0,1.0,1.0,1
sem_has_test_objective,680,1.0,1.0,1.0,1.0,1
sem_identifier_count,680,1.0,38.8,39.0,88.0,56
sem_imperative_count,680,1.0,8.564705882352941,8.0,25.0,17
sem_mentions_dependency,680,1.0,1.0,1.0,1.0,1
sem_mentions_error_handling,680,1.0,1.0,1.0,1.0,1
sem_mentions_filesystem,680,1.0,1.0,1.0,1.0,1
sem_mentions_web_output,680,1.0,1.0,1.0,1.0,1
sem_modal_count,680,1.0,3.2176470588235295,3.0,8.0,7
sem_negation_constraint_count,680,1.0,7.617647058823529,7.0,11.0,5
sem_requirement_count,680,1.0,18.570588235294117,18.0,26.0,9
sem_test_reference_count,680,1.0,4.676470588235294,3.0,19.0,16
sem_traceback_count,680,1.0,1.6764705882352942,1.0,19.0,11
sem_unique_file_path_count,680,1.0,1.611764705882353,1.0,10.0,7
sem_numeric_literal_count,664,0.9764705882352941,18.711764705882352,13.0,96.0,51
sem_security_term_count,492,0.7235294117647059,4.511764705882353,2.0,30.0,25
sem_mentions_network_api,344,0.5058823529411764,0.5058823529411764,1.0,1.0,2
sem_mentions_database,304,0.4470588235294118,0.4470588235294118,0.0,1.0,2
sem_url_count,232,0.3411764705882353,0.6235294117647059,0.0,7.0,8
sem_mentions_security,188,0.27647058823529413,0.27647058823529413,0.0,1.0,2
sem_mentions_crypto_secret,168,0.24705882352941178,0.24705882352941178,0.0,1.0,2
sem_question_count,168,0.24705882352941178,0.711764705882353,0.0,28.0,8
sem_mentions_input_validation,156,0.22941176470588234,0.22941176470588234,0.0,1.0,2
sem_mentions_auth,108,0.1588235294117647,0.1588235294117647,0.0,1.0,2
sem_mentions_serialization,108,0.1588235294117647,0.1588235294117647,0.0,1.0,2
sem_mentions_command_exec,96,0.1411764705882353,0.1411764705882353,0.0,1.0,2
sem_mentions_permissions,92,0.13529411764705881,0.13529411764705881,0.0,1.0,2
sem_code_block_count,68,0.1,0.19411764705882353,0.0,4.0,4
sem_mentions_concurrency,28,0.041176470588235294,0.041176470588235294,0.0,1.0,2
sem_has_explicit_security_guidance,0,0.0,0.0,0.0,0.0,1
