feature,importance
sem_numeric_literal_count,0.12382733638216421
sem_identifier_count,0.10602380265320868
sem_imperative_count,0.07397857743313714
sem_file_path_count,0.06717766560677634
sem_constraint_count,0.060536375875815465
sem_test_reference_count,0.060162385986389726
sem_security_term_count,0.05884472121873336
sem_requirement_count,0.04744978151827667
sem_domain_count,0.045658585840161685
sem_modal_count,0.03575871023357929
sem_unique_file_path_count,0.03095697591405825
sem_url_count,0.029621929123072138
sem_negation_constraint_count,0.028188579559681175
sem_mentions_command_exec,0.026110026614234803
sem_question_count,0.026087691307067028
sem_traceback_count,0.020128889927887306
sem_mentions_crypto_secret,0.018246573130942703
sem_bullet_count,0.017544917224097928
sem_mentions_security,0.017056497247423738
sem_code_block_count,0.016668759565111886
sem_mentions_serialization,0.015789772066876453
sem_mentions_database,0.01572983232369018
sem_mentions_network_api,0.014879933678423019
sem_mentions_input_validation,0.01439017525721573
sem_mentions_auth,0.012944356526313665
sem_mentions_permissions,0.01163306379390415
sem_mentions_concurrency,0.004604083991757222
sem_mentions_error_handling,0.0
sem_mentions_web_output,0.0
sem_mentions_dependency,0.0
sem_mentions_filesystem,0.0
sem_has_explicit_security_guidance,0.0
sem_has_test_objective,0.0
sem_has_relevant_files_section,0.0
sem_has_repository_context,0.0
