roc_auc,pr_auc,precision_1,recall_1,f1_1,balanced_accuracy,run,seed,classifier,feature_set,n_train,n_test,n_test_cases
0.4921875,0.39675540603700177,0.4305555555555556,0.5535714285714286,0.484375,0.5205357142857143,1,42,logistic_regression,Baseline,544,136,34
0.4889508928571428,0.4008559764700566,0.47540983606557374,0.5178571428571429,0.49572649572649574,0.5589285714285714,1,42,random_forest,Baseline,544,136,34
0.5285714285714286,0.4553019619976326,0.34615384615384615,0.32142857142857145,0.3333333333333333,0.4482142857142857,1,42,logistic_regression,Sensitive Operation,544,136,34
0.6517857142857143,0.5725855104973023,0.5357142857142857,0.5357142857142857,0.5357142857142857,0.6053571428571429,1,42,random_forest,Sensitive Operation,544,136,34
0.48928571428571427,0.4204848227953236,0.3695652173913043,0.6071428571428571,0.4594594594594595,0.44107142857142856,1,42,logistic_regression,Technical Specificity,544,136,34
0.5026785714285713,0.46901858062683366,0.4852941176470588,0.5892857142857143,0.532258064516129,0.5758928571428572,1,42,random_forest,Technical Specificity,544,136,34
0.5392857142857143,0.4508474118101134,0.40625,0.9285714285714286,0.5652173913043478,0.4892857142857143,1,42,logistic_regression,Structural / Constraint Signals,544,136,34
0.5366071428571428,0.46998081826816746,0.42857142857142855,0.8571428571428571,0.5714285714285714,0.5285714285714286,1,42,random_forest,Structural / Constraint Signals,544,136,34
0.5455357142857142,0.4993646061352097,0.4411764705882353,0.5357142857142857,0.4838709677419355,0.5303571428571429,1,42,logistic_regression,All Prompt Risk Features,544,136,34
0.599107142857143,0.5408641785518555,0.484375,0.5535714285714286,0.5166666666666667,0.5705357142857144,1,42,random_forest,All Prompt Risk Features,544,136,34
0.5560267857142857,0.48103176130032205,0.4461538461538462,0.5178571428571429,0.4793388429752066,0.5339285714285715,1,42,logistic_regression,Baseline + All Prompt Risk Features,544,136,34
0.5848214285714286,0.4869785773736553,0.5303030303030303,0.625,0.5737704918032787,0.61875,1,42,random_forest,Baseline + All Prompt Risk Features,544,136,34
0.5460464015151515,0.3813547717094924,0.4,0.5833333333333334,0.4745762711864407,0.553030303030303,2,43,logistic_regression,Baseline,544,136,34
0.5634469696969697,0.4246014317189349,0.43636363636363634,0.5,0.46601941747572817,0.5738636363636364,2,43,random_forest,Baseline,544,136,34
0.46259469696969696,0.4371197836732992,0.375,0.3125,0.3409090909090909,0.5142045454545454,2,43,logistic_regression,Sensitive Operation,544,136,34
0.5052083333333333,0.3965572154159332,0.375,0.625,0.46875,0.5284090909090909,2,43,random_forest,Sensitive Operation,544,136,34
0.6070075757575758,0.41964876321819966,0.45,0.5625,0.5,0.59375,2,43,logistic_regression,Technical Specificity,544,136,34
0.5558712121212122,0.4698128802960438,0.38095238095238093,0.6666666666666666,0.48484848484848486,0.5378787878787878,2,43,random_forest,Technical Specificity,544,136,34
0.3953598484848485,0.30541407712973956,0.2619047619047619,0.4583333333333333,0.3333333333333333,0.3768939393939394,2,43,logistic_regression,Structural / Constraint Signals,544,136,34
0.3963068181818181,0.30351625498684326,0.2619047619047619,0.4583333333333333,0.3333333333333333,0.3768939393939394,2,43,random_forest,Structural / Constraint Signals,544,136,34
0.5450994318181819,0.477173088004,0.421875,0.5625,0.48214285714285715,0.5710227272727273,2,43,logistic_regression,All Prompt Risk Features,544,136,34
0.4214015151515152,0.32857245366055055,0.3076923076923077,0.3333333333333333,0.32,0.46212121212121215,2,43,random_forest,All Prompt Risk Features,544,136,34
0.4597537878787879,0.3960850708547128,0.36507936507936506,0.4791666666666667,0.4144144144144144,0.5123106060606061,2,43,logistic_regression,Baseline + All Prompt Risk Features,544,136,34
0.41761363636363635,0.33128974459173754,0.26229508196721313,0.3333333333333333,0.29357798165137616,0.4109848484848485,2,43,random_forest,Baseline + All Prompt Risk Features,544,136,34
0.5456814236111112,0.5343452604266195,0.4782608695652174,0.6875,0.5641025641025641,0.5104166666666666,3,44,logistic_regression,Baseline,544,136,34
0.4190538194444444,0.4395829450159289,0.475,0.59375,0.5277777777777778,0.5052083333333334,3,44,random_forest,Baseline,544,136,34
0.6627604166666666,0.6476646294513727,0.7083333333333334,0.265625,0.38636363636363635,0.5842013888888888,3,44,logistic_regression,Sensitive Operation,544,136,34
0.5711805555555556,0.5095440409829114,0.5357142857142857,0.703125,0.6081081081081081,0.5807291666666666,3,44,random_forest,Sensitive Operation,544,136,34
0.6128472222222221,0.6167715339265478,0.5375,0.671875,0.5972222222222222,0.5789930555555556,3,44,logistic_regression,Technical Specificity,544,136,34
0.5911458333333333,0.5885285027678392,0.4868421052631579,0.578125,0.5285714285714286,0.5182291666666666,3,44,random_forest,Technical Specificity,544,136,34
0.42578125,0.43305589786586474,0.4166666666666667,0.46875,0.4411764705882353,0.44270833333333337,3,44,logistic_regression,Structural / Constraint Signals,544,136,34
0.39019097222222227,0.4342173181889071,0.42857142857142855,0.5625,0.4864864864864865,0.44791666666666663,3,44,random_forest,Structural / Constraint Signals,544,136,34
0.6649305555555556,0.6864629557094037,0.6153846153846154,0.5,0.5517241379310345,0.6111111111111112,3,44,logistic_regression,All Prompt Risk Features,544,136,34
0.5798611111111112,0.6041848649367274,0.45,0.28125,0.34615384615384615,0.4878472222222222,3,44,random_forest,All Prompt Risk Features,544,136,34
0.6662326388888888,0.6814026999137717,0.6363636363636364,0.546875,0.5882352941176471,0.6345486111111112,3,44,logistic_regression,Baseline + All Prompt Risk Features,544,136,34
0.5544704861111113,0.5560783742162738,0.5294117647058824,0.421875,0.46956521739130436,0.5442708333333333,3,44,random_forest,Baseline + All Prompt Risk Features,544,136,34
0.5255190311418685,0.48076259940595567,0.5166666666666667,0.45588235294117646,0.484375,0.5147058823529411,4,45,logistic_regression,Baseline,544,136,34
0.4618295847750865,0.47358380492113156,0.5352112676056338,0.5588235294117647,0.5467625899280576,0.5367647058823529,4,45,random_forest,Baseline,544,136,34
0.6172145328719724,0.6013082553245337,0.65,0.38235294117647056,0.48148148148148145,0.588235294117647,4,45,logistic_regression,Sensitive Operation,544,136,34
0.6085640138408305,0.5717717759193683,0.5714285714285714,0.47058823529411764,0.5161290322580645,0.5588235294117647,4,45,random_forest,Sensitive Operation,544,136,34
0.5025951557093425,0.5705512696652184,0.4523809523809524,0.5588235294117647,0.5,0.4411764705882353,4,45,logistic_regression,Technical Specificity,544,136,34
0.6418685121107266,0.6780187597415067,0.625,0.6617647058823529,0.6428571428571429,0.6323529411764706,4,45,random_forest,Technical Specificity,544,136,34
0.42733564013840825,0.46224933155080217,0.5078125,0.9558823529411765,0.6632653061224489,0.5147058823529412,4,45,logistic_regression,Structural / Constraint Signals,544,136,34
0.4576124567474048,0.4940535873440285,0.5083333333333333,0.8970588235294118,0.648936170212766,0.5147058823529412,4,45,random_forest,Structural / Constraint Signals,544,136,34
0.6495458477508651,0.5965346595594522,0.6785714285714286,0.5588235294117647,0.6129032258064516,0.6470588235294118,4,45,logistic_regression,All Prompt Risk Features,544,136,34
0.5951557093425606,0.64851774926895,0.5,0.38235294117647056,0.43333333333333335,0.5,4,45,random_forest,All Prompt Risk Features,544,136,34
0.6137543252595157,0.5510262894394928,0.65,0.5735294117647058,0.609375,0.6323529411764706,4,45,logistic_regression,Baseline + All Prompt Risk Features,544,136,34
0.5692041522491349,0.5579713426062097,0.5777777777777777,0.38235294117647056,0.46017699115044247,0.5514705882352942,4,45,random_forest,Baseline + All Prompt Risk Features,544,136,34
0.48662280701754385,0.4132554784835759,0.4583333333333333,0.55,0.5,0.518421052631579,5,46,logistic_regression,Baseline,544,136,34
0.531359649122807,0.4840139366319752,0.4523809523809524,0.6333333333333333,0.5277777777777778,0.5140350877192983,5,46,random_forest,Baseline,544,136,34
0.6000000000000001,0.5494419725621061,0.45454545454545453,0.3333333333333333,0.38461538461538464,0.5087719298245614,5,46,logistic_regression,Sensitive Operation,544,136,34
0.5394736842105263,0.5060364722924859,0.4868421052631579,0.6166666666666667,0.5441176470588235,0.5517543859649123,5,46,random_forest,Sensitive Operation,544,136,34
0.6000000000000001,0.5839308093675999,0.515625,0.55,0.532258064516129,0.5710526315789474,5,46,logistic_regression,Technical Specificity,544,136,34
0.556140350877193,0.5430249776227006,0.44642857142857145,0.4166666666666667,0.43103448275862066,0.5043859649122807,5,46,random_forest,Technical Specificity,544,136,34
0.5631578947368421,0.4723862696443342,0.5,0.9333333333333333,0.6511627906976745,0.5982456140350877,5,46,logistic_regression,Structural / Constraint Signals,544,136,34
0.45701754385964916,0.4234184987126164,0.3888888888888889,0.4666666666666667,0.42424242424242425,0.443859649122807,5,46,random_forest,Structural / Constraint Signals,544,136,34
0.7043859649122807,0.6797768650461264,0.5666666666666667,0.5666666666666667,0.5666666666666667,0.612280701754386,5,46,logistic_regression,All Prompt Risk Features,544,136,34
0.45,0.4741450249125792,0.4166666666666667,0.5,0.45454545454545453,0.4736842105263158,5,46,random_forest,All Prompt Risk Features,544,136,34
0.6938596491228071,0.6456446767217217,0.5849056603773585,0.5166666666666667,0.5486725663716814,0.6135964912280703,5,46,logistic_regression,Baseline + All Prompt Risk Features,544,136,34
0.468640350877193,0.4720953473666003,0.38571428571428573,0.45,0.4153846153846154,0.4421052631578948,5,46,random_forest,Baseline + All Prompt Risk Features,544,136,34
0.5799755799755799,0.38165186501600334,0.4,0.6222222222222222,0.48695652173913045,0.5803418803418803,6,47,logistic_regression,Baseline,544,136,34
0.5782661782661783,0.3891520735777544,0.4642857142857143,0.5777777777777777,0.5148514851485149,0.6240537240537241,6,47,random_forest,Baseline,544,136,34
0.6172161172161172,0.4085898669232002,0.4166666666666667,0.3333333333333333,0.37037037037037035,0.5512820512820513,6,47,logistic_regression,Sensitive Operation,544,136,34
0.5312576312576313,0.37031437788790733,0.38235294117647056,0.5777777777777777,0.46017699115044247,0.5581196581196581,6,47,random_forest,Sensitive Operation,544,136,34
0.5717948717948718,0.4506786109835981,0.38235294117647056,0.5777777777777777,0.46017699115044247,0.5581196581196581,6,47,logistic_regression,Technical Specificity,544,136,34
0.4262515262515263,0.3093842921784098,0.3125,0.3333333333333333,0.3225806451612903,0.4853479853479853,6,47,random_forest,Technical Specificity,544,136,34
0.5747252747252748,0.3791404788627011,0.3416666666666667,0.9111111111111111,0.49696969696969695,0.5214896214896215,6,47,logistic_regression,Structural / Constraint Signals,544,136,34
0.4711843711843712,0.32067386831275724,0.3425925925925926,0.8222222222222222,0.48366013071895425,0.5210012210012209,6,47,random_forest,Structural / Constraint Signals,544,136,34
0.6236874236874237,0.44359691764515263,0.5,0.6666666666666666,0.5714285714285714,0.6684981684981685,6,47,logistic_regression,All Prompt Risk Features,544,136,34
0.563980463980464,0.4647572286803786,0.4318181818181818,0.4222222222222222,0.42696629213483145,0.5737484737484737,6,47,random_forest,All Prompt Risk Features,544,136,34
0.6207570207570208,0.43396548172069105,0.4727272727272727,0.5777777777777777,0.52,0.6295482295482295,6,47,logistic_regression,Baseline + All Prompt Risk Features,544,136,34
0.6122100122100123,0.4281428168680295,0.45652173913043476,0.4666666666666667,0.46153846153846156,0.595970695970696,6,47,random_forest,Baseline + All Prompt Risk Features,544,136,34
0.5586885245901639,0.5337896921500664,0.4788732394366197,0.5573770491803278,0.5151515151515151,0.5320218579234972,7,48,logistic_regression,Baseline,544,136,34
0.505792349726776,0.45304242004987744,0.475,0.6229508196721312,0.5390070921985816,0.5314754098360656,7,48,random_forest,Baseline,544,136,34
0.6975956284153005,0.6591800411269775,0.6818181818181818,0.4918032786885246,0.5714285714285714,0.652568306010929,7,48,logistic_regression,Sensitive Operation,544,136,34
0.6092896174863387,0.5899823174257139,0.5526315789473685,0.6885245901639344,0.6131386861313869,0.6175956284153006,7,48,random_forest,Sensitive Operation,544,136,34
0.4986885245901639,0.4548452410828905,0.38235294117647056,0.4262295081967213,0.40310077519379844,0.43311475409836064,7,48,logistic_regression,Technical Specificity,544,136,34
0.6910382513661202,0.6372495302765915,0.5178571428571429,0.47540983606557374,0.49572649572649574,0.5577049180327869,7,48,random_forest,Technical Specificity,544,136,34
0.5397814207650273,0.4670970917155202,0.47115384615384615,0.8032786885245902,0.593939393939394,0.5349726775956284,7,48,logistic_regression,Structural / Constraint Signals,544,136,34
0.33606557377049173,0.3864610228015056,0.34375,0.5409836065573771,0.42038216560509556,0.35049180327868856,7,48,random_forest,Structural / Constraint Signals,544,136,34
0.7295081967213115,0.6632706502649605,0.625,0.5737704918032787,0.5982905982905983,0.6468852459016393,7,48,logistic_regression,All Prompt Risk Features,544,136,34
0.7233879781420764,0.7024905224336742,0.6785714285714286,0.6229508196721312,0.6495726495726496,0.6914754098360656,7,48,random_forest,All Prompt Risk Features,544,136,34
0.7344262295081967,0.659950488436752,0.6666666666666666,0.6229508196721312,0.6440677966101694,0.684808743169399,7,48,logistic_regression,Baseline + All Prompt Risk Features,544,136,34
0.6102732240437158,0.6087814301705872,0.5172413793103449,0.4918032786885246,0.5042016806722689,0.5592349726775956,7,48,random_forest,Baseline + All Prompt Risk Features,544,136,34
0.5923060156931125,0.5661656068791463,0.524390243902439,0.6935483870967742,0.5972222222222222,0.5832606800348736,8,49,logistic_regression,Baseline,544,136,34
0.5522013949433304,0.4897537126513545,0.5238095238095238,0.532258064516129,0.528,0.5634263295553619,8,49,random_forest,Baseline,544,136,34
0.6172624237140366,0.61306205338626,0.4659090909090909,0.6612903225806451,0.5466666666666666,0.513077593722755,8,49,logistic_regression,Sensitive Operation,544,136,34
0.4838709677419355,0.44184036686458733,0.4583333333333333,0.7096774193548387,0.5569620253164557,0.5034873583260681,8,49,random_forest,Sensitive Operation,544,136,34
0.49738448125544904,0.45632920661372806,0.44642857142857145,0.4032258064516129,0.423728813559322,0.49215344376634695,8,49,logistic_regression,Technical Specificity,544,136,34
0.48605056669572794,0.5000141483561097,0.4473684210526316,0.5483870967741935,0.4927536231884058,0.490409764603313,8,49,random_forest,Technical Specificity,544,136,34
0.5592850915431561,0.5202144162522845,0.46774193548387094,0.9354838709677419,0.6236559139784946,0.5217959895379249,8,49,logistic_regression,Structural / Constraint Signals,544,136,34
0.36922406277244985,0.41593860124695037,0.41346153846153844,0.6935483870967742,0.5180722891566265,0.43461203138622495,8,49,random_forest,Structural / Constraint Signals,544,136,34
0.6482127288578902,0.6858364929360619,0.5113636363636364,0.7258064516129032,0.6,0.572362685265911,8,49,logistic_regression,All Prompt Risk Features,544,136,34
0.48169136878814295,0.45417381639114585,0.4125,0.532258064516129,0.4647887323943662,0.44856146469049696,8,49,random_forest,All Prompt Risk Features,544,136,34
0.6822144725370531,0.6977359171198454,0.5232558139534884,0.7258064516129032,0.6081081081081081,0.5858761987794245,8,49,logistic_regression,Baseline + All Prompt Risk Features,544,136,34
0.539232781168265,0.48626369989552887,0.4186046511627907,0.5806451612903226,0.4864864864864865,0.4524847428073235,8,49,random_forest,Baseline + All Prompt Risk Features,544,136,34
0.6705713602677504,0.8038728860300765,0.7719298245614035,0.4943820224719101,0.6027397260273972,0.6088931388955295,9,50,logistic_regression,Baseline,544,136,34
0.7036815682524504,0.7673013940151916,0.7887323943661971,0.6292134831460674,0.7,0.6550322734879273,9,50,random_forest,Baseline,544,136,34
0.7734879273248864,0.851194643642074,0.9375,0.33707865168539325,0.49586776859504134,0.6472627300980158,9,50,logistic_regression,Sensitive Operation,544,136,34
0.7620129093951709,0.8424988889097144,0.8026315789473685,0.6853932584269663,0.7393939393939394,0.6831221611283768,9,50,random_forest,Sensitive Operation,544,136,34
0.5635907243605068,0.7161700086462872,0.71875,0.5168539325842697,0.6013071895424836,0.5669376045900072,9,50,logistic_regression,Technical Specificity,544,136,34
0.5004781257470714,0.6572727602906272,0.6944444444444444,0.5617977528089888,0.6211180124223602,0.546856323213005,9,50,random_forest,Technical Specificity,544,136,34
0.4837437245995697,0.6536667334825597,0.6304347826086957,0.651685393258427,0.6408839779005525,0.46414056896963907,9,50,logistic_regression,Structural / Constraint Signals,544,136,34
0.5267750418360029,0.6881098082353867,0.6730769230769231,0.7865168539325843,0.7253886010362695,0.5315562993067177,9,50,random_forest,Structural / Constraint Signals,544,136,34
0.7156347119292374,0.8268972608061178,0.8461538461538461,0.4943820224719101,0.624113475177305,0.6620846282572317,9,50,logistic_regression,All Prompt Risk Features,544,136,34
0.6745158976810902,0.8394562471396754,0.8076923076923077,0.47191011235955055,0.5957446808510638,0.629572077456371,9,50,random_forest,All Prompt Risk Features,544,136,34
0.7391824049725078,0.8463771714548304,0.8518518518518519,0.5168539325842697,0.6433566433566433,0.6733205833134115,9,50,logistic_regression,Baseline + All Prompt Risk Features,544,136,34
0.7140808032512551,0.8212582329150012,0.8181818181818182,0.4044943820224719,0.5413533834586466,0.6171408080325125,9,50,random_forest,Baseline + All Prompt Risk Features,544,136,34
0.5820151679306609,0.5818316593144386,0.5294117647058824,0.6923076923076923,0.6,0.5644637053087758,10,51,logistic_regression,Baseline,544,136,34
0.438353196099675,0.4444544038542614,0.4492753623188406,0.47692307692307695,0.4626865671641791,0.47085590465872157,10,51,random_forest,Baseline,544,136,34
0.3236186348862405,0.39601047884606766,0.35,0.3230769230769231,0.336,0.3868905742145179,10,51,logistic_regression,Sensitive Operation,544,136,34
0.43196099674972915,0.4416579119804926,0.4583333333333333,0.5076923076923077,0.48175182481751827,0.4791982665222102,10,51,random_forest,Sensitive Operation,544,136,34
0.40552546045503796,0.4977533160251091,0.43333333333333335,0.4,0.416,0.46056338028169014,10,51,logistic_regression,Technical Specificity,544,136,34
0.480931744312026,0.5067714773410514,0.4,0.36923076923076925,0.384,0.43109425785482125,10,51,random_forest,Technical Specificity,544,136,34
0.4501625135427953,0.4510070905108126,0.4326923076923077,0.6923076923076923,0.5325443786982249,0.43066088840736727,10,51,logistic_regression,Structural / Constraint Signals,544,136,34
0.44842903575297943,0.45527714932126695,0.4375,0.7538461538461538,0.5536723163841808,0.433261105092091,10,51,random_forest,Structural / Constraint Signals,544,136,34
0.3872156013001084,0.44181888225353194,0.375,0.36923076923076925,0.37209302325581395,0.4029252437703142,10,51,logistic_regression,All Prompt Risk Features,544,136,34
0.5255687973997833,0.5490834712112627,0.375,0.27692307692307694,0.3185840707964602,0.42719393282773566,10,51,random_forest,All Prompt Risk Features,544,136,34
0.4034669555796317,0.45055420351762343,0.35384615384615387,0.35384615384615387,0.35384615384615387,0.38114842903575297,10,51,logistic_regression,Baseline + All Prompt Risk Features,544,136,34
0.46067172264355366,0.43729966111795804,0.4117647058823529,0.3230769230769231,0.3620689655172414,0.45027085590465876,10,51,random_forest,Baseline + All Prompt Risk Features,544,136,34
0.5031419284940412,0.5119982943002637,0.5230769230769231,0.4788732394366197,0.5,0.5009750812567714,11,52,logistic_regression,Baseline,544,136,34
0.5741061755146262,0.5899301703349746,0.6049382716049383,0.6901408450704225,0.6447368421052632,0.5989165763813651,11,52,random_forest,Baseline,544,136,34
0.6235102925243771,0.6447337977394757,0.6964285714285714,0.5492957746478874,0.6141732283464567,0.643878656554713,11,52,logistic_regression,Sensitive Operation,544,136,34
0.5125677139761646,0.558374279727517,0.5441176470588235,0.5211267605633803,0.5323741007194245,0.5221018418201517,11,52,random_forest,Sensitive Operation,544,136,34
0.41202600216684726,0.4930898820164797,0.4605263157894737,0.49295774647887325,0.47619047619047616,0.43109425785482125,11,52,logistic_regression,Technical Specificity,544,136,34
0.42762730227518964,0.5214073189160374,0.4666666666666667,0.39436619718309857,0.42748091603053434,0.4510292524377031,11,52,random_forest,Technical Specificity,544,136,34
0.575406283856988,0.5721935175196525,0.5564516129032258,0.971830985915493,0.7076923076923077,0.5628385698808234,11,52,logistic_regression,Structural / Constraint Signals,544,136,34
0.47053087757313106,0.503553490057995,0.5234375,0.9436619718309859,0.6733668341708543,0.5026002166847237,11,52,random_forest,Structural / Constraint Signals,544,136,34
0.6949079089924161,0.6872867121539591,0.6333333333333333,0.5352112676056338,0.5801526717557252,0.5983748645720477,11,52,logistic_regression,All Prompt Risk Features,544,136,34
0.47616468039003246,0.4966517092283641,0.546875,0.49295774647887325,0.5185185185185185,0.5234019501625136,11,52,random_forest,All Prompt Risk Features,544,136,34
0.6541711809317443,0.6524025427688185,0.6610169491525424,0.5492957746478874,0.6,0.6208017334777898,11,52,logistic_regression,Baseline + All Prompt Risk Features,544,136,34
0.5035752979414951,0.5108480842962,0.4915254237288136,0.4084507042253521,0.4461538461538462,0.4734561213434453,11,52,random_forest,Baseline + All Prompt Risk Features,544,136,34
0.6065538194444444,0.5965263545902745,0.6071428571428571,0.4722222222222222,0.53125,0.5642361111111112,12,53,logistic_regression,Baseline,544,136,34
0.608615451388889,0.599261629550352,0.6153846153846154,0.5555555555555556,0.583941605839416,0.5824652777777778,12,53,random_forest,Baseline,544,136,34
0.6362847222222221,0.6472618980984283,0.6428571428571429,0.5,0.5625,0.59375,12,53,logistic_regression,Sensitive Operation,544,136,34
0.625,0.6204200247590096,0.6153846153846154,0.4444444444444444,0.5161290322580645,0.5659722222222222,12,53,random_forest,Sensitive Operation,544,136,34
0.4969618055555556,0.514925796693643,0.5535714285714286,0.4305555555555556,0.484375,0.5199652777777778,12,53,logistic_regression,Technical Specificity,544,136,34
0.4969618055555556,0.5272800711679388,0.5277777777777778,0.2638888888888889,0.35185185185185186,0.4991319444444444,12,53,random_forest,Technical Specificity,544,136,34
0.5651041666666667,0.5714660917785918,0.5446428571428571,0.8472222222222222,0.6630434782608695,0.5251736111111112,12,53,logistic_regression,Structural / Constraint Signals,544,136,34
0.5364583333333333,0.5586236734837304,0.5603448275862069,0.9027777777777778,0.6914893617021277,0.5529513888888888,12,53,random_forest,Structural / Constraint Signals,544,136,34
0.6928168402777777,0.7403240858675812,0.6764705882352942,0.6388888888888888,0.6571428571428571,0.6475694444444444,12,53,logistic_regression,All Prompt Risk Features,544,136,34
0.5885416666666667,0.5975608389618585,0.4583333333333333,0.1527777777777778,0.22916666666666666,0.4748263888888889,12,53,random_forest,All Prompt Risk Features,544,136,34
0.7358940972222222,0.7859661454341094,0.7014925373134329,0.6527777777777778,0.6762589928057554,0.6701388888888888,12,53,logistic_regression,Baseline + All Prompt Risk Features,544,136,34
0.5848524305555556,0.577256205877257,0.6666666666666666,0.3888888888888889,0.49122807017543857,0.5850694444444444,12,53,random_forest,Baseline + All Prompt Risk Features,544,136,34
0.5587084148727984,0.5153715048262781,0.47058823529411764,0.38095238095238093,0.42105263157894735,0.5055446836268753,13,54,logistic_regression,Baseline,544,136,34
0.5363122417916938,0.4709927873340051,0.44680851063829785,0.3333333333333333,0.38181818181818183,0.4885844748858448,13,54,random_forest,Baseline,544,136,34
0.7370080452272233,0.7090661513647605,0.6875,0.5238095238095238,0.5945945945945946,0.6591650358773646,13,54,logistic_regression,Sensitive Operation,544,136,34
0.6578604044357469,0.6402588150734814,0.5208333333333334,0.7936507936507936,0.6289308176100629,0.5817569036747119,13,54,random_forest,Sensitive Operation,544,136,34
0.5934985866492716,0.5666323536078564,0.5394736842105263,0.6507936507936508,0.5899280575539568,0.5856707979995651,13,54,logistic_regression,Technical Specificity,544,136,34
0.76397042835399,0.7322568800529006,0.6388888888888888,0.7301587301587301,0.6814814814814815,0.6869971732985432,13,54,random_forest,Technical Specificity,544,136,34
0.5739291150250054,0.5062513957603243,0.5,0.9206349206349206,0.6480446927374302,0.5630571863448576,13,54,logistic_regression,Structural / Constraint Signals,544,136,34
0.45042400521852577,0.4419111745799964,0.46153846153846156,0.7619047619047619,0.5748502994011976,0.4973907371167645,13,54,random_forest,Structural / Constraint Signals,544,136,34
0.7690802348336595,0.7755933722599055,0.625,0.7936507936507936,0.6993006993006993,0.6913459447706023,13,54,logistic_regression,All Prompt Risk Features,544,136,34
0.6491628614916286,0.6227323542002395,0.5416666666666666,0.6190476190476191,0.5777777777777777,0.5834964122635355,13,54,random_forest,All Prompt Risk Features,544,136,34
0.7486410089149815,0.6809001388638757,0.6075949367088608,0.7619047619047619,0.676056338028169,0.6686236138290933,13,54,logistic_regression,Baseline + All Prompt Risk Features,544,136,34
0.6210045662100456,0.5799522883417321,0.5555555555555556,0.5555555555555556,0.5555555555555556,0.5859969558599696,13,54,random_forest,Baseline + All Prompt Risk Features,544,136,34
0.6125986134353334,0.4643287109033418,0.40963855421686746,0.723404255319149,0.5230769230769231,0.58642122878317,14,55,logistic_regression,Baseline,544,136,34
0.5100406406885011,0.35022616594769784,0.358695652173913,0.7021276595744681,0.4748201438848921,0.5196031556299306,14,55,random_forest,Baseline,544,136,34
0.7342816160650252,0.6792792880334373,0.5,0.723404255319149,0.591304347826087,0.6706908917045182,14,55,logistic_regression,Sensitive Operation,544,136,34
0.5545063351661488,0.4078980150996636,0.38235294117647056,0.5531914893617021,0.45217391304347826,0.5406406885010757,14,55,random_forest,Sensitive Operation,544,136,34
0.6276595744680851,0.5590592787762654,0.4230769230769231,0.46808510638297873,0.4444444444444444,0.5655032273487928,14,55,logistic_regression,Technical Specificity,544,136,34
0.6965096820463782,0.4734911243672194,0.5263157894736842,0.851063829787234,0.6504065040650406,0.7232847238823811,14,55,random_forest,Technical Specificity,544,136,34
0.45266555103992345,0.322236328272406,0.33653846153846156,0.7446808510638298,0.46357615894039733,0.4846999760937126,14,55,logistic_regression,Structural / Constraint Signals,544,136,34
0.4670093234520679,0.34041931029962946,0.31,0.6595744680851063,0.4217687074829932,0.4421467846043509,14,55,random_forest,Structural / Constraint Signals,544,136,34
0.8143676786994979,0.7904990583279374,0.6666666666666666,0.851063829787234,0.7476635514018691,0.8131723643318193,14,55,logistic_regression,All Prompt Risk Features,544,136,34
0.6123595505617977,0.534337816289178,0.39285714285714285,0.46808510638297873,0.42718446601941745,0.5430313172364332,14,55,random_forest,All Prompt Risk Features,544,136,34
0.7912981114032991,0.7901757657834453,0.5692307692307692,0.7872340425531915,0.6607142857142857,0.7363136504900789,14,55,logistic_regression,Baseline + All Prompt Risk Features,544,136,34
0.6110447047573513,0.3848906340343423,0.42028985507246375,0.6170212765957447,0.5,0.5837915371742768,14,55,random_forest,Baseline + All Prompt Risk Features,544,136,34
0.556640625,0.524396231268677,0.5223880597014925,0.546875,0.5343511450381679,0.5512152777777778,15,56,logistic_regression,Baseline,544,136,34
0.4756944444444444,0.4564472361674882,0.4411764705882353,0.46875,0.45454545454545453,0.4704861111111111,15,56,random_forest,Baseline,544,136,34
0.5815972222222221,0.5225210336538462,0.5,0.375,0.42857142857142855,0.5208333333333333,15,56,logistic_regression,Sensitive Operation,544,136,34
0.5,0.5311735108941709,0.46875,0.46875,0.46875,0.4982638888888889,15,56,random_forest,Sensitive Operation,544,136,34
0.4991319444444444,0.5283361267537932,0.4375,0.546875,0.4861111111111111,0.4609375,15,56,logistic_regression,Technical Specificity,544,136,34
0.5807291666666667,0.5430124025287637,0.5657894736842105,0.671875,0.6142857142857143,0.6067708333333333,15,56,random_forest,Technical Specificity,544,136,34
0.3732638888888889,0.4149075112999745,0.4621212121212121,0.953125,0.6224489795918368,0.4835069444444444,15,56,logistic_regression,Structural / Constraint Signals,544,136,34
0.4305555555555556,0.44120758655024517,0.4583333333333333,0.6875,0.55,0.4826388888888889,15,56,random_forest,Structural / Constraint Signals,544,136,34
0.5859375,0.549892760796068,0.5,0.65625,0.5675675675675675,0.5364583333333334,15,56,logistic_regression,All Prompt Risk Features,544,136,34
0.4835069444444444,0.5521589915979468,0.4342105263157895,0.515625,0.4714285714285714,0.4592013888888889,15,56,random_forest,All Prompt Risk Features,544,136,34
0.6193576388888888,0.5598993354174376,0.5542168674698795,0.71875,0.6258503401360545,0.6024305555555556,15,56,logistic_regression,Baseline + All Prompt Risk Features,544,136,34
0.5887586805555556,0.5483920434334726,0.5205479452054794,0.59375,0.5547445255474452,0.5538194444444444,15,56,random_forest,Baseline + All Prompt Risk Features,544,136,34
0.5068080357142857,0.4063147298433537,0.4246575342465753,0.5535714285714286,0.4806201550387597,0.5142857142857142,16,57,logistic_regression,Baseline,544,136,34
0.5412946428571429,0.43835821754080645,0.47540983606557374,0.5178571428571429,0.49572649572649574,0.5589285714285714,16,57,random_forest,Baseline,544,136,34
0.6174107142857143,0.5465956539833268,0.5,0.6071428571428571,0.5483870967741935,0.5910714285714285,16,57,logistic_regression,Sensitive Operation,544,136,34
0.6066964285714286,0.5381203022161354,0.44565217391304346,0.7321428571428571,0.5540540540540541,0.5473214285714285,16,57,random_forest,Sensitive Operation,544,136,34
0.6580357142857142,0.5396689212285409,0.5394736842105263,0.7321428571428571,0.6212121212121212,0.6473214285714286,16,57,logistic_regression,Technical Specificity,544,136,34
0.5196428571428571,0.4235700066383122,0.40625,0.4642857142857143,0.43333333333333335,0.49464285714285716,16,57,random_forest,Technical Specificity,544,136,34
0.5424107142857143,0.43736792303587535,0.41935483870967744,0.9285714285714286,0.5777777777777777,0.5142857142857143,16,57,logistic_regression,Structural / Constraint Signals,544,136,34
0.45669642857142856,0.3968510962077139,0.4326923076923077,0.8035714285714286,0.5625,0.5330357142857143,16,57,random_forest,Structural / Constraint Signals,544,136,34
0.6502232142857143,0.6636499129181787,0.4625,0.6607142857142857,0.5441176470588235,0.5616071428571429,16,57,logistic_regression,All Prompt Risk Features,544,136,34
0.5178571428571428,0.40925099394549275,0.40625,0.4642857142857143,0.43333333333333335,0.49464285714285716,16,57,random_forest,All Prompt Risk Features,544,136,34
0.6343749999999999,0.6439884439929876,0.5072463768115942,0.625,0.56,0.6,16,57,logistic_regression,Baseline + All Prompt Risk Features,544,136,34
0.5363839285714287,0.4119979432786131,0.4444444444444444,0.5714285714285714,0.5,0.5357142857142857,16,57,random_forest,Baseline + All Prompt Risk Features,544,136,34
0.5664001776593381,0.48377903527609806,0.42857142857142855,0.5263157894736842,0.47244094488188976,0.5099933377748168,17,58,logistic_regression,Baseline,544,136,34
0.5902731512325117,0.5008533030973442,0.5,0.45614035087719296,0.47706422018348627,0.5635132134132801,17,58,random_forest,Baseline,544,136,34
0.48090162114146123,0.49676073602441306,0.5,0.3157894736842105,0.3870967741935484,0.5439706862091939,17,58,logistic_regression,Sensitive Operation,544,136,34
0.4524761270264268,0.4434551455517877,0.3815789473684211,0.5087719298245614,0.43609022556390975,0.45691761048190094,17,58,random_forest,Sensitive Operation,544,136,34
0.6567843659782366,0.5487765123888849,0.5119047619047619,0.7543859649122807,0.6099290780141844,0.6176993115700644,17,58,logistic_regression,Technical Specificity,544,136,34
0.6576726626693316,0.5244243367870527,0.5735294117647058,0.6842105263157895,0.624,0.6585609593604265,17,58,random_forest,Technical Specificity,544,136,34
0.6727737064179434,0.5312737573099415,0.45,0.9473684210526315,0.6101694915254238,0.5559626915389739,17,58,logistic_regression,Structural / Constraint Signals,544,136,34
0.33433266711081494,0.3897029505582137,0.421875,0.9473684210526315,0.5837837837837838,0.5053297801465689,17,58,random_forest,Structural / Constraint Signals,544,136,34
0.5750610703975128,0.4890708009877336,0.4230769230769231,0.38596491228070173,0.4036697247706422,0.5031090384188319,17,58,logistic_regression,All Prompt Risk Features,544,136,34
0.5750610703975128,0.5007708487851231,0.4230769230769231,0.38596491228070173,0.4036697247706422,0.5031090384188319,17,58,random_forest,All Prompt Risk Features,544,136,34
0.5940484121696646,0.5122575432734662,0.5344827586206896,0.543859649122807,0.5391304347826087,0.6010437486120364,17,58,logistic_regression,Baseline + All Prompt Risk Features,544,136,34
0.6040417499444815,0.5142355623267318,0.4489795918367347,0.38596491228070173,0.41509433962264153,0.5220963801909837,17,58,random_forest,Baseline + All Prompt Risk Features,544,136,34
0.5461914279369309,0.4401880011269276,0.45161290322580644,0.49122807017543857,0.47058823529411764,0.5304241616699978,18,59,logistic_regression,Baseline,544,136,34
0.49933377748167884,0.41499462979153,0.38961038961038963,0.5263157894736842,0.44776119402985076,0.46568954030646237,18,59,random_forest,Baseline,544,136,34
0.5501887630468576,0.47975674556120596,0.4318181818181818,0.3333333333333333,0.37623762376237624,0.5084388185654009,18,59,logistic_regression,Sensitive Operation,544,136,34
0.5111037086386854,0.43928243299819403,0.40476190476190477,0.5964912280701754,0.48226950354609927,0.4817899178325561,18,59,random_forest,Sensitive Operation,544,136,34
0.5679546968687541,0.46037154227521115,0.4411764705882353,0.5263157894736842,0.48,0.522651565622918,18,59,logistic_regression,Technical Specificity,544,136,34
0.40628469908949594,0.45262102008460703,0.38333333333333336,0.40350877192982454,0.39316239316239315,0.4675771707750388,18,59,random_forest,Technical Specificity,544,136,34
0.4840106595602931,0.4101932639084342,0.4318181818181818,1.0,0.6031746031746031,0.5253164556962026,18,59,logistic_regression,Structural / Constraint Signals,544,136,34
0.5248723073506552,0.4337787561352372,0.4375,0.7368421052631579,0.5490196078431373,0.5266489007328448,18,59,random_forest,Structural / Constraint Signals,544,136,34
0.6088163446591162,0.5235304220554644,0.5666666666666667,0.5964912280701754,0.5811965811965812,0.6336886520097713,18,59,logistic_regression,All Prompt Risk Features,544,136,34
0.5306462358427715,0.4923162642298798,0.4166666666666667,0.2631578947368421,0.3225806451612903,0.4986675549633578,18,59,random_forest,All Prompt Risk Features,544,136,34
0.5629580279813458,0.48483326291054896,0.47619047619047616,0.5263157894736842,0.5,0.5542971352431711,18,59,logistic_regression,Baseline + All Prompt Risk Features,544,136,34
0.49211636686653343,0.43634548196197287,0.42,0.3684210526315789,0.3925233644859813,0.5006662225183212,18,59,random_forest,Baseline + All Prompt Risk Features,544,136,34
0.4750457875457875,0.3634951350739407,0.3684210526315789,0.5384615384615384,0.4375,0.48351648351648346,19,60,logistic_regression,Baseline,544,136,34
0.5868818681318682,0.46258253419768475,0.43373493975903615,0.6923076923076923,0.5333333333333333,0.5663919413919414,19,60,random_forest,Baseline,544,136,34
0.6785714285714286,0.5913534616876028,0.4642857142857143,0.5,0.48148148148148145,0.5714285714285714,19,60,logistic_regression,Sensitive Operation,544,136,34
0.5796703296703297,0.4333510185238275,0.4444444444444444,0.6153846153846154,0.5161290322580645,0.5695970695970696,19,60,random_forest,Sensitive Operation,544,136,34
0.5393772893772893,0.461697475415366,0.4166666666666667,0.4807692307692308,0.44642857142857145,0.532051282051282,19,60,logistic_regression,Technical Specificity,544,136,34
0.652014652014652,0.606710915652448,0.475,0.7307692307692307,0.5757575757575758,0.6153846153846154,19,60,random_forest,Technical Specificity,544,136,34
0.5137362637362637,0.3887344913151365,0.39,0.75,0.5131578947368421,0.5119047619047619,19,60,logistic_regression,Structural / Constraint Signals,544,136,34
0.45329670329670335,0.3634905081477662,0.36607142857142855,0.7884615384615384,0.5,0.4716117216117216,19,60,random_forest,Structural / Constraint Signals,544,136,34
0.75,0.7350700651687492,0.6153846153846154,0.6153846153846154,0.6153846153846154,0.6886446886446886,19,60,logistic_regression,All Prompt Risk Features,544,136,34
0.6263736263736265,0.5381678981103095,0.5,0.6923076923076923,0.5806451612903226,0.6318681318681318,19,60,random_forest,All Prompt Risk Features,544,136,34
0.7186355311355311,0.6794763991068671,0.6153846153846154,0.6153846153846154,0.6153846153846154,0.6886446886446886,19,60,logistic_regression,Baseline + All Prompt Risk Features,544,136,34
0.6639194139194139,0.5478601751037773,0.5522388059701493,0.7115384615384616,0.6218487394957983,0.6771978021978022,19,60,random_forest,Baseline + All Prompt Risk Features,544,136,34
0.544405997693195,0.6710556136975079,0.6470588235294118,0.5176470588235295,0.5751633986928104,0.5235294117647059,20,61,logistic_regression,Baseline,544,136,34
0.4077277970011534,0.5607617529373865,0.5764705882352941,0.5764705882352941,0.5764705882352941,0.43529411764705883,20,61,random_forest,Baseline,544,136,34
0.6254901960784314,0.7449851647746732,0.7023809523809523,0.6941176470588235,0.6982248520710059,0.6019607843137255,20,61,logistic_regression,Sensitive Operation,544,136,34
0.7002306805074971,0.7726213066184798,0.7368421052631579,0.6588235294117647,0.6956521739130435,0.6333333333333333,20,61,random_forest,Sensitive Operation,544,136,34
0.44648212226066897,0.6166975985658065,0.5657894736842105,0.5058823529411764,0.5341614906832298,0.4294117647058824,20,61,logistic_regression,Technical Specificity,544,136,34
0.5286043829296424,0.6595008922230226,0.6323529411764706,0.5058823529411764,0.5620915032679739,0.5078431372549019,20,61,random_forest,Technical Specificity,544,136,34
0.6356401384083046,0.694607633794511,0.7,0.9882352941176471,0.8195121951219512,0.6411764705882353,20,61,logistic_regression,Structural / Constraint Signals,544,136,34
0.513840830449827,0.6305188194158782,0.6634615384615384,0.8117647058823529,0.7301587301587301,0.5627450980392157,20,61,random_forest,Structural / Constraint Signals,544,136,34
0.7265282583621684,0.8035696965777246,0.7105263157894737,0.6352941176470588,0.6708074534161491,0.6019607843137255,20,61,logistic_regression,All Prompt Risk Features,544,136,34
0.6167243367935409,0.777884469678483,0.75,0.38823529411764707,0.5116279069767442,0.5862745098039216,20,61,random_forest,All Prompt Risk Features,544,136,34
0.7554786620530565,0.8387063840741216,0.76,0.6705882352941176,0.7125,0.6588235294117647,20,61,logistic_regression,Baseline + All Prompt Risk Features,544,136,34
0.6468281430219147,0.794137189659563,0.7457627118644068,0.5176470588235295,0.6111111111111112,0.611764705882353,20,61,random_forest,Baseline + All Prompt Risk Features,544,136,34
0.5899185560202509,0.5238893532539622,0.5074626865671642,0.576271186440678,0.5396825396825397,0.5738498789346247,21,62,logistic_regression,Baseline,544,136,34
0.6349328637464231,0.5484274162296356,0.5,0.6271186440677966,0.556390977443609,0.573299581774158,21,62,random_forest,Baseline,544,136,34
0.5801232665639445,0.5248373217112474,0.5416666666666666,0.4406779661016949,0.48598130841121495,0.5774818401937046,21,62,logistic_regression,Sensitive Operation,544,136,34
0.6813779440898086,0.5654057025229797,0.5357142857142857,0.7627118644067796,0.6293706293706294,0.6281091789566365,21,62,random_forest,Sensitive Operation,544,136,34
0.5162887959498128,0.5510168744103962,0.39285714285714285,0.3728813559322034,0.3826086956521739,0.4656614571868809,21,62,logistic_regression,Technical Specificity,544,136,34
0.5620735197006383,0.516107623672535,0.47,0.7966101694915254,0.5911949685534591,0.5541492405899185,21,62,random_forest,Technical Specificity,544,136,34
0.4669821703720009,0.4224075846226636,0.4642857142857143,0.8813559322033898,0.6081871345029239,0.5510675764913053,21,62,logistic_regression,Structural / Constraint Signals,544,136,34
0.44320933303984145,0.4228094625909801,0.4583333333333333,0.7457627118644068,0.567741935483871,0.5352190182698657,21,62,random_forest,Structural / Constraint Signals,544,136,34
0.6465991635483161,0.5653284746943426,0.6041666666666666,0.4915254237288136,0.5420560747663551,0.6223860884877834,21,62,logistic_regression,All Prompt Risk Features,544,136,34
0.572639225181598,0.48751874441130755,0.5357142857142857,0.5084745762711864,0.5217391304347826,0.5854061193044244,21,62,random_forest,All Prompt Risk Features,544,136,34
0.672903367818622,0.5762001589069531,0.5918367346938775,0.4915254237288136,0.5370370370370371,0.6158925819942769,21,62,logistic_regression,Baseline + All Prompt Risk Features,544,136,34
0.5432533568126788,0.4493912076572657,0.4727272727272727,0.4406779661016949,0.45614035087719296,0.5320272947391591,21,62,random_forest,Baseline + All Prompt Risk Features,544,136,34
0.4964308890330954,0.5272516284237515,0.4794520547945205,0.5223880597014925,0.5,0.48583171101016653,22,63,logistic_regression,Baseline,544,136,34
0.5048669695003245,0.5111539172045809,0.5172413793103449,0.44776119402985076,0.48,0.5209820462902877,22,63,random_forest,Baseline,544,136,34
0.6518494484101233,0.6423771567526477,0.7142857142857143,0.29850746268656714,0.42105263157894735,0.5912827168505299,22,63,logistic_regression,Sensitive Operation,544,136,34
0.6968418775686783,0.6287159284964378,0.625,0.5223880597014925,0.5691056910569106,0.609020116807268,22,63,random_forest,Sensitive Operation,544,136,34
0.6899199653904391,0.7086885402985293,0.5416666666666666,0.582089552238806,0.5611510791366906,0.5519143413367943,22,63,logistic_regression,Technical Specificity,544,136,34
0.5592688730261735,0.5718088584320504,0.6153846153846154,0.47761194029850745,0.5378151260504201,0.5938784339173697,22,63,random_forest,Technical Specificity,544,136,34
0.46365996106424395,0.46652038104929894,0.5234375,1.0,0.6871794871794872,0.5579710144927537,22,63,logistic_regression,Structural / Constraint Signals,544,136,34
0.5017304780445598,0.5098175571184169,0.484375,0.4626865671641791,0.4732824427480916,0.49221284879948085,22,63,random_forest,Structural / Constraint Signals,544,136,34
0.7210685701925156,0.7417884969402266,0.5961538461538461,0.4626865671641791,0.5210084033613446,0.5791693705386113,22,63,logistic_regression,All Prompt Risk Features,544,136,34
0.581765087605451,0.5403371113079863,0.5227272727272727,0.34328358208955223,0.4144144144144144,0.5194678780012978,22,63,random_forest,All Prompt Risk Features,544,136,34
0.7341553104044992,0.7268435485518442,0.6296296296296297,0.5074626865671642,0.5619834710743802,0.6088038070516981,22,63,logistic_regression,Baseline + All Prompt Risk Features,544,136,34
0.5422885572139303,0.5240493605337224,0.5384615384615384,0.417910447761194,0.47058823529411764,0.5350421804023362,22,63,random_forest,Baseline + All Prompt Risk Features,544,136,34
0.6177681473456121,0.5853578229243057,0.5176470588235295,0.676923076923077,0.5866666666666667,0.5497291440953413,23,64,logistic_regression,Baseline,544,136,34
0.5346695557963164,0.4679270202693238,0.41379310344827586,0.36923076923076925,0.3902439024390244,0.44517876489707475,23,64,random_forest,Baseline,544,136,34
0.5299024918743228,0.5809851789662895,0.5357142857142857,0.46153846153846156,0.49586776859504134,0.5476706392199351,23,64,logistic_regression,Sensitive Operation,544,136,34
0.5957746478873239,0.5861302484949378,0.5294117647058824,0.5538461538461539,0.5413533834586466,0.5515709642470206,23,64,random_forest,Sensitive Operation,544,136,34
0.528169014084507,0.4812060575214733,0.5416666666666666,0.6,0.5693430656934306,0.5676056338028168,23,64,logistic_regression,Technical Specificity,544,136,34
0.633911159263272,0.5442221935905046,0.5416666666666666,0.6,0.5693430656934306,0.5676056338028168,23,64,random_forest,Technical Specificity,544,136,34
0.46663055254604546,0.4698776054681498,0.4375,0.6461538461538462,0.5217391304347826,0.44279523293607803,23,64,logistic_regression,Structural / Constraint Signals,544,136,34
0.47703141928494047,0.45583923349409383,0.46296296296296297,0.7692307692307693,0.5780346820809249,0.4761646803900325,23,64,random_forest,Structural / Constraint Signals,544,136,34
0.6020585048754062,0.6200451787248571,0.578125,0.5692307692307692,0.5736434108527132,0.594474539544962,23,64,logistic_regression,All Prompt Risk Features,544,136,34
0.5628385698808235,0.5225205017868305,0.4852941176470588,0.5076923076923077,0.49624060150375937,0.5073672806067172,23,64,random_forest,All Prompt Risk Features,544,136,34
0.6136511375947995,0.6241255521380138,0.5757575757575758,0.5846153846153846,0.5801526717557252,0.595124593716143,23,64,logistic_regression,Baseline + All Prompt Risk Features,544,136,34
0.5570964247020584,0.5074456899228815,0.5522388059701493,0.5692307692307692,0.5606060606060606,0.5733477789815817,23,64,random_forest,Baseline + All Prompt Risk Features,544,136,34
0.6090697674418604,0.4528391346859686,0.37623762376237624,0.76,0.5033112582781457,0.5137209302325582,24,65,logistic_regression,Baseline,544,136,34
0.5551162790697675,0.3942636422624236,0.42424242424242425,0.56,0.4827586206896552,0.5590697674418605,24,65,random_forest,Baseline,544,136,34
0.6706976744186046,0.6124815299789724,0.6363636363636364,0.56,0.5957446808510638,0.6869767441860466,24,65,logistic_regression,Sensitive Operation,544,136,34
0.6441860465116279,0.559658817079735,0.4852941176470588,0.66,0.559322033898305,0.6265116279069768,24,65,random_forest,Sensitive Operation,544,136,34
0.5344186046511628,0.4272113775487312,0.3333333333333333,0.48,0.39344262295081966,0.46093023255813953,24,65,logistic_regression,Technical Specificity,544,136,34
0.7372093023255815,0.5985337301587301,0.55,0.66,0.6,0.6730232558139535,24,65,random_forest,Technical Specificity,544,136,34
0.4297674418604651,0.3365673356503566,0.33695652173913043,0.62,0.43661971830985913,0.4553488372093023,24,65,logistic_regression,Structural / Constraint Signals,544,136,34
0.41581395348837213,0.33623655075104397,0.33653846153846156,0.7,0.45454545454545453,0.44883720930232557,24,65,random_forest,Structural / Constraint Signals,544,136,34
0.6488372093023256,0.5834392121281985,0.4431818181818182,0.78,0.5652173913043478,0.6051162790697675,24,65,logistic_regression,All Prompt Risk Features,544,136,34
0.6544186046511627,0.6158823393382217,0.5,0.64,0.5614035087719298,0.633953488372093,24,65,random_forest,All Prompt Risk Features,544,136,34
0.6665116279069768,0.6425997055656629,0.4666666666666667,0.7,0.56,0.6174418604651162,24,65,logistic_regression,Baseline + All Prompt Risk Features,544,136,34
0.7058139534883721,0.6594268761087568,0.5373134328358209,0.72,0.6153846153846154,0.6797674418604651,24,65,random_forest,Baseline + All Prompt Risk Features,544,136,34
0.5219018269865728,0.455395485371884,0.4411764705882353,0.5084745762711864,0.47244094488188976,0.5074840413823465,25,66,logistic_regression,Baseline,544,136,34
0.6045564604886637,0.4889559698870635,0.5061728395061729,0.6949152542372882,0.5857142857142857,0.5877173673783843,25,66,random_forest,Baseline,544,136,34
0.40710983931322914,0.4684931164990986,0.40476190476190477,0.576271186440678,0.4755244755244755,0.4634602685450143,25,66,logistic_regression,Sensitive Operation,544,136,34
0.4484921857803214,0.45704189764945,0.36363636363636365,0.5423728813559322,0.43537414965986393,0.40755007704160245,25,66,random_forest,Sensitive Operation,544,136,34
0.5506273387629319,0.5261148226338789,0.4673913043478261,0.7288135593220338,0.5695364238410596,0.5462249614791987,25,66,logistic_regression,Technical Specificity,544,136,34
0.5611930442438916,0.553350222689023,0.5,0.6101694915254238,0.549618320610687,0.5713185119964781,25,66,random_forest,Technical Specificity,544,136,34
0.5928901606867708,0.49755812690134726,0.4609375,1.0,0.6310160427807486,0.551948051948052,25,66,logistic_regression,Structural / Constraint Signals,544,136,34
0.43792648029936165,0.4079210532308136,0.4396551724137931,0.864406779661017,0.5828571428571429,0.5101254677525864,25,66,random_forest,Structural / Constraint Signals,544,136,34
0.5224521241470395,0.5608909061775434,0.4090909090909091,0.6101694915254238,0.4897959183673469,0.4674224081003742,25,66,logistic_regression,All Prompt Risk Features,544,136,34
0.46169931763152106,0.4288904151098504,0.4375,0.5932203389830508,0.5035971223021583,0.5044023772837332,25,66,random_forest,All Prompt Risk Features,544,136,34
0.5494166850099053,0.5059080083087684,0.45454545454545453,0.6779661016949152,0.54421768707483,0.5272947391591459,25,66,logistic_regression,Baseline + All Prompt Risk Features,544,136,34
0.556680607528065,0.4832982992324844,0.45054945054945056,0.6949152542372882,0.5466666666666666,0.5227823024433194,25,66,random_forest,Baseline + All Prompt Risk Features,544,136,34
0.46549479166666663,0.5017251056942325,0.5104166666666666,0.6805555555555556,0.5833333333333334,0.4730902777777778,26,67,logistic_regression,Baseline,544,136,34
0.5870225694444445,0.5934789442021721,0.6136363636363636,0.375,0.46551724137931033,0.5546875,26,67,random_forest,Baseline,544,136,34
0.5928819444444444,0.6716247415592174,0.5161290322580645,0.8888888888888888,0.6530612244897959,0.4756944444444444,26,67,logistic_regression,Sensitive Operation,544,136,34
0.5694444444444444,0.6199877764603984,0.5789473684210527,0.6111111111111112,0.5945945945945946,0.5555555555555556,26,67,random_forest,Sensitive Operation,544,136,34
0.6232638888888888,0.6218250022080667,0.6964285714285714,0.5416666666666666,0.609375,0.6380208333333333,26,67,logistic_regression,Technical Specificity,544,136,34
0.6006944444444444,0.6244211199966319,0.6413043478260869,0.8194444444444444,0.7195121951219512,0.6519097222222222,26,67,random_forest,Technical Specificity,544,136,34
0.5073784722222222,0.5380856144450603,0.5185185185185185,0.7777777777777778,0.6222222222222222,0.4826388888888889,26,67,logistic_regression,Structural / Constraint Signals,544,136,34
0.5073784722222222,0.5380856144450603,0.5185185185185185,0.7777777777777778,0.6222222222222222,0.4826388888888889,26,67,random_forest,Structural / Constraint Signals,544,136,34
0.6137152777777778,0.7095499694130527,0.625,0.625,0.625,0.6015625,26,67,logistic_regression,All Prompt Risk Features,544,136,34
0.5164930555555556,0.568548585035654,0.47058823529411764,0.4444444444444444,0.45714285714285713,0.4409722222222222,26,67,random_forest,All Prompt Risk Features,544,136,34
0.6228298611111112,0.7061334205416864,0.6233766233766234,0.6666666666666666,0.6442953020134228,0.6067708333333333,26,67,logistic_regression,Baseline + All Prompt Risk Features,544,136,34
0.6263020833333334,0.6577000406460853,0.6111111111111112,0.6111111111111112,0.6111111111111112,0.5868055555555556,26,67,random_forest,Baseline + All Prompt Risk Features,544,136,34
0.6209956709956711,0.5865191660011979,0.5818181818181818,0.48484848484848486,0.5289256198347108,0.5781385281385281,27,68,logistic_regression,Baseline,544,136,34
0.5193722943722944,0.5125310740280671,0.5294117647058824,0.6818181818181818,0.5960264900662252,0.5551948051948051,27,68,random_forest,Baseline,544,136,34
0.5831168831168831,0.521592979707953,0.45,0.13636363636363635,0.20930232558139536,0.4896103896103896,27,68,logistic_regression,Sensitive Operation,544,136,34
0.558874458874459,0.5828576748144519,0.5535714285714286,0.4696969696969697,0.5081967213114754,0.5562770562770563,27,68,random_forest,Sensitive Operation,544,136,34
0.5874458874458874,0.5575341252445108,0.5263157894736842,0.6060606060606061,0.5633802816901409,0.5458874458874459,27,68,logistic_regression,Technical Specificity,544,136,34
0.5484848484848485,0.5512907814809987,0.5,0.5757575757575758,0.5352112676056338,0.5164502164502165,27,68,random_forest,Technical Specificity,544,136,34
0.5489177489177489,0.5147188718272528,0.4696969696969697,0.9393939393939394,0.6262626262626263,0.4696969696969697,27,68,logistic_regression,Structural / Constraint Signals,544,136,34
0.5489177489177489,0.5147188718272528,0.52,0.7878787878787878,0.6265060240963856,0.5510822510822511,27,68,random_forest,Structural / Constraint Signals,544,136,34
0.5330086580086579,0.5424779952417741,0.42857142857142855,0.36363636363636365,0.39344262295081966,0.45324675324675323,27,68,logistic_regression,All Prompt Risk Features,544,136,34
0.44632034632034634,0.4741805629750146,0.4375,0.42424242424242425,0.4307692307692308,0.454978354978355,27,68,random_forest,All Prompt Risk Features,544,136,34
0.5577922077922078,0.5497195037799669,0.5344827586206896,0.4696969696969697,0.5,0.541991341991342,27,68,logistic_regression,Baseline + All Prompt Risk Features,544,136,34
0.516017316017316,0.5354200495020306,0.4864864864864865,0.5454545454545454,0.5142857142857142,0.5012987012987012,27,68,random_forest,Baseline + All Prompt Risk Features,544,136,34
0.5494166850099053,0.5017508483162414,0.4605263157894737,0.5932203389830508,0.5185185185185185,0.5303764032577591,28,69,logistic_regression,Baseline,544,136,34
0.4728153202729474,0.4058982742812287,0.44,0.559322033898305,0.4925373134328358,0.5069337442218798,28,69,random_forest,Baseline,544,136,34
0.6016949152542374,0.516246820505295,0.515625,0.559322033898305,0.5365853658536586,0.5783623156504512,28,69,logistic_regression,Sensitive Operation,544,136,34
0.5858463570327977,0.568769383654892,0.4375,0.4745762711864407,0.45528455284552843,0.5035219018269865,28,69,random_forest,Sensitive Operation,544,136,34
0.5330178296279992,0.4825272896848302,0.4666666666666667,0.4745762711864407,0.47058823529411764,0.5294959278010125,28,69,logistic_regression,Technical Specificity,544,136,34
0.6404358353510896,0.5838755062096007,0.48333333333333334,0.4915254237288136,0.48739495798319327,0.5444640105657055,28,69,random_forest,Technical Specificity,544,136,34
0.6395553598943429,0.5177770987683828,0.49107142857142855,0.9322033898305084,0.6432748538011696,0.595971824785384,28,69,logistic_regression,Structural / Constraint Signals,544,136,34
0.5893682588597843,0.4902963050975909,0.49038461538461536,0.864406779661017,0.6257668711656442,0.5880475456746643,28,69,random_forest,Structural / Constraint Signals,544,136,34
0.6545234426590358,0.6295594638207399,0.546875,0.5932203389830508,0.5691056910569106,0.6082984811798371,28,69,logistic_regression,All Prompt Risk Features,544,136,34
0.5708782742681049,0.5662193872426883,0.5,0.5423728813559322,0.5203252032520326,0.5633942328857583,28,69,random_forest,All Prompt Risk Features,544,136,34
0.6755447941888619,0.6457880425419371,0.576271186440678,0.576271186440678,0.576271186440678,0.6257979308826767,28,69,logistic_regression,Baseline + All Prompt Risk Features,544,136,34
0.6268985252036099,0.5358125725957115,0.5616438356164384,0.6949152542372882,0.6212121212121212,0.6396654193264363,28,69,random_forest,Baseline + All Prompt Risk Features,544,136,34
0.5805074971164936,0.4204502723028868,0.45454545454545453,0.6862745098039216,0.546875,0.596078431372549,29,70,logistic_regression,Baseline,544,136,34
0.39158016147635527,0.35005035296724973,0.26666666666666666,0.23529411764705882,0.25,0.42352941176470593,29,70,random_forest,Baseline,544,136,34
0.5798154555940023,0.45259974948137693,0.4318181818181818,0.37254901960784315,0.4,0.5392156862745099,29,70,logistic_regression,Sensitive Operation,544,136,34
0.5447520184544405,0.45274509183850953,0.3333333333333333,0.47058823529411764,0.3902439024390244,0.45294117647058824,29,70,random_forest,Sensitive Operation,544,136,34
0.7016147635524798,0.5391611818837051,0.5138888888888888,0.7254901960784313,0.6016260162601627,0.6568627450980392,29,70,logistic_regression,Technical Specificity,544,136,34
0.5050749711649366,0.41596308973188156,0.4,0.47058823529411764,0.43243243243243246,0.5235294117647058,29,70,random_forest,Technical Specificity,544,136,34
0.5733564013840831,0.4307878256793105,0.4166666666666667,0.6862745098039216,0.5185185185185185,0.5549019607843138,29,70,logistic_regression,Structural / Constraint Signals,544,136,34
0.43125720876585927,0.35735231879967866,0.3706896551724138,0.8431372549019608,0.5149700598802395,0.49215686274509807,29,70,random_forest,Structural / Constraint Signals,544,136,34
0.7023068050749711,0.5164669584621668,0.515625,0.6470588235294118,0.5739130434782609,0.6411764705882352,29,70,logistic_regression,All Prompt Risk Features,544,136,34
0.4404844290657439,0.37674980650276785,0.3392857142857143,0.37254901960784315,0.35514018691588783,0.46862745098039216,29,70,random_forest,All Prompt Risk Features,544,136,34
0.7160322952710496,0.5302834024673352,0.5818181818181818,0.6274509803921569,0.6037735849056604,0.6784313725490196,29,70,logistic_regression,Baseline + All Prompt Risk Features,544,136,34
0.49919261822376004,0.3952255951249658,0.36507936507936506,0.45098039215686275,0.40350877192982454,0.4901960784313726,29,70,random_forest,Baseline + All Prompt Risk Features,544,136,34
0.5420758928571429,0.5942837355180403,0.6119402985074627,0.5125,0.5578231292517006,0.5241071428571429,30,71,logistic_regression,Baseline,544,136,34
0.5309151785714286,0.6399200940663239,0.6666666666666666,0.625,0.6451612903225806,0.5892857142857143,30,71,random_forest,Baseline,544,136,34
0.6178571428571429,0.7301105850725935,0.6875,0.4125,0.515625,0.5723214285714285,30,71,logistic_regression,Sensitive Operation,544,136,34
0.5785714285714285,0.6792393891983253,0.6428571428571429,0.45,0.5294117647058824,0.5464285714285715,30,71,random_forest,Sensitive Operation,544,136,34
0.41696428571428573,0.6148033347431103,0.5131578947368421,0.4875,0.5,0.4133928571428571,30,71,logistic_regression,Technical Specificity,544,136,34
0.5928571428571429,0.6455907744265067,0.7023809523809523,0.7375,0.7195121951219512,0.6455357142857143,30,71,random_forest,Technical Specificity,544,136,34
0.4745535714285714,0.5719566162579233,0.5238095238095238,0.55,0.5365853658536586,0.41785714285714287,30,71,logistic_regression,Structural / Constraint Signals,544,136,34
0.49508928571428573,0.6051935369318182,0.5454545454545454,0.6,0.5714285714285714,0.44285714285714284,30,71,random_forest,Structural / Constraint Signals,544,136,34
0.6896205357142857,0.7590407151165266,0.6538461538461539,0.425,0.5151515151515151,0.5517857142857143,30,71,logistic_regression,All Prompt Risk Features,544,136,34
0.5973214285714286,0.700779725817214,0.6964285714285714,0.4875,0.5735294117647058,0.5919642857142857,30,71,random_forest,All Prompt Risk Features,544,136,34
0.7136160714285713,0.7749180662908636,0.7241379310344828,0.525,0.6086956521739131,0.6196428571428572,30,71,logistic_regression,Baseline + All Prompt Risk Features,544,136,34
0.5450892857142857,0.7080819956731871,0.6222222222222222,0.35,0.448,0.5232142857142856,30,71,random_forest,Baseline + All Prompt Risk Features,544,136,34
