classifier,feature_set,roc_auc_mean,roc_auc_std,pr_auc_mean,pr_auc_std,recall_1_mean,recall_1_std,f1_1_mean,f1_1_std,balanced_accuracy_mean,balanced_accuracy_std
logistic_regression,All Prompt Risk Features,0.6471895172875588,0.08720196198680759,0.6329268878730916,0.11290470902880625,0.5830000866801882,0.11874263919249124,0.5632856987908793,0.08372964266421921,0.5975052113652164,0.07932550067185637
logistic_regression,Baseline,0.5549896121337456,0.04888856231292026,0.5066900462950503,0.09443613359990466,0.5707043753362767,0.09224077004234317,0.5197706421492797,0.04839620798790141,0.5362879620699327,0.03574836854837264
logistic_regression,Baseline + All Prompt Risk Features,0.6502328433148677,0.08880654129275256,0.6251633043732825,0.1201567693238531,0.590303202313667,0.09711545727656695,0.5763912139709053,0.07730427481877547,0.610658295576324,0.06726774678335144
logistic_regression,Sensitive Operation,0.5993538496622748,0.09448196019569692,0.5800845599363129,0.10908822869303281,0.45301112919416847,0.1612841028736725,0.47727841707567803,0.1114580509199114,0.5607324459810967,0.07057453659119449
logistic_regression,Structural / Constraint Signals,0.5170416900361374,0.0745582471253304,0.4736855924496442,0.0885556377156919,0.8274521907696797,0.16308329513144082,0.5867450444319279,0.09556057701679696,0.5114339703793408,0.058719571222691135
logistic_regression,Technical Specificity,0.5509454068851382,0.07841182738812857,0.5328835892074527,0.07754351005993726,0.5487423291166826,0.10365167735743533,0.5095695095600183,0.0725361156946135,0.5275078425426427,0.07068173397463125
random_forest,All Prompt Risk Features,0.5565308813001596,0.07564782956086885,0.5469901640580404,0.11170659291579522,0.45609987769589766,0.12362066785350387,0.4612196721887905,0.09675682235641336,0.5277930985900415,0.06749657470703692
random_forest,Baseline,0.5303021148818778,0.06942655923089154,0.4841119077067935,0.0901187665056852,0.5445782126617154,0.1145089456201704,0.5107725794795436,0.08661092836663338,0.5366465219847069,0.05591204792422511
random_forest,Baseline + All Prompt Risk Features,0.5700792202690164,0.06913162044429572,0.5315975507477445,0.1129141080793997,0.5031036636171283,0.12022793316639671,0.49679624915231213,0.08222202631787834,0.5485467849042566,0.06682726840542272
random_forest,Sensitive Operation,0.5766292520354841,0.0796005820276857,0.5442765213282933,0.10821432201865215,0.584340957851473,0.1002917548686941,0.5339684272085362,0.07849969653448996,0.5500592506587598,0.060726607966858644
random_forest,Structural / Constraint Signals,0.46250508965778503,0.06061770443129358,0.45099915990471945,0.09140410708872136,0.7432511170432345,0.1378454547861481,0.5539965073218693,0.09354812133562683,0.48931037243115816,0.05342128097623417
random_forest,Technical Specificity,0.5701225157949762,0.08980448968952534,0.5476178259434826,0.08938873889515357,0.5713294688171452,0.14922682251057104,0.5330544727486471,0.10507045331230304,0.561107992851744,0.07433267289375903
