classifier,metric,baseline,feature_set,baseline_mean,feature_set_mean,mean_delta,median_delta,bootstrap_ci95_low,bootstrap_ci95_high,wilcoxon_statistic,wilcoxon_p_value,rank_biserial,positive_runs,negative_runs,n_pairs
logistic_regression,roc_auc,Baseline,Sensitive Operation,0.5549896121337455,0.5993538496622748,0.04436423752852915,0.05695306861053817,0.011130961342072372,0.07855960819207253,109.0,0.00993151031434536,0.5311827956989247,22,8,30
logistic_regression,roc_auc,Baseline,Technical Specificity,0.5549896121337455,0.5509454068851382,-0.004044205248607415,-0.01228978178130713,-0.037064497062008005,0.03152493072692386,215.0,0.7303419969975948,-0.07526881720430108,13,17,30
logistic_regression,roc_auc,Baseline,Structural / Constraint Signals,0.5549896121337455,0.5170416900361375,-0.037947922097608194,-0.03289592605940392,-0.07213528294524744,-0.005214920637457825,144.0,0.06989291124045849,-0.38064516129032255,11,19,30
logistic_regression,roc_auc,Baseline,All Prompt Risk Features,0.5549896121337455,0.6471895172875589,0.09219990515381314,0.09568488924123192,0.05651706547888653,0.12878512249682006,45.0,3.049522638320923e-05,0.8064516129032258,26,4,30
logistic_regression,roc_auc,Baseline,Baseline + All Prompt Risk Features,0.5549896121337455,0.6502328433148677,0.09524323118112218,0.10522983606085917,0.06068526100308966,0.1306767182293693,45.0,3.049522638320923e-05,0.8064516129032258,26,4,30
random_forest,roc_auc,Baseline,Sensitive Operation,0.5303021148818778,0.5766292520354841,0.04632713715360627,0.04545538741051658,0.013102844637536772,0.08019146350317495,117.0,0.016431212425231934,0.4967741935483871,21,9,30
random_forest,roc_auc,Baseline,Technical Specificity,0.5303021148818778,0.5701225157949762,0.03982040091309836,0.048490225869099984,-0.0033112173061244352,0.08007388933786364,144.0,0.06989291124045849,0.38064516129032255,20,10,30
random_forest,roc_auc,Baseline,Structural / Constraint Signals,0.5303021148818778,0.46250508965778503,-0.06779702522409284,-0.07324961165935676,-0.10148737412012487,-0.03755728317632706,72.0,0.0005548261106014252,-0.6903225806451613,7,23,30
random_forest,roc_auc,Baseline,All Prompt Risk Features,0.5303021148818778,0.5565308813001597,0.026228766418281712,0.02974073622279988,-0.010088328268525735,0.06017322206327122,163.0,0.15794767439365387,0.2989247311827957,17,13,30
random_forest,roc_auc,Baseline,Baseline + All Prompt Risk Features,0.5303021148818778,0.5700792202690165,0.03977710538713853,0.028185351424788008,0.00971848409190139,0.0698443383016179,112.0,0.012047622352838516,0.5182795698924731,20,10,30
logistic_regression,pr_auc,Baseline,Sensitive Operation,0.5066900462950503,0.5800845599363128,0.07339451364126251,0.05715578396221882,0.04438952841410926,0.10414634483331633,47.0,3.904104232788086e-05,0.7978494623655914,26,4,30
logistic_regression,pr_auc,Baseline,Technical Specificity,0.5066900462950503,0.5328835892074526,0.02619354291240238,0.02542846895737788,-0.002079005483171926,0.05564335789513087,154.0,0.10943205840885639,0.33763440860215055,19,11,30
logistic_regression,pr_auc,Baseline,Structural / Constraint Signals,0.5066900462950503,0.4736855924496442,-0.03300445384540615,-0.023693691035899855,-0.056267068852919204,-0.008901149954829015,125.0,0.026228994131088257,-0.46236559139784944,11,19,30
logistic_regression,pr_auc,Baseline,All Prompt Risk Features,0.5066900462950503,0.6329268878730917,0.12623684157804121,0.12373975078070704,0.09123413946930575,0.16597530048747894,25.0,1.6838312149047852e-06,0.8924731182795699,28,2,30
logistic_regression,pr_auc,Baseline,Baseline + All Prompt Risk Features,0.5066900462950503,0.6251633043732825,0.11847325807823209,0.1288655532636923,0.08511269783752408,0.15555520025905495,19.0,5.718320608139038e-07,0.9182795698924732,28,2,30
random_forest,pr_auc,Baseline,Sensitive Operation,0.4841119077067936,0.5442765213282935,0.060164613621499864,0.06381647255947412,0.03214857864348045,0.08577664524340095,69.0,0.0004183966666460037,0.7032258064516129,22,8,30
random_forest,pr_auc,Baseline,Technical Specificity,0.4841119077067936,0.5476178259434826,0.06350591823668911,0.06148600735712978,0.030208397643079133,0.09609450284519304,83.0,0.0014574769884347916,0.6430107526881721,24,6,30
random_forest,pr_auc,Baseline,Structural / Constraint Signals,0.4841119077067936,0.45099915990471945,-0.03311274780207402,-0.037682256600563624,-0.05357787341804065,-0.013723200858185224,97.0,0.004338232800364494,-0.5827956989247312,8,22,30
random_forest,pr_auc,Baseline,All Prompt Risk Features,0.4841119077067936,0.5469901640580404,0.06287825635124683,0.06650724243768696,0.02765008425689197,0.097396596500237,95.0,0.0037444327026605606,0.5913978494623656,19,11,30
random_forest,pr_auc,Baseline,Baseline + All Prompt Risk Features,0.4841119077067936,0.5315975507477445,0.04748564304095097,0.03925470647191642,0.01820581489193914,0.07717775773690859,93.0,0.0032229889184236526,0.6,21,9,30
logistic_regression,recall_1,Baseline,Sensitive Operation,0.5707043753362767,0.4530111291941685,-0.1176932461421083,-0.14644829556274996,-0.17692417571099342,-0.06052033561009479,67.0,0.001136754600840674,-0.6919540229885057,7,22,30
logistic_regression,recall_1,Baseline,Technical Specificity,0.5707043753362767,0.5487423291166826,-0.021962046219594137,-0.013694852941176505,-0.07417599944793349,0.037918387211416264,168.0,0.4254511364591589,-0.1724137931034483,12,16,30
logistic_regression,recall_1,Baseline,Structural / Constraint Signals,0.5707043753362767,0.8274521907696797,0.2567478154334029,0.3220338983050847,0.17181195884552133,0.33976852142338937,22.0,3.7533301816723484e-05,0.8916256157635468,24,4,30
logistic_regression,recall_1,Baseline,All Prompt Risk Features,0.5707043753362767,0.5830000866801882,0.012295711343911378,0.016530054644808723,-0.03692001281554278,0.06110334989129061,180.0,0.6004574855558895,0.11330049261083744,16,12,30
logistic_regression,recall_1,Baseline,Baseline + All Prompt Risk Features,0.5707043753362767,0.590303202313667,0.01959882697739022,0.015021929824561464,-0.02800136983828283,0.06552569631634395,189.0,0.3817984350025654,0.1870967741935484,16,14,30
random_forest,recall_1,Baseline,Sensitive Operation,0.5445782126617154,0.5843409578514728,0.03976274518975757,0.05440567711413369,-0.011602846327185837,0.09076899888543007,150.0,0.22747626562591206,0.26108374384236455,18,10,30
random_forest,recall_1,Baseline,Technical Specificity,0.5445782126617154,0.5713294688171452,0.02675125615542983,0.022989889263360597,-0.041991011255853326,0.09013091213264623,200.0,0.5158484429121017,0.13978494623655913,16,14,30
random_forest,recall_1,Baseline,Structural / Constraint Signals,0.5445782126617154,0.7432511170432347,0.19867290438151924,0.21463815789473684,0.13253226286392286,0.2588969554179244,33.0,5.973502993583679e-06,0.8580645161290322,24,6,30
random_forest,recall_1,Baseline,All Prompt Risk Features,0.5445782126617154,0.45609987769589766,-0.08847833496581767,-0.11156083986845436,-0.1398908063160536,-0.03784738537370744,68.0,0.003648841753448009,-0.6402116402116402,7,20,30
random_forest,recall_1,Baseline,Baseline + All Prompt Risk Features,0.5445782126617154,0.5031036636171283,-0.04147454904458695,-0.07764091078760732,-0.09734422077283596,0.010637134073460616,153.0,0.16309509244145315,-0.296551724137931,11,18,30
logistic_regression,f1_1,Baseline,Sensitive Operation,0.5197706421492797,0.47727841707567814,-0.04249222507360165,-0.05212839341344014,-0.08265460781333363,-0.0007732097987104111,143.0,0.06666470877826214,-0.3849462365591398,12,18,30
logistic_regression,f1_1,Baseline,Technical Specificity,0.5197706421492797,0.5095695095600182,-0.010201132589261417,-0.009378068729074818,-0.040570515564966256,0.0207328089658193,201.0,0.5291051845997572,-0.13548387096774195,14,16,30
logistic_regression,f1_1,Baseline,Structural / Constraint Signals,0.5197706421492797,0.5867450444319279,0.0669744022826483,0.07981513504611332,0.03168020026997929,0.10402649008794425,81.0,0.0012321043759584427,0.6516129032258065,22,8,30
logistic_regression,f1_1,Baseline,All Prompt Risk Features,0.5197706421492797,0.5632856987908793,0.04351505664159956,0.037441544598033116,0.010138137701258305,0.078475515998498,98.0,0.00466480478644371,0.578494623655914,23,7,30
logistic_regression,f1_1,Baseline,Baseline + All Prompt Risk Features,0.5197706421492797,0.5763912139709054,0.05662057182162564,0.057325626413909925,0.02338104311067649,0.08773103101893312,56.0,0.00011058151721954346,0.7591397849462366,24,6,30
random_forest,f1_1,Baseline,Sensitive Operation,0.5107725794795435,0.5339684272085363,0.023195847728992653,0.024013641484897402,-0.006604059872619008,0.054921920237765404,167.0,0.18396909348666668,0.2817204301075269,19,11,30
random_forest,f1_1,Baseline,Technical Specificity,0.5107725794795435,0.5330544727486471,0.022281893269103632,0.009811359083203741,-0.018642940535620448,0.06742383762870209,199.0,0.5027610473334789,0.14408602150537633,16,14,30
random_forest,f1_1,Baseline,Structural / Constraint Signals,0.5107725794795435,0.5539965073218694,0.04322392784232577,0.029554763047875743,0.008589722557747642,0.07761393919759788,135.0,0.044907208532094955,0.41935483870967744,18,12,30
random_forest,f1_1,Baseline,All Prompt Risk Features,0.5107725794795435,0.4612196721887905,-0.049552907290753054,-0.06521413342206772,-0.08706631854983164,-0.010196245570109334,119.0,0.018529480323195457,-0.4881720430107527,9,21,30
random_forest,f1_1,Baseline,Baseline + All Prompt Risk Features,0.5107725794795435,0.49679624915231213,-0.013976330327231416,-0.04028056628056631,-0.053775162611215885,0.026869414773029583,196.0,0.46454504504799843,-0.15698924731182795,12,18,30
