feature,spearman_rho,spearman_p_value,n_unique_values,spearman_fdr_bh
ps_chars,0.10774698704937635,0.004912429324915853,164,0.020059086410073066
ps_lines,0.15142963753644398,7.35744510538772e-05,53,0.0007138698646381988
ps_words,0.1016480052196719,0.007986200824085736,131,0.027306033618749892
ps_questions,-0.05665850116716578,0.13995987316020717,5,0.2637705301865443
ps_numeric_literal_count,0.08292449886031876,0.03060639043854173,44,0.07764610393730306
ps_identifier_count,0.1203808689427336,0.0016619081965738238,38,0.007425059926886779
ps_bullet_count,-0.12034785354368285,0.0016668501876684605,8,0.007425059926886779
ps_constraint_count,-0.07489211918661216,0.05092673807354248,10,0.10849609415667745
ps_modal_count,0.014056251045829228,0.7144502202413187,5,0.7779569064849914
ps_chars_per_line,-0.07591856577076436,0.04782407543286917,167,0.10651725891866315
ps_words_per_line,-0.04595404290112541,0.2313991652412657,161,0.39098479644213857
ps_identifier_density,0.12361788025518378,0.0012377894332457103,141,0.007425059926886779
ps_numeric_density,0.06188312303831706,0.10689862814840886,128,0.21825136580300142
ps_file_path_count,-0.04457062607822988,0.24576462825488132,8,0.3930491092754911
ps_unique_file_path_count,-0.043556409852491526,0.2566851325880758,4,0.3930491092754911
ps_test_reference_count,0.02713662032222278,0.47989920918068807,11,0.5745982598318102
ps_traceback_count,0.029339421980020233,0.44496535292055983,13,0.5590590331566008
ps_url_count,-0.0017717517255720304,0.9632172616028897,8,0.9634019159209737
ps_code_fence_count,0.016919404425575057,0.6596301249132913,5,0.7345880936534381
ps_domain_explicit_security,0.17191273595193265,6.5351156744326215e-06,2,0.0001067402226823995
ps_domain_auth,-0.09054091310656576,0.018199879137039934,2,0.05245847515970334
ps_domain_input_validation,-0.04599548918983964,0.23097816547230016,2,0.39098479644213857
ps_domain_database,0.12133259715431118,0.0015251014691908026,2,0.007425059926886779
ps_domain_network_api,-0.001762851045699812,0.9634019159209737,2,0.9634019159209737
ps_domain_filesystem,-0.05181802620115619,0.17712198410540037,2,0.3214436007838748
ps_domain_command_exec,-0.1506764752224477,7.997532565742956e-05,2,0.0007138698646381988
ps_domain_crypto_secret,0.03136614576645105,0.41414268889257677,2,0.5340260988351647
ps_domain_dependency,0.0823938801707825,0.03169228732134819,2,0.07764610393730306
ps_domain_serialization,-0.033430516916371146,0.3840814834920936,2,0.5227775747531274
ps_domain_web_output,0.0047096211530158315,0.902434445708057,2,0.9612888660803216
ps_domain_permissions,0.08456133481979412,0.0274552586992279,2,0.07473931534789818
ps_domain_concurrency,-0.10106124364697543,0.008357846318783953,2,0.027306033618749892
ps_domain_error_handling,-0.03753457382148023,0.3284079884648107,2,0.4732938657286977
ps_domain_explicit_security_count,0.17557765187146646,4.106706842300536e-06,9,0.00010061431763636313
ps_domain_auth_count,-0.09384814051588541,0.014358677943201593,8,0.04397345120105488
ps_domain_input_validation_count,-0.04035997906180922,0.29328090189508926,7,0.43547770281392045
ps_domain_database_count,0.12406599634152109,0.001187664913759938,15,0.007425059926886779
ps_domain_network_api_count,-0.04367499144875728,0.2553912337543447,11,0.3930491092754911
ps_domain_filesystem_count,-0.02708185682041637,0.48078629904294323,16,0.5745982598318102
ps_domain_command_exec_count,-0.14986970427369067,8.741263648631006e-05,5,0.0007138698646381988
ps_domain_crypto_secret_count,0.031707885370556264,0.40907254197242393,3,0.5340260988351647
ps_domain_dependency_count,0.05708768699693571,0.13697813919588553,13,0.2637705301865443
ps_domain_serialization_count,-0.03431102728958712,0.37167562296972106,6,0.5203458721576095
ps_domain_web_output_count,-0.020261671676046075,0.5978868021820891,9,0.6813128676028457
ps_domain_permissions_count,0.08164354081615514,0.03328399775798941,8,0.07766266143530862
ps_domain_concurrency_count,-0.10105947441396063,0.008358989883290783,3,0.027306033618749892
ps_domain_error_handling_count,-0.023123108243324083,0.5472087357069324,9,0.6384101916580878
ps_security_relevant_domain_count,0.0037201466379288414,0.9228602769433795,8,0.9621309270260764
ps_explicit_security_term_count,0.17557765187146646,4.106706842300536e-06,9,0.00010061431763636313
