feature,q1,q3,low_n,high_n,risk_bottom_quartile,risk_top_quartile,risk_difference_top_minus_bottom,risk_ratio_top_vs_bottom
ps_chars,588.0,1617.0,172,172,0.31976744186046513,0.5290697674418605,0.2093023255813954,1.6545454545454545
ps_lines,8.0,33.0,184,172,0.31521739130434784,0.47674418604651164,0.1615267947421638,1.51242983159583
ps_words,90.0,239.0,172,172,0.3546511627906977,0.5232558139534884,0.16860465116279072,1.4754098360655739
ps_questions,0.0,0.0,564,680,0.4734042553191489,0.46176470588235297,-0.01163954943679596,0.9754130865829479
ps_numeric_literal_count,1.0,11.0,240,176,0.39166666666666666,0.5340909090909091,0.1424242424242424,1.3636363636363635
ps_identifier_count,2.0,12.0,216,176,0.39814814814814814,0.4943181818181818,0.09617003367003368,1.2415433403805498
ps_bullet_count,0.0,0.0,632,680,0.4778481012658228,0.46176470588235297,-0.016083395383469812,0.9663420335021426
ps_constraint_count,0.0,2.0,264,208,0.49242424242424243,0.3942307692307692,-0.09819347319347321,0.8005917159763313
ps_modal_count,0.0,1.0,392,288,0.45153061224489793,0.4756944444444444,0.024163832199546487,1.0535153797865662
ps_chars_per_line,44.111111111111114,76.5,172,172,0.4883720930232558,0.4186046511627907,-0.06976744186046507,0.8571428571428572
ps_words_per_line,6.318181818181818,11.88888888888889,172,172,0.4883720930232558,0.4186046511627907,-0.06976744186046507,0.8571428571428572
ps_identifier_density,0.0204081632653061,0.0673469387755102,172,172,0.46511627906976744,0.5872093023255814,0.122093023255814,1.2625000000000002
ps_numeric_density,0.0070422535211267,0.0544217687074829,172,172,0.36046511627906974,0.47674418604651164,0.1162790697674419,1.3225806451612905
ps_file_path_count,0.0,0.0,564,680,0.4716312056737589,0.46176470588235297,-0.009866499791405914,0.9790800530738611
ps_unique_file_path_count,0.0,0.0,564,680,0.4716312056737589,0.46176470588235297,-0.009866499791405914,0.9790800530738611
ps_test_reference_count,0.0,0.0,528,680,0.4564393939393939,0.46176470588235297,0.005325311942959043,1.0116670734683917
ps_traceback_count,0.0,0.0,572,680,0.4562937062937063,0.46176470588235297,0.005470999588646663,1.0119900833896778
ps_url_count,0.0,1.0,456,224,0.45394736842105265,0.47767857142857145,0.023731203007518797,1.0522774327122153
ps_code_fence_count,0.0,0.0,612,680,0.45751633986928103,0.46176470588235297,0.004248366013071936,1.0092857142857143
ps_domain_explicit_security_count,0.0,0.0,576,680,0.4253472222222222,0.46176470588235297,0.036417483660130756,1.0856182472989198
ps_domain_auth_count,0.0,0.0,620,680,0.47580645161290325,0.46176470588235297,-0.014041745730550281,0.9704885343968096
ps_domain_input_validation_count,0.0,0.0,616,680,0.46915584415584416,0.46176470588235297,-0.0073911382734911935,0.9842458782821087
ps_domain_database_count,0.0,1.0,472,208,0.4216101694915254,0.5528846153846154,0.13127444589309,1.311364514882103
ps_domain_network_api_count,0.0,1.0,400,280,0.4625,0.4607142857142857,-0.0017857142857143349,0.996138996138996
ps_domain_filesystem_count,0.0,0.0,512,680,0.4765625,0.46176470588235297,-0.014797794117647034,0.9689488910318226
ps_domain_command_exec_count,0.0,0.0,604,680,0.48841059602649006,0.46176470588235297,-0.026645890144137097,0.945443668993021
ps_domain_dependency_count,0.0,1.0,476,204,0.43487394957983194,0.5245098039215687,0.08963585434173671,1.2061191626409018
ps_domain_serialization_count,0.0,0.0,628,680,0.46656050955414013,0.46176470588235297,-0.004795803671787169,0.9897209395703674
ps_domain_web_output_count,0.0,0.0,532,680,0.4605263157894737,0.46176470588235297,0.0012383900928792935,1.0026890756302522
ps_domain_permissions_count,0.0,0.0,612,680,0.4477124183006536,0.46176470588235297,0.014052287581699352,1.0313868613138686
ps_domain_error_handling_count,0.0,1.0,468,212,0.47435897435897434,0.4339622641509434,-0.04039671020803093,0.9148393676695564
ps_security_relevant_domain_count,1.0,3.0,228,264,0.4298245614035088,0.4431818181818182,0.013357256778309401,1.0310760667903525
ps_explicit_security_term_count,0.0,0.0,576,680,0.4253472222222222,0.46176470588235297,0.036417483660130756,1.0856182472989198
