feature,n_total,n_present,n_absent,prevalence,risk_present,risk_absent,risk_difference,risk_ratio,rr_ci95_low,rr_ci95_high,odds_ratio,or_ci95_low,or_ci95_high,fisher_p_value,a_present_risk,b_present_no_risk,c_absent_risk,d_absent_no_risk,fisher_fdr_bh,effect_direction
ps_domain_explicit_security,680,104,576,0.15294117647058825,0.6634615384615384,0.4253472222222222,0.23811431623931623,1.559811616954474,1.3204762130113015,1.842526397986169,2.6634402332361518,1.7170817859622323,4.131377977459414,9.544603434513824e-06,69,35,245,331,0.00015589518943039246,higher risk
ps_domain_explicit_security_count,680,104,576,0.15294117647058825,0.6634615384615384,0.4253472222222222,0.23811431623931623,1.559811616954474,1.3204762130113015,1.842526397986169,2.6634402332361518,1.7170817859622323,4.131377977459414,9.544603434513824e-06,69,35,245,331,0.00015589518943039246,higher risk
ps_explicit_security_term_count,680,104,576,0.15294117647058825,0.6634615384615384,0.4253472222222222,0.23811431623931623,1.559811616954474,1.3204762130113015,1.842526397986169,2.6634402332361518,1.7170817859622323,4.131377977459414,9.544603434513824e-06,69,35,245,331,0.00015589518943039246,higher risk
ps_domain_command_exec,680,76,604,0.11176470588235295,0.25,0.48841059602649006,-0.23841059602649006,0.511864406779661,0.3438455075349681,0.7619851508493218,0.34915254237288135,0.20282476932695648,0.6010483741703658,7.858454925478276e-05,19,57,295,309,0.0007701285826968711,lower risk
ps_domain_command_exec_count,680,76,604,0.11176470588235295,0.25,0.48841059602649006,-0.23841059602649006,0.511864406779661,0.3438455075349681,0.7619851508493218,0.34915254237288135,0.20282476932695648,0.6010483741703658,7.858454925478276e-05,19,57,295,309,0.0007701285826968711,lower risk
ps_security_relevant_domain_count,680,616,64,0.9058823529411765,0.4805194805194805,0.28125,0.1992694805194805,1.7085137085137085,1.1450601417683912,2.5492277529381413,2.363888888888889,1.3403620640134941,4.169000920751282,0.0023527909656870655,296,320,18,46,0.013237141636275939,higher risk
ps_domain_database,680,208,472,0.3058823529411765,0.5528846153846154,0.4216101694915254,0.13127444589309,1.311364514882103,1.1157329136756546,1.5412979843237695,1.696385151564273,1.2210811284028498,2.356700562731443,0.001976425833047777,115,93,199,273,0.013237141636275939,higher risk
ps_domain_database_count,680,208,472,0.3058823529411765,0.5528846153846154,0.4216101694915254,0.13127444589309,1.311364514882103,1.1157329136756546,1.5412979843237695,1.696385151564273,1.2210811284028498,2.356700562731443,0.001976425833047777,115,93,199,273,0.013237141636275939,higher risk
ps_bullet_count,680,48,632,0.07058823529411765,0.25,0.4778481012658228,-0.22784810126582278,0.5231788079470199,0.31836580676085197,0.859753338053898,0.36423841059602646,0.18606612858361593,0.7130240241114029,0.0024313117291119074,12,36,302,330,0.013237141636275939,lower risk
ps_domain_concurrency,680,8,672,0.011764705882352941,0.0,0.46726190476190477,-0.46726190476190477,0.11888358947182476,0.008030320788212836,1.7599929340868523,0.06705321238193211,0.003854738151074685,1.166391364218343,0.008765430875470475,0,8,314,358,0.03904601026345939,inconclusive
ps_domain_concurrency_count,680,8,672,0.011764705882352941,0.0,0.46726190476190477,-0.46726190476190477,0.11888358947182476,0.008030320788212836,1.7599929340868523,0.06705321238193211,0.003854738151074685,1.166391364218343,0.008765430875470475,0,8,314,358,0.03904601026345939,inconclusive
ps_identifier_count,680,612,68,0.9,0.477124183006536,0.3235294117647059,0.15359477124183007,1.4747474747474747,1.0355529005075048,2.100211503640409,1.9079545454545455,1.1205160562501384,3.248762502969454,0.020478011308343078,292,320,22,46,0.06809162969916051,inconclusive
ps_identifier_density,680,612,68,0.9,0.477124183006536,0.3235294117647059,0.15359477124183007,1.4747474747474747,1.0355529005075048,2.100211503640409,1.9079545454545455,1.1205160562501384,3.248762502969454,0.020478011308343078,292,320,22,46,0.06809162969916051,inconclusive
ps_domain_auth,680,60,620,0.08823529411764706,0.31666666666666665,0.47580645161290325,-0.1591397849462366,0.6655367231638417,0.4547857988464876,0.9739511018222837,0.5105415460934271,0.2897888003413831,0.8994573633639651,0.02084437643851852,19,41,295,325,0.06809162969916051,inconclusive
ps_domain_auth_count,680,60,620,0.08823529411764706,0.31666666666666665,0.47580645161290325,-0.1591397849462366,0.6655367231638417,0.4547857988464876,0.9739511018222837,0.5105415460934271,0.2897888003413831,0.8994573633639651,0.02084437643851852,19,41,295,325,0.06809162969916051,inconclusive
ps_domain_permissions,680,68,612,0.1,0.5882352941176471,0.4477124183006536,0.14052287581699346,1.313868613138686,1.0570892377242704,1.6330227108425515,1.762252346193952,1.0597670423450973,2.930392442469275,0.02961795364847604,40,28,274,338,0.08536939581031329,inconclusive
ps_domain_permissions_count,680,68,612,0.1,0.5882352941176471,0.4477124183006536,0.14052287581699346,1.313868613138686,1.0570892377242704,1.6330227108425515,1.762252346193952,1.0597670423450973,2.930392442469275,0.02961795364847604,40,28,274,338,0.08536939581031329,inconclusive
ps_domain_dependency,680,204,476,0.3,0.5245098039215687,0.43487394957983194,0.08963585434173671,1.2061191626409018,1.0216316657096662,1.423921637627668,1.4334877234922059,1.0314404425659072,1.9922498368310426,0.035859842176062584,107,97,207,269,0.09248064561195087,inconclusive
ps_domain_dependency_count,680,204,476,0.3,0.5245098039215687,0.43487394957983194,0.08963585434173671,1.2061191626409018,1.0216316657096662,1.423921637627668,1.4334877234922059,1.0314404425659072,1.9922498368310426,0.035859842176062584,107,97,207,269,0.09248064561195087,inconclusive
ps_numeric_literal_count,680,540,140,0.7941176470588235,0.47962962962962963,0.39285714285714285,0.08677248677248678,1.220875420875421,0.975977966966252,1.5272238142126795,1.4244581041734066,0.9752353494236244,2.080606380546507,0.07110311558133901,259,281,55,85,0.16590726968979103,inconclusive
ps_numeric_density,680,540,140,0.7941176470588235,0.47962962962962963,0.39285714285714285,0.08677248677248678,1.220875420875421,0.975977966966252,1.5272238142126795,1.4244581041734066,0.9752353494236244,2.080606380546507,0.07110311558133901,259,281,55,85,0.16590726968979103,inconclusive
ps_domain_filesystem,680,168,512,0.24705882352941178,0.4166666666666667,0.4765625,-0.059895833333333315,0.8743169398907105,0.7153782759874948,1.0685676893454041,0.7845433255269321,0.551557902120349,1.1159449030875361,0.18221265772285988,70,98,244,268,0.3785665900885565,inconclusive
ps_domain_filesystem_count,680,168,512,0.24705882352941178,0.4166666666666667,0.4765625,-0.059895833333333315,0.8743169398907105,0.7153782759874948,1.0685676893454041,0.7845433255269321,0.551557902120349,1.1159449030875361,0.18221265772285988,70,98,244,268,0.3785665900885565,inconclusive
ps_questions,680,116,564,0.17058823529411765,0.4051724137931034,0.4734042553191489,-0.0682318415260455,0.8558698179000387,0.6752388870172237,1.0848207342264053,0.7576941866145579,0.5049263965771118,1.1369983512870683,0.1854203706556195,47,69,267,297,0.3785665900885565,inconclusive
ps_constraint_count,680,416,264,0.611764705882353,0.4423076923076923,0.49242424242424243,-0.05011655011655014,0.8982248520710059,0.7629533582364438,1.0574799575466916,0.8175066312997348,0.6000309028030124,1.1138044542323284,0.20757029906070146,184,232,130,134,0.40683778615897487,inconclusive
ps_domain_input_validation,680,64,616,0.09411764705882353,0.390625,0.46915584415584416,-0.07853084415584416,0.8326124567474048,0.606223535896164,1.1435443563010892,0.7253127495342028,0.42842162248526505,1.227945922955742,0.23911739341048033,25,39,289,327,0.4339537880412421,inconclusive
ps_domain_input_validation_count,680,64,616,0.09411764705882353,0.390625,0.46915584415584416,-0.07853084415584416,0.8326124567474048,0.606223535896164,1.1435443563010892,0.7253127495342028,0.42842162248526505,1.227945922955742,0.23911739341048033,25,39,289,327,0.4339537880412421,inconclusive
ps_file_path_count,680,116,564,0.17058823529411765,0.41379310344827586,0.4716312056737589,-0.057838102225483023,0.8773658283640134,0.6946274530096133,1.108177906654401,0.7908005307386112,0.5275564789358912,1.1854000555122817,0.2626497910267607,48,68,266,298,0.44378757794176815,inconclusive
ps_unique_file_path_count,680,116,564,0.17058823529411765,0.41379310344827586,0.4716312056737589,-0.057838102225483023,0.8773658283640134,0.6946274530096133,1.108177906654401,0.7908005307386112,0.5275564789358912,1.1854000555122817,0.2626497910267607,48,68,266,298,0.44378757794176815,inconclusive
ps_domain_error_handling,680,212,468,0.31176470588235294,0.4339622641509434,0.47435897435897434,-0.04039671020803093,0.9148393676695564,0.7634386054242891,1.0962650600736918,0.8495495495495495,0.612823501371392,1.1777199071587934,0.36117272636538966,92,120,222,246,0.5708859223194869,inconclusive
ps_domain_error_handling_count,680,212,468,0.31176470588235294,0.4339622641509434,0.47435897435897434,-0.04039671020803093,0.9148393676695564,0.7634386054242891,1.0962650600736918,0.8495495495495495,0.612823501371392,1.1777199071587934,0.36117272636538966,92,120,222,246,0.5708859223194869,inconclusive
ps_domain_crypto_secret,680,16,664,0.023529411764705882,0.5625,0.45933734939759036,0.10316265060240964,1.2245901639344263,0.7887279928880819,1.9013158948673663,1.5133489461358314,0.5570352258440694,4.111454584043726,0.4548888540381837,9,7,305,359,0.657429455230343,inconclusive
ps_domain_crypto_secret_count,680,16,664,0.023529411764705882,0.5625,0.45933734939759036,0.10316265060240964,1.2245901639344263,0.7887279928880819,1.9013158948673663,1.5133489461358314,0.5570352258440694,4.111454584043726,0.4548888540381837,9,7,305,359,0.657429455230343,inconclusive
ps_domain_serialization,680,52,628,0.07647058823529412,0.40384615384615385,0.46656050955414013,-0.06271435570798628,0.8655815174586505,0.61569148086631,1.2168941534026303,0.7745238357370913,0.43552639802019155,1.3773841834888851,0.46959246802167354,21,31,293,335,0.657429455230343,inconclusive
ps_domain_serialization_count,680,52,628,0.07647058823529412,0.40384615384615385,0.46656050955414013,-0.06271435570798628,0.8655815174586505,0.61569148086631,1.2168941534026303,0.7745238357370913,0.43552639802019155,1.3773841834888851,0.46959246802167354,21,31,293,335,0.657429455230343,inconclusive
ps_code_fence_count,680,68,612,0.1,0.5,0.45751633986928103,0.04248366013071897,1.092857142857143,0.8486932125992321,1.4072655665951044,1.1857142857142857,0.7182688223176193,1.957370727592628,0.5236529632115686,34,34,280,332,0.6894454186122246,inconclusive
ps_traceback_count,680,108,572,0.1588235294117647,0.49074074074074076,0.4562937062937063,0.03444703444703445,1.0754931176387115,0.8700981769638539,1.3293734853282964,1.1482410309996516,0.7608300194043425,1.7329198791385356,0.5290502101462362,53,55,261,311,0.6894454186122246,inconclusive
ps_modal_count,680,288,392,0.4235294117647059,0.4756944444444444,0.45153061224489793,0.024163832199546487,1.0535153797865662,0.8949586803605447,1.2401630151234453,1.1020690687319938,0.8123270774811336,1.495156650473728,0.5346719572911129,137,151,177,215,0.6894454186122246,inconclusive
ps_url_count,680,224,456,0.32941176470588235,0.47767857142857145,0.45394736842105265,0.023731203007518797,1.0522774327122153,0.8878069613801598,1.2472168428078694,1.100086708782361,0.798428172079694,1.515716515472369,0.5677453526885397,107,117,207,249,0.7133210841471396,inconclusive
ps_test_reference_count,680,152,528,0.2235294117647059,0.48026315789473684,0.4564393939393939,0.023823763955342914,1.0521948023585936,0.8703188409662749,1.272078518811867,1.100425442512737,0.7667055603899191,1.5794018161463632,0.6446217895704702,73,79,241,287,0.7896616922238261,inconclusive
ps_domain_web_output,680,148,532,0.21764705882352942,0.46621621621621623,0.4605263157894737,0.005689900426742556,1.0123552123552124,0.8326784965517174,1.230802861160608,1.0231464737793852,0.7101299773960771,1.474136763872057,0.9258972429140531,69,79,245,287,1.0,inconclusive
ps_domain_web_output_count,680,148,532,0.21764705882352942,0.46621621621621623,0.4605263157894737,0.005689900426742556,1.0123552123552124,0.8326784965517174,1.230802861160608,1.0231464737793852,0.7101299773960771,1.474136763872057,0.9258972429140531,69,79,245,287,1.0,inconclusive
ps_domain_network_api,680,280,400,0.4117647058823529,0.4607142857142857,0.4625,-0.0017857142857143349,0.996138996138996,0.8446321412951864,1.174822566078521,0.9928405226418472,0.7308580996717674,1.3487328167293138,1.0,129,151,185,215,1.0,inconclusive
ps_domain_network_api_count,680,280,400,0.4117647058823529,0.4607142857142857,0.4625,-0.0017857142857143349,0.996138996138996,0.8446321412951864,1.174822566078521,0.9928405226418472,0.7308580996717674,1.3487328167293138,1.0,129,151,185,215,1.0,inconclusive
ps_chars,680,680,0,1.0,0.46176470588235297,,,0.9236417033773862,0.12988948786589577,6.567998767526712,0.8581173260572987,0.01697801014993975,43.37171074681807,1.0,314,366,0,0,1.0,inconclusive
ps_lines,680,680,0,1.0,0.46176470588235297,,,0.9236417033773862,0.12988948786589577,6.567998767526712,0.8581173260572987,0.01697801014993975,43.37171074681807,1.0,314,366,0,0,1.0,inconclusive
ps_words,680,680,0,1.0,0.46176470588235297,,,0.9236417033773862,0.12988948786589577,6.567998767526712,0.8581173260572987,0.01697801014993975,43.37171074681807,1.0,314,366,0,0,1.0,inconclusive
ps_chars_per_line,680,680,0,1.0,0.46176470588235297,,,0.9236417033773862,0.12988948786589577,6.567998767526712,0.8581173260572987,0.01697801014993975,43.37171074681807,1.0,314,366,0,0,1.0,inconclusive
ps_words_per_line,680,680,0,1.0,0.46176470588235297,,,0.9236417033773862,0.12988948786589577,6.567998767526712,0.8581173260572987,0.01697801014993975,43.37171074681807,1.0,314,366,0,0,1.0,inconclusive
